-- --------------------------------------------------------
-- Host:                         127.0.0.1
-- Versión del servidor:         10.4.19-MariaDB - mariadb.org binary distribution
-- SO del servidor:              Win64
-- HeidiSQL Versión:             11.2.0.6213
-- --------------------------------------------------------

/*!40101 SET @OLD_CHARACTER_SET_CLIENT=@@CHARACTER_SET_CLIENT */;
/*!40101 SET NAMES utf8 */;
/*!50503 SET NAMES utf8mb4 */;
/*!40014 SET @OLD_FOREIGN_KEY_CHECKS=@@FOREIGN_KEY_CHECKS, FOREIGN_KEY_CHECKS=0 */;
/*!40101 SET @OLD_SQL_MODE=@@SQL_MODE, SQL_MODE='NO_AUTO_VALUE_ON_ZERO' */;
/*!40111 SET @OLD_SQL_NOTES=@@SQL_NOTES, SQL_NOTES=0 */;

-- Volcando estructura para tabla appquantika.articulos
CREATE TABLE IF NOT EXISTS `articulos` (
  `id` bigint(20) unsigned NOT NULL AUTO_INCREMENT,
  `nombres` varchar(60) COLLATE utf8mb4_unicode_ci DEFAULT '',
  `descripcion` text COLLATE utf8mb4_unicode_ci DEFAULT '',
  `image` varchar(200) COLLATE utf8mb4_unicode_ci DEFAULT '',
  `sotck` bigint(20) DEFAULT 0,
  `existencia` bigint(20) DEFAULT 0,
  `cajanumero` bigint(20) DEFAULT 1,
  `cajaunidad` bigint(20) DEFAULT 1,
  `status` tinyint(1) DEFAULT 1,
  `precio` double(8,2) DEFAULT 0.00,
  `marca_id` bigint(20) unsigned NOT NULL,
  `created_at` timestamp NULL DEFAULT NULL,
  `updated_at` timestamp NULL DEFAULT NULL,
  PRIMARY KEY (`id`),
  KEY `articulos_marca_id_foreign` (`marca_id`),
  CONSTRAINT `articulos_marca_id_foreign` FOREIGN KEY (`marca_id`) REFERENCES `marcas` (`id`)
) ENGINE=InnoDB DEFAULT CHARSET=utf8mb4 COLLATE=utf8mb4_unicode_ci;

-- Volcando datos para la tabla appquantika.articulos: ~0 rows (aproximadamente)
/*!40000 ALTER TABLE `articulos` DISABLE KEYS */;
/*!40000 ALTER TABLE `articulos` ENABLE KEYS */;

-- Volcando estructura para tabla appquantika.cajadetalles
CREATE TABLE IF NOT EXISTS `cajadetalles` (
  `id` bigint(20) unsigned NOT NULL AUTO_INCREMENT,
  `caja_id` bigint(20) unsigned NOT NULL,
  `cclicontratocliente_id` bigint(20) unsigned NOT NULL,
  `fechainicio` date DEFAULT current_timestamp(),
  `fechafinal` date DEFAULT current_timestamp(),
  `monto` double(8,2) DEFAULT 0.00,
  `abonado` double(8,2) DEFAULT 0.00,
  `status` tinyint(1) DEFAULT 1,
  `created_at` timestamp NULL DEFAULT NULL,
  `updated_at` timestamp NULL DEFAULT NULL,
  PRIMARY KEY (`id`),
  KEY `cajadetalles_caja_id_foreign` (`caja_id`),
  KEY `cajadetalles_cclicontratocliente_id_foreign` (`cclicontratocliente_id`),
  CONSTRAINT `cajadetalles_caja_id_foreign` FOREIGN KEY (`caja_id`) REFERENCES `cajas` (`id`),
  CONSTRAINT `cajadetalles_cclicontratocliente_id_foreign` FOREIGN KEY (`cclicontratocliente_id`) REFERENCES `cclicontratoclientes` (`id`)
) ENGINE=InnoDB AUTO_INCREMENT=7 DEFAULT CHARSET=utf8mb4 COLLATE=utf8mb4_unicode_ci;

-- Volcando datos para la tabla appquantika.cajadetalles: ~2 rows (aproximadamente)
/*!40000 ALTER TABLE `cajadetalles` DISABLE KEYS */;
INSERT INTO `cajadetalles` (`id`, `caja_id`, `cclicontratocliente_id`, `fechainicio`, `fechafinal`, `monto`, `abonado`, `status`, `created_at`, `updated_at`) VALUES
	(4, 5, 3, '2021-06-01', '2021-06-09', 15.00, 0.00, 1, '2021-06-29 10:03:51', '2021-06-29 10:03:51'),
	(5, 5, 2, '2021-06-01', '2021-06-29', 22.00, 5.00, 1, '2021-06-29 10:45:57', '2021-06-29 10:45:57'),
	(6, 8, 2, '2021-06-28', '2021-07-02', 12.00, 0.00, 1, '2021-07-02 11:33:20', '2021-07-02 11:33:20');
/*!40000 ALTER TABLE `cajadetalles` ENABLE KEYS */;

-- Volcando estructura para tabla appquantika.cajaextras
CREATE TABLE IF NOT EXISTS `cajaextras` (
  `id` bigint(20) unsigned NOT NULL AUTO_INCREMENT,
  `descripcion` varchar(200) COLLATE utf8mb4_unicode_ci DEFAULT '',
  `nombre` varchar(200) COLLATE utf8mb4_unicode_ci DEFAULT '',
  `ingresapor` varchar(200) COLLATE utf8mb4_unicode_ci DEFAULT '',
  `caja_id` bigint(20) unsigned NOT NULL,
  `monto` double(8,2) DEFAULT 0.00,
  `observacion` varchar(255) COLLATE utf8mb4_unicode_ci DEFAULT '',
  `factura` varchar(50) COLLATE utf8mb4_unicode_ci DEFAULT '',
  `recibo` varchar(50) COLLATE utf8mb4_unicode_ci DEFAULT '',
  `online` varchar(50) COLLATE utf8mb4_unicode_ci DEFAULT '',
  `image` varchar(255) COLLATE utf8mb4_unicode_ci DEFAULT '',
  `created_at` timestamp NULL DEFAULT NULL,
  `updated_at` timestamp NULL DEFAULT NULL,
  PRIMARY KEY (`id`),
  KEY `cajaextras_caja_id_foreign` (`caja_id`),
  CONSTRAINT `cajaextras_caja_id_foreign` FOREIGN KEY (`caja_id`) REFERENCES `cajas` (`id`)
) ENGINE=InnoDB AUTO_INCREMENT=10 DEFAULT CHARSET=utf8mb4 COLLATE=utf8mb4_unicode_ci;

-- Volcando datos para la tabla appquantika.cajaextras: ~2 rows (aproximadamente)
/*!40000 ALTER TABLE `cajaextras` DISABLE KEYS */;
INSERT INTO `cajaextras` (`id`, `descripcion`, `nombre`, `ingresapor`, `caja_id`, `monto`, `observacion`, `factura`, `recibo`, `online`, `image`, `created_at`, `updated_at`) VALUES
	(8, '4545', 'S-N', 'Instalacion', 5, 13.00, '4545', '45', '4545', NULL, '/storage/cobrosextras/2fR0KTm4VUWrnCJoLrANPicKxjwicnLDLsv6wMyI.png', '2021-06-29 10:04:19', '2021-06-29 10:04:19'),
	(9, '87878', 'WAGNER JAVIER  COBO GARCIA', 'Instalacion', 5, 20.00, '123213', '342dssf', '3423', '23123', '/storage/cobrosextras/Jh9dxg8t7xBs6LYkU2pI4wRHZZI69lsnNIEmLBhv.jpg', '2021-06-29 10:06:15', '2021-06-29 10:06:15');
/*!40000 ALTER TABLE `cajaextras` ENABLE KEYS */;

-- Volcando estructura para tabla appquantika.cajas
CREATE TABLE IF NOT EXISTS `cajas` (
  `id` bigint(20) unsigned NOT NULL AUTO_INCREMENT,
  `fecha` date DEFAULT current_timestamp(),
  `saldocaja` double(8,2) DEFAULT 0.00,
  `cajaprincipal` double(8,2) DEFAULT 0.00,
  `cajafinal` double(8,2) DEFAULT 0.00,
  `saldoingeniero` double(8,2) DEFAULT 0.00,
  `status` tinyint(1) DEFAULT 1,
  `created_at` timestamp NULL DEFAULT NULL,
  `updated_at` timestamp NULL DEFAULT NULL,
  PRIMARY KEY (`id`)
) ENGINE=InnoDB AUTO_INCREMENT=12 DEFAULT CHARSET=utf8mb4 COLLATE=utf8mb4_unicode_ci;

-- Volcando datos para la tabla appquantika.cajas: ~1 rows (aproximadamente)
/*!40000 ALTER TABLE `cajas` DISABLE KEYS */;
INSERT INTO `cajas` (`id`, `fecha`, `saldocaja`, `cajaprincipal`, `cajafinal`, `saldoingeniero`, `status`, `created_at`, `updated_at`) VALUES
	(5, '2021-06-29', 85.94, 45.30, 85.94, 0.00, 1, '2021-06-29 10:03:03', '2021-06-29 10:45:57'),
	(6, '2021-06-30', 7.94, 42.30, 7.94, 0.00, 1, '2021-06-30 10:00:08', '2021-06-30 11:14:13'),
	(7, '2021-07-01', 60.30, 60.30, 60.30, 0.00, 1, '2021-07-01 13:52:30', '2021-07-01 13:52:30'),
	(8, '2021-07-02', 57.30, 45.30, 57.30, 0.00, 1, '2021-07-02 09:32:41', '2021-07-02 11:33:20'),
	(9, '2021-07-05', 45.60, 45.60, 45.60, 0.00, 1, '2021-07-05 15:02:35', '2021-07-05 15:02:35'),
	(10, '2021-07-06', 30.00, 30.00, 30.00, 0.00, 1, '2021-07-06 09:05:52', '2021-07-06 09:05:52'),
	(11, '2021-07-12', 45.31, 45.31, 45.31, 0.00, 1, '2021-07-12 11:09:14', '2021-07-12 11:09:14');
/*!40000 ALTER TABLE `cajas` ENABLE KEYS */;

-- Volcando estructura para tabla appquantika.cantons
CREATE TABLE IF NOT EXISTS `cantons` (
  `id` bigint(20) unsigned NOT NULL AUTO_INCREMENT,
  `name` varchar(50) COLLATE utf8mb4_unicode_ci NOT NULL,
  `provincia_id` bigint(20) unsigned NOT NULL,
  `created_at` timestamp NULL DEFAULT NULL,
  `updated_at` timestamp NULL DEFAULT NULL,
  PRIMARY KEY (`id`),
  UNIQUE KEY `cantons_name_unique` (`name`),
  KEY `cantons_provincia_id_foreign` (`provincia_id`),
  CONSTRAINT `cantons_provincia_id_foreign` FOREIGN KEY (`provincia_id`) REFERENCES `provincias` (`id`) ON DELETE CASCADE
) ENGINE=InnoDB AUTO_INCREMENT=5 DEFAULT CHARSET=utf8mb4 COLLATE=utf8mb4_unicode_ci;

-- Volcando datos para la tabla appquantika.cantons: ~4 rows (aproximadamente)
/*!40000 ALTER TABLE `cantons` DISABLE KEYS */;
INSERT INTO `cantons` (`id`, `name`, `provincia_id`, `created_at`, `updated_at`) VALUES
	(1, 'NARANJITO', 1, '2021-04-28 11:21:12', '2021-04-28 11:21:12'),
	(2, 'MILAGRO', 1, '2021-04-28 11:53:51', '2021-04-28 11:53:51'),
	(3, 'SIMÓN BOLIVAR', 1, '2021-04-28 12:18:15', '2021-04-28 12:18:16'),
	(4, 'MARCELINO MARIDUEÑA', 1, '2021-04-28 12:19:16', '2021-04-28 12:19:17');
/*!40000 ALTER TABLE `cantons` ENABLE KEYS */;

-- Volcando estructura para tabla appquantika.cclicontratoclientes
CREATE TABLE IF NOT EXISTS `cclicontratoclientes` (
  `id` bigint(20) unsigned NOT NULL AUTO_INCREMENT,
  `contratocodigo` varchar(255) COLLATE utf8mb4_unicode_ci DEFAULT '00000',
  `documentocodigo` varchar(255) COLLATE utf8mb4_unicode_ci DEFAULT '00000',
  `fecha` date DEFAULT current_timestamp(),
  `direccion` varchar(100) COLLATE utf8mb4_unicode_ci NOT NULL,
  `cdaorecinto` varchar(150) COLLATE utf8mb4_unicode_ci NOT NULL,
  `sector` varchar(150) COLLATE utf8mb4_unicode_ci NOT NULL,
  `tipodevivienda` varchar(150) COLLATE utf8mb4_unicode_ci NOT NULL,
  `gps` varchar(255) COLLATE utf8mb4_unicode_ci DEFAULT '',
  `latitud` varchar(255) COLLATE utf8mb4_unicode_ci DEFAULT '',
  `longitud` varchar(255) COLLATE utf8mb4_unicode_ci DEFAULT '',
  `contacto` varchar(10) COLLATE utf8mb4_unicode_ci NOT NULL,
  `contacto1` varchar(10) COLLATE utf8mb4_unicode_ci DEFAULT '0000000000',
  `cclicontratotipocliente_id` bigint(20) unsigned NOT NULL,
  `canton_id` bigint(20) unsigned NOT NULL,
  `cliente_id` bigint(20) unsigned NOT NULL,
  `rnombre` varchar(100) COLLATE utf8mb4_unicode_ci DEFAULT 'Sin Dato',
  `rapellido` varchar(100) COLLATE utf8mb4_unicode_ci DEFAULT 'Sin Dato',
  `rparantesco` varchar(100) COLLATE utf8mb4_unicode_ci DEFAULT 'Sin Valor',
  `rcelular` varchar(10) COLLATE utf8mb4_unicode_ci DEFAULT '0000000000',
  `nombre` varchar(100) COLLATE utf8mb4_unicode_ci DEFAULT 'Sin Dato',
  `apellido` varchar(100) COLLATE utf8mb4_unicode_ci DEFAULT 'Sin Dato',
  `parantesco` varchar(100) COLLATE utf8mb4_unicode_ci DEFAULT 'Sin Valor',
  `celular` varchar(10) COLLATE utf8mb4_unicode_ci DEFAULT '0000000000',
  `tipodeservicio` varchar(255) COLLATE utf8mb4_unicode_ci NOT NULL DEFAULT '1',
  `servicio` tinyint(1) NOT NULL DEFAULT 1,
  `anchodebanda` varchar(255) COLLATE utf8mb4_unicode_ci NOT NULL DEFAULT '1',
  `comportacion` varchar(255) COLLATE utf8mb4_unicode_ci NOT NULL DEFAULT '1',
  `modalidadequipo` varchar(255) COLLATE utf8mb4_unicode_ci NOT NULL DEFAULT '1',
  `tarifa` bigint(20) unsigned DEFAULT 23,
  `ffoto` varchar(255) COLLATE utf8mb4_unicode_ci DEFAULT '',
  `archivo` varchar(255) COLLATE utf8mb4_unicode_ci DEFAULT '',
  `eliminar` tinyint(1) NOT NULL DEFAULT 1,
  `promocion` tinyint(1) NOT NULL DEFAULT 1,
  `created_at` timestamp NULL DEFAULT NULL,
  `updated_at` timestamp NULL DEFAULT NULL,
  PRIMARY KEY (`id`),
  KEY `cclicontratoclientes_cclicontratotipocliente_id_foreign` (`cclicontratotipocliente_id`),
  KEY `cclicontratoclientes_canton_id_foreign` (`canton_id`),
  KEY `cclicontratoclientes_cliente_id_foreign` (`cliente_id`),
  CONSTRAINT `cclicontratoclientes_canton_id_foreign` FOREIGN KEY (`canton_id`) REFERENCES `cantons` (`id`) ON DELETE CASCADE,
  CONSTRAINT `cclicontratoclientes_cclicontratotipocliente_id_foreign` FOREIGN KEY (`cclicontratotipocliente_id`) REFERENCES `cclicontratotipoclientes` (`id`) ON DELETE CASCADE,
  CONSTRAINT `cclicontratoclientes_cliente_id_foreign` FOREIGN KEY (`cliente_id`) REFERENCES `clientes` (`id`) ON DELETE CASCADE
) ENGINE=InnoDB AUTO_INCREMENT=480 DEFAULT CHARSET=utf8mb4 COLLATE=utf8mb4_unicode_ci;

-- Volcando datos para la tabla appquantika.cclicontratoclientes: ~479 rows (aproximadamente)
/*!40000 ALTER TABLE `cclicontratoclientes` DISABLE KEYS */;
INSERT INTO `cclicontratoclientes` (`id`, `contratocodigo`, `documentocodigo`, `fecha`, `direccion`, `cdaorecinto`, `sector`, `tipodevivienda`, `gps`, `latitud`, `longitud`, `contacto`, `contacto1`, `cclicontratotipocliente_id`, `canton_id`, `cliente_id`, `rnombre`, `rapellido`, `rparantesco`, `rcelular`, `nombre`, `apellido`, `parantesco`, `celular`, `tipodeservicio`, `servicio`, `anchodebanda`, `comportacion`, `modalidadequipo`, `tarifa`, `ffoto`, `archivo`, `eliminar`, `promocion`, `created_at`, `updated_at`) VALUES
	(1, '001', '11254393', '2019-01-10', 'AV PAPELERA FRENTE A LA PANADERIA DOÑA SARITA ', 'CENTRO MARCELINO', 'CENTRO MARCELINO', '""', '""', '""', '""', '0991989150', '', 1, 4, 1, ' YUQUILEMA CASTRO CHRITIAN ARMANDO', '', 'ESPOSO', '0939561239', '', '""', '', '', 'Domestico', 1, '6 MB', '2,1', 'Alquiler', 22, '""', '""', 1, 1, '2021-06-25 00:00:00', '2021-06-30 13:52:35'),
	(2, '002', '11007615', '2019-06-05', 'CDLA LOS PARQUES DOS CERCA A LA CANCHA DE LA LIGA ', 'CDLA LOS PARQUES 2', 'CDLA LOS PARQUES 2', '""', '""', '""', '""', '0969608667', '', 1, 4, 2, 'MIRANDA BARAHONA ERIKA ', '', 'ESPOSA', '0989078219', '', '""', '', '', 'Domestico', 1, '6 MB', '2,1', 'Alquiler', 22, '""', '""', 1, 1, '2021-06-25 00:00:00', '2021-06-25 00:00:00'),
	(3, '003', '11007540', '2019-01-10', 'CDLA LOS PARQUES CALLE IACHI', 'CDLA LOS PARQUES', 'CDLA LOS PARQUES', '""', '""', '""', '""', '0979597898', '', 1, 4, 3, '', '', '', '', '', '""', '', '', 'Domestico', 1, '6 MB', '2,1', 'Alquiler', 22, '""', '""', 1, 1, '2021-06-25 00:00:00', '2021-06-25 00:00:00'),
	(4, '004', '11007241', '2019-01-25', 'CDLA LOS PARQUES CALLE S/N Y LA M POR LA SUBERTACION', 'CDLA LOS PARQUES', 'CDLA LOS PARQUES', '""', '""', '""', '""', '0918086570', '', 1, 4, 4, 'LIMONES GALVEZ AURELIO ALFONSO ', '', 'HERMANO', '0995781321', '', '""', '', '', 'Domestico', 1, '6 MB', '2,1', 'Alquiler', 22, '""', '""', 0, 1, '2021-06-25 00:00:00', '2021-06-25 00:00:00'),
	(5, '005', '11007342', '2019-08-23', 'CDLA LOS PARQUES 2 MANZANA 32 VILLA 7 A LADO DE MINIMARKET SUSANITA', 'CDLA LOS PARQUES 2', 'CDLA LOS PARQUES 2', '""', '""', '""', '""', '0969643312', '', 1, 4, 5, 'FLORES RIOS ALICIA MARIA', '', 'PRIMA', '042272931', '', '""', '', '', 'Domestico', 1, '6 MB', '2,1', 'Alquiler', 22, '""', '""', 0, 1, '2021-06-25 00:00:00', '2021-06-25 00:00:00'),
	(6, '006', '11254186', '2019-08-01', 'CDLA BRASILIA COMITÉ DE EMPRESA ', 'CDLA BRASILIA ', 'CDLA BRASILIA ', '""', '""', '""', '""', '0993417328', '', 1, 4, 6, 'ALBAN FRANKLIN ', '', 'COMPAÑERO ', '0981605077', 'BAJAÑA JUANA ', '""', 'COMPAÑERO', '094077218', 'Domestico', 1, '10 MB', '2,1', 'Alquiler', 30, '""', '""', 0, 1, '2021-06-25 00:00:00', '2021-06-25 00:00:00'),
	(7, '007', '11007593', '2019-03-30', 'RCTO BARRANCO ALTO A 500M DE LAS PISCINAS ', 'RCTO BARRANCO ALTO', 'RCTO BARRANCO ALTO', '""', '""', '""', '""', '0981595175', '', 1, 4, 7, 'VILLAO GARCIA MAELO', '', 'HIJO', '0967448540', '', '""', '', '', 'Domestico', 1, '6 MB', '2,1', 'Alquiler', 22, '""', '""', 0, 1, '2021-06-25 00:00:00', '2021-06-25 00:00:00'),
	(8, '008', '11254619', '2019-06-24', 'PARROQUIA LORENZO DE GARAICOA AV. RICARDO GILMART Y 10 DE AGOSTO', 'CENTRO GARAICOA', 'CENTRO GARAICOA', '""', '""', '""', '""', '0990780671', '', 1, 3, 8, '', '', '', '', '', '""', '', '', 'Domestico', 1, '6 MB', '2,1', 'Alquiler', 22, '""', '""', 1, 1, '2021-06-25 00:00:00', '2021-06-25 00:00:00'),
	(9, '009', '11254657', '2019-08-19', 'PARROQUIA LORENZO DE GARAICOA CALLES ABDON CALDERON Y FEBRES CORDERO', 'CENTRO GARAICOA', 'CENTRO GARAICOA', '""', '""', '""', '""', '043030421', '0995188354', 1, 3, 9, '', '', '', '', '', '""', '', '', 'Domestico', 1, '10 MB', '2,1', 'Alquiler', 30, '""', '""', 0, 1, '2021-06-25 00:00:00', '2021-06-25 00:00:00'),
	(10, '010', '11254200', '2019-01-10', 'PARROQUIA ROBERTO ASTUDILLO RCTO MANGA DE JEJEN', 'MANGA DE JEJEN', 'MANGA DE JEJEN', '""', '""', '""', '""', '0985960858', '', 1, 2, 10, '', '', '', '', '', '""', '', '', 'Domestico', 1, '6 MB', '2,1', 'Alquiler', 22, '""', '""', 1, 1, '2021-06-25 00:00:00', '2021-06-25 00:00:00'),
	(11, '011', '11003640', '2019-07-29', 'PARROQUIA ROBERTO ASTUDILLO SECTOR VENECIA CENTRAL', 'VENECIA CENTRAL ', 'VENECIA CENTRAL ', '""', '""', '""', '""', '0959938838', '', 1, 2, 11, 'AVELINO MORA FREDDY ', '', 'ESPOSO', '0959938838', '', '""', '', '', 'Domestico', 1, '6 MB', '2,1', 'Alquiler', 22, '""', '""', 1, 1, '2021-06-25 00:00:00', '2021-06-25 00:00:00'),
	(12, '012', '11002333', '2019-01-16', 'CDLA ELIECER PEREZ PASANDO LAS CANCHAS MULTIPLES ', 'CDLA ELIECER PEREZ ', 'CDLA ELIECER PEREZ ', '""', '""', '""', '""', '0993970851', '', 1, 1, 12, 'PEREZ POZO JUAN ', '', 'ESPOSO', '0980578344', '', '""', '', '', 'Domestico', 1, '6 MB', '2,1', 'Alquiler', 22, '""', '""', 0, 1, '2021-06-25 00:00:00', '2021-06-25 00:00:00'),
	(13, '013', '11002384', '2019-01-27', 'CDLA ELIECER PEREZ MANZANA 34', 'CDLA ELIECER PEREZ ', 'CDLA ELIECER PEREZ ', '""', '""', '""', '""', '0967597815', '', 1, 1, 13, 'PIN ANANGONO VERONICA ', '', 'HIJA', '0963180953', 'ANANGONO CAICEDO IRIS', '""', 'HERMANA', '0982599991', 'Domestico', 1, '6 MB', '2,1', 'Alquiler', 22, '""', '""', 0, 1, '2021-06-25 00:00:00', '2021-06-25 00:00:00'),
	(14, '014', '11003655', '2019-08-15', 'PARROQUIA ROBERTO ASTUDILLO RCTO CORDOVA A 100M DE LA IGLESIA LA DOLOROSA ', 'CORDOVA ', 'CORDOVA ', '""', '""', '""', '""', '0986119910', '', 1, 2, 14, 'RAMOS SILVIA ', '', 'MADRE', '0982919089', 'BONILLA VALERO ANGEL', '""', 'ESPOSO', '0992124145', 'Domestico', 1, '6 MB', '2,1', 'Alquiler', 22, '""', '""', 0, 1, '2021-06-25 00:00:00', '2021-06-25 00:00:00'),
	(15, '015', '11007610', '2019-05-20', 'RCTO EL ROSARIO', 'RCTO EL ROSARIO ', 'RCTO EL ROSARIO ', '""', '""', '""', '""', '0980447316', '', 1, 1, 15, '', '', '', '', '', '""', '', '', 'Domestico', 1, '6 MB', '2,1', 'Alquiler', 22, '""', '""', 0, 1, '2021-06-25 00:00:00', '2021-06-25 00:00:00'),
	(16, '016', '11002611', '2019-05-27', 'CDLA SAN ELIAS AMAZONAS Y 21 JULIO', 'CDLA SAN ELIAS', 'CDLA SAN ELIAS', '""', '""', '""', '""', '0982596094', '', 1, 1, 16, 'CRESPO CALLE ELVIA', '', 'ABUELO', '0993762313', '', '""', '', '', 'Domestico', 1, '6 MB', '2,1', 'Alquiler', 22, '""', '""', 1, 1, '2021-06-25 00:00:00', '2021-06-25 00:00:00'),
	(17, '017', '11006616', '2019-06-12', 'PARROQUIA ROBERTO ASTUDILLO', 'LAS PALMAS ', 'LAS PALMAS ', '""', '""', '""', '""', '0985896817', '', 1, 2, 17, 'CISNEROS VITERI CORINA', '', 'MADRE', '0960475680', 'SILVA DE LA ROSA SONIA ', '""', 'ESPOSA', '0960536610', 'Domestico', 1, '6 MB', '2,1', 'Alquiler', 22, '""', '""', 1, 1, '2021-06-25 00:00:00', '2021-06-25 00:00:00'),
	(18, '018', '11003647', '2019-08-02', 'PARROQUIA ROBERTO ASTUDILLO CALLES IMBABURA Y PICHINCHA ', 'CENTRO PARROQUIA', 'CENTRO PARROQUIA', '""', '""', '""', '""', '0990647497', '', 1, 2, 18, '', '', '', '', '', '""', '', '', 'Domestico', 1, '6 MB', '2,1', 'Alquiler', 22, '""', '""', 0, 1, '2021-06-25 00:00:00', '2021-06-25 00:00:00'),
	(19, '019', '11002514', '2019-01-04', 'CDLA XAVIER MARCOS JAIME ORTIZ Y SAMOLE CORNEJO', 'CDLA XAVIER MARCOS', 'CDLA XAVIER MARCOS', '""', '""', '""', '""', '0963278531', '', 1, 1, 19, 'GONZALES CARPIO VICTOR EDUARDO', '', 'AMIGO', '0939113845', '', '""', '', '', 'Domestico', 1, '6 MB', '2,1', 'Alquiler', 22, '""', '""', 1, 1, '2021-06-25 00:00:00', '2021-06-25 00:00:00'),
	(20, '020', '11003426', '2019-01-25', 'PARROQUIA ROBERTO ASTUDILLO SECTOR VENECIA CENTRAL', 'VENECIA CENTRAL ', 'VENECIA CENTRAL ', '""', '""', '""', '""', '0961345203', '', 1, 2, 20, 'QUINTUÑA CARMEN', '', 'ESPOSA', '0939204593', '', '""', '', '', 'Domestico', 1, '6 MB', '2,1', 'Alquiler', 22, '""', '""', 1, 1, '2021-06-25 00:00:00', '2021-06-25 00:00:00'),
	(21, '021', '11002100', '2019-01-30', 'CDLA ELIECER PEREZ CALLES CRISTOBAL COLON Y VICENTE ROCAFUERTE ', 'CDLA ELIECER PEREZ ', 'CDLA ELIECER PEREZ ', '""', '""', '""', '""', '0989071156', '', 1, 1, 21, 'NAULA MENDOZA BLANCA', '', 'ESPOSA ', '0992283914', '', '""', '', '', 'Domestico', 1, '10 MB', '2,1', 'Alquiler', 30, '""', '""', 1, 1, '2021-06-25 00:00:00', '2021-06-25 00:00:00'),
	(22, '022', '11003293', '2019-01-30', 'PARROQUIA ROBERTO ASTUDILLO SECTOR VENECIA CENTRAL', 'VENECIA CENTRAL ', 'VENECIA CENTRAL ', '""', '""', '""', '""', '0989545821', '', 1, 2, 22, 'ESCOBAR BERNITA NARCISA', '', 'HIJA', '0979989415', '', '""', '', '', 'Domestico', 1, '6 MB', '2,1', 'Alquiler', 22, '""', '""', 0, 1, '2021-06-25 00:00:00', '2021-06-25 00:00:00'),
	(23, '023', '11006435', '2019-01-16', 'PARROQUIA ROBERTO ASTUDILLO SECTOR CRUCES CHICO', 'CRUCES CHICO VIA BELDACO', 'CRUCES CHICO VIA BELDACO', '""', '""', '""', '""', '0969281144', '', 1, 2, 23, 'ALVAREZ TACURI HENRRY', '', 'ESPOSO', '0994717270', '', '""', '', '', 'Domestico', 1, '6 MB', '2,1', 'Alquiler', 22, '""', '""', 1, 1, '2021-06-25 00:00:00', '2021-06-25 00:00:00'),
	(24, '024', '11002595', '2019-03-22', 'CDLA XAVIER MARCOS CALLE HUMBERTO TOBAR ', 'CDLA XAVIER MARCOS', 'CDLA XAVIER MARCOS', '""', '""', '""', '""', '0984996877', '', 1, 1, 24, '', '', '', '', '', '""', '', '', 'Domestico', 1, '6 MB', '2,1', 'Alquiler', 22, '""', '""', 1, 1, '2021-06-25 00:00:00', '2021-06-25 00:00:00'),
	(25, '025', '11002478', '2019-02-25', 'CDLA ELIECER PEREZ JURADO ', 'CDLA ELIECER PEREZ ', 'CDLA ELIECER PEREZ ', '""', '""', '""', '""', '0993980903', '', 1, 1, 25, 'LOPEZ LOPEZ NELLY', '', 'MADRE', '0989130850', '', '""', '', '', 'Domestico', 1, '10 MB', '2,1', 'Alquiler', 30, '""', '""', 1, 1, '2021-06-25 00:00:00', '2021-06-25 00:00:00'),
	(26, '026', '11254493', '2019-01-05', 'CDLA ASAAD BUCARAN A UNA CUADRA DEL MOTEL MI ESCONDITE ', 'CDLA ASAAD BUCARAM ', 'CDLA ASAAD BUCARAM ', '""', '""', '""', '""', '0989990347', '', 1, 1, 26, 'CAMPOVERDE DAVID ', '', 'HERMANO', '0959090869', '', '""', '', '', 'Domestico', 1, '6 MB', '2,1', 'Alquiler', 22, '""', '""', 1, 1, '2021-06-25 00:00:00', '2021-06-25 00:00:00'),
	(27, '027', '11002282', '2019-01-03', 'CDLA XAVIER MARCOS CALLES JAIME ORTIZ E ISIDRO ACURIO', 'CDLA XAVIER MARCOS', 'CDLA XAVIER MARCOS', '""', '""', '""', '""', '0960222355', '', 1, 1, 27, 'ROCANO VILLA KARINA', '', 'ESPOSA ', '0996671974', '', '""', '', '', 'Domestico', 1, '6 MB', '2,1', 'Alquiler', 22, '""', '""', 0, 1, '2021-06-25 00:00:00', '2021-06-25 00:00:00'),
	(28, '028', '11007494', '2019-01-08', 'RCTO EL ROSARIO SECTOR VINUEZA', 'RCTO EL ROSARIO ', 'RCTO EL ROSARIO ', '""', '""', '""', '""', '0999310608', '', 1, 1, 28, '', '', '', '', '', '""', '', '', 'Domestico', 1, '6 MB', '2,1', 'Alquiler', 22, '""', '""', 1, 1, '2021-06-25 00:00:00', '2021-06-25 00:00:00'),
	(29, '029', '11003399', '2019-01-07', 'PARROQUIA ROBERTO ASTUDILLO SECTOR VENECIA CENTRAL', ' VENECIA CENTRAL ', ' VENECIA CENTRAL ', '""', '""', '""', '""', '0980508234', '', 1, 2, 29, 'ZUÑIGA RAMIRO VICENTE ', '', 'ESPOSO', '0993837908', '', '""', '', '', 'Domestico', 1, '10 MB', '2,1', 'Alquiler', 30, '""', '""', 1, 1, '2021-06-25 00:00:00', '2021-06-25 00:00:00'),
	(30, '030', '11254642', '2019-07-26', 'PARROQUIA LORENZO DE GARAICOA SECTO LA ESPERANZA ', 'LA ESPERANZA ', 'LA ESPERANZA ', '""', '""', '""', '""', '0969962108', '', 1, 3, 30, 'ALVARIO GLENDA', '', 'MADRE', '0993607855', 'CARBO VALERIA', '""', 'HERMANA', '0959666752', 'Domestico', 1, '6 MB', '2,1', 'Alquiler', 22, '""', '""', 1, 1, '2021-06-25 00:00:00', '2021-06-25 00:00:00'),
	(31, '031', '11254648', '2019-07-26', 'PARROQUIA LORENZO DE GARAICOA SECTOR LA ESPERANZA ', 'LA ESPERANZA ', 'LA ESPERANZA ', '""', '""', '""', '""', '0939879884', '', 1, 3, 31, 'PAREJA ABATA AUGUSTO', '', 'ESPOSO', '0986904693', '', '""', '', '', 'Domestico', 1, '6 MB', '2,1', 'Alquiler', 22, '""', '""', 0, 1, '2021-06-25 00:00:00', '2021-06-25 00:00:00'),
	(32, '032', '11001703', '2019-07-15', 'PARROQUIA ROBERTO ASTUDILO SECTOR LOS MONOS ', 'LOS MONOS ', 'LOS MONOS ', '""', '""', '""', '""', '0969189172', '', 1, 2, 32, '', '', '', '', '', '""', '', '', 'Domestico', 1, '6 MB', '2,1', 'Alquiler', 22, '""', '""', 1, 1, '2021-06-25 00:00:00', '2021-06-25 00:00:00'),
	(33, '033', '11006631', '2019-07-17', 'PARROQUIA ROBERTO ASTUDILLO RCTO CAMPAMENTO', 'CAMPAMENTO', 'CAMPAMENTO', '""', '""', '""', '""', '0959277491', '', 1, 2, 33, 'CASTRO ANDRADE MAYRA', '', 'HERMANA', '0978604737', '', '""', '', '', 'Domestico', 1, '6 MB', '2,1', 'Alquiler', 22, '""', '""', 1, 1, '2021-06-25 00:00:00', '2021-06-25 00:00:00'),
	(34, '034', '11254634', '2020-05-20', 'PARROQUIA LORENZO DE GARAICOA SECTOR LA VOUNTAD DE DIOS ', 'LA VOLUNTAD DE DIOS ', 'LA VOLUNTAD DE DIOS ', '""', '""', '""', '""', '0988558709', '', 1, 3, 34, 'GARCIA CASTRO SANTIAGO JOSE', '', 'AMIGO', '0980492477', '', '""', '', '', 'Domestico', 1, '6 MB', '2,1', 'Alquiler', 22, '""', '""', 0, 1, '2021-06-25 00:00:00', '2021-06-25 00:00:00'),
	(35, '035', '11005365', '2019-01-04', 'CDLA XAVIER MARCOS ', 'CDLA XAVIER MARCOS', 'CDLA XAVIER MARCOS', '""', '""', '""', '""', '0990336747', '', 1, 1, 35, '', '', '', '', '', '""', '', '', 'Domestico', 1, '6 MB', '2,1', 'Alquiler', 22, '""', '""', 1, 1, '2021-06-25 00:00:00', '2021-06-25 00:00:00'),
	(36, '036', '11254479', '2019-03-11', 'CDLA SAN LUIS ATRÁS DEL COMERCIAL REGALADO', 'CDLA SAN LUIS', 'CDLA SAN LUIS', '""', '""', '""', '""', '0979444836', '', 1, 1, 36, 'MENDEZ PROCEL DAMARIS ', '', 'ESPOSA', '099641626', '', '""', '', '', 'Domestico', 1, '6 MB', '2,1', 'Alquiler', 22, '""', '""', 0, 1, '2021-06-25 00:00:00', '2021-06-25 00:00:00'),
	(37, '037', '11003625', '2019-07-11', 'ROBERTO ASTUDILLO RCTO VENECIA CENTRAL ', 'VENECIA CENTRAL ', 'VENECIA CENTRAL ', '""', '""', '""', '""', '0989771847', '', 1, 2, 37, 'PALATE HELEN', '', 'NUERA', '0985327228', '', '""', '', '', 'Domestico', 1, '10 MB', '2,1', 'Alquiler', 30, '""', '""', 0, 1, '2021-06-25 00:00:00', '2021-06-25 00:00:00'),
	(38, '038', '11254641', '2019-07-26', 'PARROQUIA LORENZO DE GARAICOA SECTOR LA ESPERANZA ', 'LA ESPERANZA ', 'LA ESPERANZA ', '""', '""', '""', '""', '0968918091', '', 1, 3, 38, 'CARBO CEJIDO EUFEMIA URSULINA', '', 'MADRE', '0969392098', '', '""', '', '', 'Domestico', 1, '6 MB', '2,1', 'Alquiler', 22, '""', '""', 1, 1, '2021-06-25 00:00:00', '2021-06-25 00:00:00'),
	(39, '039', '11002645', '2019-07-30', 'CDLA XAVIER MARCOS ', 'CDLA XAVIER MARCOS', 'CDLA XAVIER MARCOS', '""', '""', '""', '""', '0960793512', '', 1, 1, 39, 'TOBAR MIRANDA SANDRA', '', 'MADRE', '0968363970', '', '""', '', '', 'Domestico', 1, '10 MB', '2,1', 'Alquiler', 30, '""', '""', 0, 1, '2021-06-25 00:00:00', '2021-06-25 00:00:00'),
	(40, '040', '11002288', '2019-01-07', 'CDLA XAVIER MARCOS CALLES FLOR MARIA VALVERDE Y JOSE FERRIN', 'CDLA XAVIER MARCOS', 'CDLA XAVIER MARCOS', '""', '""', '""', '""', '0990937726', '', 1, 1, 40, '', '', '', '', '', '""', '', '', 'Domestico', 1, '6 MB', '2,1', 'Alquiler', 22, '""', '""', 0, 1, '2021-06-25 00:00:00', '2021-06-25 00:00:00'),
	(41, '041', '11002599', '2019-04-03', 'CDLA XAVIER MARCOS CALLE 13', 'CDLA XAVIER MARCOS', 'CDLA XAVIER MARCOS', '""', '""', '""', '""', '0985762635', '', 1, 1, 41, 'CRUZ CEPEDA ANGEL', '', 'PADRE', '0991505905', '', '""', '', '', 'Domestico', 1, '10 MB', '2,1', 'Alquiler', 30, '""', '""', 1, 1, '2021-06-25 00:00:00', '2021-06-25 00:00:00'),
	(42, '042', '11005222', '2019-01-20', 'CDLA SAN ELIAS CALLE D Y LA 10', 'CDLA SAN ELIAS', 'CDLA SAN ELIAS', '""', '""', '""', '""', '0989418605', '', 1, 1, 42, 'BARRIONUEVO PERALTA ESPERANZA ', '', 'MADRE', '0997062007', '', '""', '', '', 'Domestico', 1, '6 MB', '2,1', 'Alquiler', 22, '""', '""', 1, 1, '2021-06-25 00:00:00', '2021-06-25 00:00:00'),
	(43, '043', '11006462', '2019-01-12', 'PARROQUIA ROBERTO ASTUDILLO ATRÁS DE LA IGLESIA CENTRAL SAN VICENTE', 'CENTRO PARROQUIA', 'CENTRO PARROQUIA', '""', '""', '""', '""', '0969431590', '', 1, 2, 43, 'DIAZ GLORIA', '', 'TIA', '042719243', '', '""', '', '', 'Domestico', 1, '6 MB', '2,1', 'Alquiler', 22, '""', '""', 1, 1, '2021-06-25 00:00:00', '2021-06-25 00:00:00'),
	(44, '044', '11003653', '2019-08-06', 'PARROQUIA ROBERTO ASTUDILLO SECTOR CRISTO CONSUELO', 'CRISTO CONSUELO', 'CRISTO CONSUELO', '""', '""', '""', '""', '0999634084', '', 1, 2, 44, 'ALMEIDA ROMAN MARTHA ', '', 'ESPOSA', '0991738833', '', '""', '', '', 'Domestico', 1, '6 MB', '2,1', 'Alquiler', 22, '""', '""', 1, 1, '2021-06-25 00:00:00', '2021-06-25 00:00:00'),
	(45, '045', '11003626', '2019-07-11', 'PARROQUIA ROBERTO ASTUDILLO RCTO CORDOVA ', 'CORDOVA ', 'CORDOVA ', '""', '""', '""', '""', '0983747996', '', 1, 2, 45, 'ALVAREZ ESCOBAR YARITZA', '', 'HIJA', '0987340749', 'ALVAREZ LEON JUAN ', '""', 'ESPOSO', '0994437880', 'Domestico', 1, '6 MB', '2,1', 'Alquiler', 22, '""', '""', 0, 1, '2021-06-25 00:00:00', '2021-06-25 00:00:00'),
	(46, '046', '11006602', '2019-04-15', 'PARROQUA ROBERTO ASTUDILLO AV. VELASCO IBARRA LUBRICADORA JOEL', 'CENTRO PARROQUIA', 'CENTRO PARROQUIA', '""', '""', '""', '""', '0982077040', '', 1, 2, 46, 'FRANCO MARTINEZ BLANCA', '', 'MADRE', '042719092', '', '""', '', '', 'Domestico', 1, '6 MB', '2,1', 'Alquiler', 22, '""', '""', 0, 1, '2021-06-25 00:00:00', '2021-06-25 00:00:00'),
	(47, '047', '11005533', '2019-07-05', 'CDLA JAIME ROLDOS CALLES JULIO PEREZ Y LUIS PEREZ ', 'CDLA JAIME ROLDOS', 'CDLA JAIME ROLDOS', '""', '""', '""', '""', '0996267550', '042721156', 1, 1, 47, '', '', '', '', '', '""', '', '', 'Domestico', 1, '6 MB', '2,1', 'Alquiler', 22, '""', '""', 1, 1, '2021-06-25 00:00:00', '2021-06-25 00:00:00'),
	(48, '048', '11002259', '2019-01-21', 'CDLA SAN ENRIQUE CALLE E Y AV. 5 DE OCTUBRE', 'CDLA SAN ENRIQUE ', 'CDLA SAN ENRIQUE ', '""', '""', '""', '""', '0990298315', '', 1, 1, 48, 'SARAGUAYO ANA', '', 'MADRE', '099823762', 'GOYES ESTEFANY', '""', 'HERMANA', '0996942963', 'Domestico', 1, '6 MB', '2,1', 'Alquiler', 22, '""', '""', 1, 1, '2021-06-25 00:00:00', '2021-06-25 00:00:00'),
	(49, '049', '11002629', '2019-07-17', 'CDLA SAN  ELIAS AV. 9 DE OCTUBRE Y CALLE S/N A 100M DEL BILLAR BORICUA', 'CDLA SAN ELIAS', 'CDLA SAN ELIAS', '""', '""', '""', '""', '0986776694', '', 1, 1, 49, 'GUAMAN GOMEZ FAUSTO', '', 'PADRE', '0982854474', '', '""', '', '', 'Domestico', 1, '6 MB', '2,1', 'Alquiler', 22, '""', '""', 1, 1, '2021-06-25 00:00:00', '2021-06-25 00:00:00'),
	(50, '050', '11254368', '2019-01-22', 'CDLA SANTO DOMINGO', 'CDLA SANTO DOMINGO ', 'CDLA SANTO DOMINGO ', '""', '""', '""', '""', '0997249684', '', 1, 1, 50, 'BUESTAN ESPINOZA YOLANDA ', '', 'AMIGA ', '0988551051', '', '""', '', '', 'Domestico', 1, '10 MB', '2,1', 'Alquiler', 30, '""', '""', 0, 1, '2021-06-25 00:00:00', '2021-06-25 00:00:00'),
	(51, '051', '11003453', '2019-01-07', 'PARROQUIA ROBERTO ASTUDILLO SECTOR VENECIA CENTRAL', 'VENECIA CENTRAL ', 'VENECIA CENTRAL ', '""', '""', '""', '""', '0967622069', '', 1, 2, 51, 'BERNITA ZUÑIGA JENNY', '', 'TIA', '0989545821', '', '""', '', '', 'Domestico', 1, '6 MB', '2,1', 'Alquiler', 22, '""', '""', 1, 1, '2021-06-25 00:00:00', '2021-06-25 00:00:00'),
	(52, '052', '11006627', '2019-07-11', 'PARROQUIA ROBERTO ASTUDILLO VIA VENECIA CHIMBO', 'VENECIA CHIMBO', 'VENECIA CHIMBO', '""', '""', '""', '""', '0939609022', '', 1, 2, 52, '', '', '', '', '', '""', '', '', 'Domestico', 1, '6 MB', '2,1', 'Alquiler', 22, '""', '""', 1, 1, '2021-06-25 00:00:00', '2021-06-25 00:00:00'),
	(53, '053', '11003405', '2019-06-10', 'PARROQUIA ROBERTO ASTUDILLO VENECIA CENTRAL', 'VENECIA CENTRAL ', 'VENECIA CENTRAL ', '""', '""', '""', '""', '0986237535', '', 1, 2, 53, 'HIGUERA OCHOA ADRIAN', '', 'HIJO', '0986237535', '', '""', '', '', 'Domestico', 1, '6 MB', '2,1', 'Alquiler', 22, '""', '""', 0, 1, '2021-06-25 00:00:00', '2021-06-25 00:00:00'),
	(54, '054', '11005413', '2019-01-03', 'CDLA SAN ELIAS AV. 9 DE OCTUBRE Y GARCIA MORENO 521', 'CDLA SAN ELIAS', 'CDLA SAN ELIAS', '""', '""', '""', '""', '042720484', '', 1, 1, 54, 'BRACHO IBARRA CARLOS', '', 'HIJO', '0426007751', '', '""', '', '', 'Domestico', 1, '6 MB', '2,1', 'Alquiler', 22, '""', '""', 0, 1, '2021-06-25 00:00:00', '2021-06-25 00:00:00'),
	(55, '055', '11002328', '2019-01-15', 'CDLA XAVIER MARCOS CALLES YALILE YAPUR Y FLOR MARIA VALVERDE ', 'CDLA XAVIER MARCOS', 'CDLA XAVIER MARCOS', '""', '""', '""', '""', '0982421039', '', 1, 1, 55, '', '', '', '', '', '""', '', '', 'Domestico', 1, '6 MB', '2,1', 'Alquiler', 22, '""', '""', 0, 1, '2021-06-25 00:00:00', '2021-06-25 00:00:00'),
	(56, '056', '11002644', '2019-07-30', 'CDLA XAVIER MARCOS CALLES GLADYS SIGUENZA E ISIDORO ACURIO ', 'CDLA XAVIER MARCOS', 'CDLA XAVIER MARCOS', '""', '""', '""', '""', '0969225922', '', 1, 1, 56, 'MEJIA BONILLA ANTONIA ', '', 'VECINO', '0978828902', '', '""', '', '', 'Domestico', 1, '6 MB', '2,1', 'Alquiler', 22, '""', '""', 0, 1, '2021-06-25 00:00:00', '2021-06-25 00:00:00'),
	(57, '057', '11005254', '2019-01-23', 'CDLA SAN ELIAS CALLES AMAZONAS Y LAS ACASIAS ', 'CDLA SAN ELIAS', 'CDLA SAN ELIAS', '""', '""', '""', '""', '0993172703', '', 1, 1, 57, 'MIRANDA JONES ANGELINE', '', 'HIJA', '0979672886', 'MIRANDA JONES ANGEL', '""', 'HIJO', '980169849', 'Domestico', 1, '6 MB', '2,1', 'Alquiler', 22, '""', '""', 0, 1, '2021-06-25 00:00:00', '2021-06-25 00:00:00'),
	(58, '058', '11002550', '2019-01-27', 'CDLA ELIECER PEREZ A UNA CUADRA DE LA ENTRADA DE LA ESCUELA DE FUTBOL LOS KAISER ', 'CDLA ELIECER PEREZ ', 'CDLA ELIECER PEREZ ', '""', '""', '""', '""', '0978748045', '', 1, 1, 58, 'BERMEO ROMAN JAZMIN', '', 'PAREJA', '0979012973', '', '""', '', '', 'Domestico', 1, '6 MB', '2,1', 'Alquiler', 22, '""', '""', 0, 1, '2021-06-25 00:00:00', '2021-06-25 00:00:00'),
	(59, '059', '11254638', '2019-07-23', 'PARROQUIA LORENZO DE GARAICOA SECTOR LOS ANGELES ', 'LOS ANGELES ', 'LOS ANGELES ', '""', '""', '""', '""', '0992013825', '', 1, 3, 59, 'MORENO CHAVEZ JAVIER ANTONIO', '', 'TIO', '0961187712', 'LEON MORENO JOSIAS ADONIS', '""', 'HERMANO', '0939447059', 'Domestico', 1, '6 MB', '2,1', 'Alquiler', 22, '""', '""', 0, 1, '2021-06-25 00:00:00', '2021-06-25 00:00:00'),
	(60, '060', '11003639', '2019-07-23', 'PARROQUIA ROBERTOASTUDILLO SECTOR LA REPRESA "LOS TRIANA"', 'LA REPRESA ', 'LA REPRESA ', '""', '""', '""', '""', '0959881046', '', 1, 2, 60, '', '', '', '', '', '""', '', '', 'Domestico', 1, '6 MB', '2,1', 'Alquiler', 22, '""', '""', 0, 1, '2021-06-25 00:00:00', '2021-06-25 00:00:00'),
	(61, '061', '11006172', '2019-01-25', 'PARROQUIA ROBERTO ASTUDILLO', 'LAS PALMAS ', 'LAS PALMAS ', '""', '""', '""', '""', '0981785679', '', 1, 2, 61, 'ARGUDO VALENCIA CARLOS', '', 'ESPOSOO', '0999434875', 'LITUMA VASQUEZ MAYRA ', '""', 'HIJA', '0981785679', 'Domestico', 1, '6 MB', '2,1', 'Alquiler', 22, '""', '""', 0, 1, '2021-06-25 00:00:00', '2021-06-25 00:00:00'),
	(62, '062', '11001319', '2019-08-16', 'CDLA SAN ELIAS ', 'CDLA SAN ELIAS', 'CDLA SAN ELIAS', '""', '""', '""', '""', '0991927551', '', 1, 1, 62, '', '', '', '', '', '""', '', '', 'Domestico', 1, 'void', '2,1', 'Alquiler', 0, '""', '""', 0, 1, '2021-06-25 00:00:00', '2021-06-25 00:00:00'),
	(63, '063', '11002238', '2019-01-02', 'CDLA XAVIER MARCOS ', 'CDLA XAVIER MARCOS', 'CDLA XAVIER MARCOS', '""', '""', '""', '""', '0981028878', '', 1, 1, 63, 'LOJA ROMERO KATHERINE', '', 'HIJA', '098966968', 'CABEZA BARROZO JEAN', '""', 'YERNO', '099648826', 'Domestico', 1, '6 MB', '2,1', 'Alquiler', 22, '""', '""', 1, 1, '2021-06-25 00:00:00', '2021-06-25 00:00:00'),
	(64, '064', '11007542', '2019-01-30', 'RCTO EL ROSARIO FRENTE AL TEMPLO REINO JEHOVA ', 'RCTO EL ROSARIO ', 'RCTO EL ROSARIO ', '""', '""', '""', '""', '0991170807', '', 1, 1, 64, '', '', '', '', '', '""', '', '', 'Domestico', 1, '6 MB', '2,1', 'Alquiler', 22, '""', '""', 1, 1, '2021-06-25 00:00:00', '2021-06-25 00:00:00'),
	(65, '065', '11007275', '2019-01-18', 'RCTO EL ROSARIO SECTOR HNOS LOPEZ', 'RCTO EL ROSARIO ', 'RCTO EL ROSARIO ', '""', '""', '""', '""', '0969134371', '', 1, 1, 65, 'LUCIN LOPEZ JULIO', '', 'HERMANO', '0959792185', '', '""', '', '', 'Domestico', 1, '6 MB', '2,1', 'Alquiler', 22, '""', '""', 0, 1, '2021-06-25 00:00:00', '2021-06-25 00:00:00'),
	(66, '066', '11008495', '2019-01-13', 'CDLA XAVIER MARCOS CALLE 13', 'CDLA XAVIER MARCOS', 'CDLA XAVIER MARCOS', '""', '""', '""', '""', '0990090242', '', 1, 1, 66, '', '', '', '', '', '""', '', '', 'Domestico', 1, '6 MB', '2,1', 'Alquiler', 22, '""', '""', 1, 1, '2021-06-25 00:00:00', '2021-06-25 00:00:00'),
	(67, '067', '11006622', '2019-07-10', 'PARROQUIA ROBERTO ASTUDILLO RCTO CAMPAMENTO', 'CAMPAMENTO', 'CAMPAMENTO', '""', '""', '""', '""', '0997788814', '', 1, 2, 67, 'FONSECA ELSA', '', 'EX ESPOSA', '0986980912', '', '""', '', '', 'Domestico', 1, '6 MB', '2,1', 'Alquiler', 22, '""', '""', 1, 1, '2021-06-25 00:00:00', '2021-06-25 00:00:00'),
	(68, '068', '11002547', '2019-01-30', 'CALLES JOSE FERRIN Y FLOR MARIA VALVERDE ', 'CDLA XAVIER MARCOS', 'CDLA XAVIER MARCOS', '""', '""', '""', '""', '0980541413', '', 1, 1, 68, '', '', '', '', '', '""', '', '', 'Domestico', 0, '20 MB', '2,1', 'Alquiler', 30, '""', '""', 1, 1, '2021-06-25 00:00:00', '2021-06-25 00:00:00'),
	(69, '069', '11006467', '2019-01-05', 'PARROQUIA ROBERTO ASTUDILLO SECTOR LAS PALMAR ', 'LAS PALMAS ', 'LAS PALMAS ', '""', '""', '""', '""', '0991903494', '', 1, 2, 69, 'BARRERA BARRERA FAUSTO', '', 'AMIGO', '0999504289', 'PUNINA BARRERA GALO', '""', 'AMIGO', '0991160522', 'Domestico', 1, '6 MB', '2,1', 'Alquiler', 22, '""', '""', 0, 1, '2021-06-25 00:00:00', '2021-06-25 00:00:00'),
	(70, '070', '11006492', '2019-01-26', 'PARROQUIA ROBERTO ASTUDILLO RCTO CAMPAMENTO', 'CAMPAMENTO', 'CAMPAMENTO', '""', '""', '""', '""', '0981123557', '', 1, 2, 70, 'MARTINEZ CHIMBO ANA', '', 'ESPOSA', '0995016825', '', '""', '', '', 'Domestico', 1, '6 MB', '2,1', 'Alquiler', 22, '""', '""', 1, 1, '2021-06-25 00:00:00', '2021-06-25 00:00:00'),
	(71, '071', '11002482', '2019-01-30', 'CDLA SANTA MARGARITA CALLES ROCAFUERTE Y AMAZONAS', 'CDLA SANTA MARGARITA', 'CDLA SANTA MARGARITA', '""', '""', '""', '""', '0986752697', '', 1, 1, 71, 'TERRANOVA MEZA KATHRINE', '', 'HIJA', '0986612433', '', '""', '', '', 'Domestico', 1, '6 MB', '2,1', 'Alquiler', 22, '""', '""', 1, 1, '2021-06-25 00:00:00', '2021-06-25 00:00:00'),
	(72, '072(CASA) ', '11254658', '2019-08-19', 'PARROQUIA LORENZO DE GARAICOA AV RICARDO DIRMAT Y VIRGEN DEL CARMEN', 'CENTRO GARAICOA', 'CENTRO GARAICOA', '""', '""', '""', '""', '0986570119', '', 1, 3, 72, '', '', '', '', '', '""', '', '', 'Domestico', 1, '6 MB', '2,1', 'Alquiler', 22, '""', '""', 1, 1, '2021-06-25 00:00:00', '2021-06-25 00:00:00'),
	(73, '072(LOCAL) ', '11254658', '2019-08-19', 'PARROQUIA LORENZO DE GARAICOA AV RICARDO DIRMAT Y VIRGEN DEL CARMEN', 'CENTRO GARAICOA', 'CENTRO GARAICOA', '""', '""', '""', '""', '0986570119', '', 1, 3, 72, '', '', '', '', '', '""', '', '', 'Domestico', 1, '6 MB', '2,1', 'Alquiler', 22, '""', '""', 0, 1, '2021-06-25 00:00:00', '2021-06-25 00:00:00'),
	(74, '073', '11006471', '2019-08-06', 'PARROQUIA ROBERTO ASTUDILLO CALLES 21 AGOSTO Y CAÑAR ', 'CENTRO PARROQUIA', 'CENTRO PARROQUIA', '""', '""', '""', '""', '0959586644', '', 1, 2, 73, 'MIRANDA PEREZ AZUCENA', '', 'HERMANA', '0962754232', '', '""', '', '', 'Domestico', 1, '6 MB', '2,1', 'Alquiler', 22, '""', '""', 1, 1, '2021-06-25 00:00:00', '2021-06-25 00:00:00'),
	(75, '074', '11002190', '2019-01-10', 'CDLA XAVIER MARCOS CALLES MERY LITUMA Y AV 9 DE OCTUBRE ', 'CDLA XAVIER MARCOS', 'CDLA XAVIER MARCOS', '""', '""', '""', '""', '0984631485', '', 1, 1, 74, '', '', '', '', '', '""', '', '', 'Domestico', 1, '10 MB', '2,1', 'Alquiler', 30, '""', '""', 0, 1, '2021-06-25 00:00:00', '2021-06-25 00:00:00'),
	(76, '075', '11002239', '2019-01-26', 'CDLA XAVIER MARCOS DECIMA CALLE REF HOTEL MADRID', 'CDLA XAVIER MARCOS', 'CDLA XAVIER MARCOS', '""', '""', '""', '""', '0991027385', '', 1, 1, 75, 'MONTIEL SANCHEZ FELIX', '', 'PADRE', '042721161', '', '""', '', '', 'Domestico', 1, '6 MB', '2,1', 'Alquiler', 22, '""', '""', 0, 1, '2021-06-25 00:00:00', '2021-06-25 00:00:00'),
	(77, '076', '11003646', '2019-08-01', 'PARROQUIA ROBERTO ASTUDILLO SECTOR VENECIA CENTRAL', 'VENECIA CENTRAL ', 'VENECIA CENTRAL ', '""', '""', '""', '""', '0982891971', '', 1, 2, 76, 'MORA BRAVO WILSON', '', 'HERMANO', '0968751223', '', '""', '', '', 'Domestico', 1, '6 MB', '2,1', 'Alquiler', 22, '""', '""', 0, 1, '2021-06-25 00:00:00', '2021-06-25 00:00:00'),
	(78, '077', '11254122', '2019-01-20', 'CDLA SANTO DOMINGO MANZANA F CASA N°12', 'CDLA SANTO DOMINGO ', 'CDLA SANTO DOMINGO ', '""', '""', '""', '""', '0979778176', '', 1, 1, 77, 'CAGUANO MORA JAIRO', '', 'HIJO', '0994781567', 'CAGUANO OTACOMA HECTOR', '""', 'ESPOSO', '0994049974', 'Domestico', 1, 'void', '2,1', 'Alquiler', 0, '""', '""', 0, 1, '2021-06-25 00:00:00', '2021-06-25 00:00:00'),
	(79, '078', '11003437', '2019-01-28', 'PARROQUIA ROBERTO ASTUDILLO SECTOR VENECIA CENTRAL', 'VENECIA CENTRAL ', 'VENECIA CENTRAL ', '""', '""', '""', '""', '0968106816', '', 1, 2, 78, 'BARROS MONTENEGRO PRISCILA', '', 'ESPOSA', '0981424831', '', '""', '', '', 'Domestico', 1, 'void', '2,1', 'Alquiler', 0, '""', '""', 0, 1, '2021-06-25 00:00:00', '2021-06-25 00:00:00'),
	(80, '079', '11254643', '2019-07-26', 'PARROQUIA LORENZO DE GARAICOA DIAGONAL A LA IGLESIA NUESTRA SEÑORA DEL CARMEN', 'CENTRO GARAICOA', 'CENTRO GARAICOA', '""', '""', '""', '""', '0986517331', '', 1, 3, 79, '', '', '', '', '', '""', '', '', 'Domestico', 1, '6 MB', '2,1', 'Alquiler', 22, '""', '""', 0, 1, '2021-06-25 00:00:00', '2021-06-25 00:00:00'),
	(81, '080', '11007374', '2019-01-04', 'RCTO EL ROSARIO ', 'RCTO EL ROSARIO ', 'RCTO EL ROSARIO ', '""', '""', '""', '""', '0990277949', '', 1, 1, 80, 'LOPEZ QUINTUÑA IVAN', '', 'CUÑADO', '096914371', '', '""', '', '', 'Domestico', 1, '6 MB', '2,1', 'Alquiler', 22, '""', '""', 0, 1, '2021-06-25 00:00:00', '2021-06-25 00:00:00'),
	(82, '081', '11002159', '2019-07-30', 'CDLA XAVIER MARCOS CALLE FLOR MARIA VALVERDE Y JOSE FERRIN', 'CDLA XAVIER MARCOS', 'CDLA XAVIER MARCOS', '""', '""', '""', '""', '0982727547', '', 1, 1, 81, 'GARCIA VALLEJO MARINA', '', 'ESPOSA', '0989411924', '', '""', '', '', 'Domestico', 1, '6 MB', '2,1', 'Alquiler', 22, '""', '""', 1, 1, '2021-06-25 00:00:00', '2021-06-25 00:00:00'),
	(83, '082', '11005617', '2019-06-14', 'CDLA SAN ELIAS SANTA ELENA Y LA HUERTA ', 'CDLA SAN ELIAS', 'CDLA SAN ELIAS', '""', '""', '""', '""', '0992850013', '', 1, 1, 82, 'NARVAEZ ESPERANZA', '', 'TIA', '042721400', '', '""', '', '', 'Domestico', 1, '6 MB', '2,1', 'Alquiler', 22, '""', '""', 0, 1, '2021-06-25 00:00:00', '2021-06-25 00:00:00'),
	(84, '083', '11003650', '2019-07-31', 'PARROQUIA ROBERTO ASTUDILLO SECTOR "LA REPRESA"', 'LA REPRESA ', 'LA REPRESA ', '""', '""', '""', '""', '0983614801', '', 1, 2, 83, 'LEON QUINTUÑA ROSA', '', 'ESPOSA', '0959964055', '', '""', '', '', 'Domestico', 1, '6 MB', '2,1', 'Alquiler', 22, '""', '""', 0, 1, '2021-06-25 00:00:00', '2021-06-25 00:00:00'),
	(85, '084', '11007175', '2019-01-02', 'RCTO ROCAFUERTE', 'RCTO ROCAFUERTE', 'RCTO ROCAFUERTE', '""', '""', '""', '""', '0988102881', '', 1, 1, 84, '', '', '', '', '', '""', '', '', 'Domestico', 1, '6 MB', '2,1', 'Alquiler', 22, '""', '""', 1, 1, '2021-06-25 00:00:00', '2021-06-25 00:00:00'),
	(86, '085', '11254624', '2019-06-10', 'PARROQUIA LORENZO DE GARAICOA AV. RICARDO FIRMAT Y MIGUEL ITURRALDE ', 'CENTRO GARAICOA', 'CENTRO GARAICOA', '""', '""', '""', '""', '0939097987', '', 1, 3, 85, 'ACOSTA VERA DEXI MARIUXI', '', 'TIA', '0969448753', 'VARGAS VERA RITA MARISOL', '""', 'MADRE', '0985981989', 'Domestico', 1, '6 MB', '2,1', 'Alquiler', 22, '""', '""', 0, 1, '2021-06-25 00:00:00', '2021-06-25 00:00:00'),
	(87, '086', '11005635', '2019-07-17', 'CDLA JAIME ROLDOS CALLES SALMA BEDRAN Y ELIECER PEREZ', 'CDLA JAIME ROLDOS', 'CDLA JAIME ROLDOS', '""', '""', '""', '""', '0967943548', '', 1, 1, 86, '', '', '', '', '', '""', '', '', 'Domestico', 1, '6 MB', '2,1', 'Alquiler', 22, '""', '""', 1, 1, '2021-06-25 00:00:00', '2021-06-25 00:00:00'),
	(88, '087', '11002119', '2019-01-05', 'CDLA SAN ENRIQUE CALLES DOLORES ALZUA Y AV GUAYAQUIL ', 'CDLA SAN ENRIQUE ', 'CDLA SAN ENRIQUE ', '""', '""', '""', '""', '0989825901', '', 1, 1, 87, 'ANZULES PEÑARANNDA TANYA', '', 'MADRE', '0979184194', '', '""', '', '', 'Domestico', 1, '6 MB', '2,1', 'Alquiler', 22, '""', '""', 0, 1, '2021-06-25 00:00:00', '2021-06-25 00:00:00'),
	(89, '088', '11005534', '2019-01-23', 'CDLA SAN ELIAS CALLES ATAHUALPA Y CHIMBORAZO', 'CDLA SAN ELIAS', 'CDLA SAN ELIAS', '""', '""', '""', '""', '0986985291', '', 1, 1, 88, 'FLOR PEREZ VICTOR', '', 'SOBRINO', '0997322402', '', '""', '', '', 'Domestico', 1, '6 MB', '2,1', 'Alquiler', 22, '""', '""', 1, 1, '2021-06-25 00:00:00', '2021-06-25 00:00:00'),
	(90, '089', '11003608', '2019-05-08', 'PARROQUIA ROBERTO ASTUDILLO GUABI DOS', 'EL GUABO Y GUABI', 'EL GUABO Y GUABI', '""', '""', '""', '""', '0993592704', '', 1, 2, 89, 'PINEDA MANJARRES VERONICA', '', 'HERMANA', '0993592704', 'MANJARRES NAVAEZ  LOURDES', '""', 'MADRE', '0969120490', 'Domestico', 1, '6 MB', '2,1', 'Alquiler', 22, '""', '""', 1, 1, '2021-06-25 00:00:00', '2021-06-25 00:00:00'),
	(91, '090', '11006598', '2019-04-03', 'PARROQUIA ROBERTO ASTUDILLO', 'LAS PALMAS ', 'LAS PALMAS ', '""', '""', '""', '""', '0988539211', '', 1, 2, 90, 'REYES PIÑA NELSON', '', 'HIJO', '0969370805', '', '""', '', '', 'Domestico', 1, '10 MB', '2,1', 'Alquiler', 30, '""', '""', 0, 1, '2021-06-25 00:00:00', '2021-06-25 00:00:00'),
	(92, '091', '11002137', '2019-01-27', 'CDLA XAVIER MARCOS CALLE TELMO BEDRAN E ISIDORO ACURIO ', 'CDLA XAVIER MARCOS', 'CDLA XAVIER MARCOS', '""', '""', '""', '""', '0920294949', '', 1, 1, 91, 'SEILEMA PEDRO', '', 'ESPOSO', '0939830509', 'SEILEMA PRIETO GINGER', '""', 'HIJA', '099485594', 'Domestico', 1, '6 MB', '2,1', 'Alquiler', 22, '""', '""', 1, 1, '2021-06-25 00:00:00', '2021-06-25 00:00:00'),
	(93, '092', '11006636', '2019-07-18', 'PARROQUIA ROBERTO ASTUDILLO SECTOR NUEVA ESPERANZA', 'CAMPAMENTO', 'CAMPAMENTO', '""', '""', '""', '""', '0993288779', '', 1, 2, 92, 'ESPINOZA RIVERA ERNESTO', '', 'ESPOSO', '0988471435', '', '""', '', '', 'Domestico', 1, '6 MB', '2,1', 'Alquiler', 22, '""', '""', 0, 1, '2021-06-25 00:00:00', '2021-06-25 00:00:00'),
	(94, '093', '11003651', '2019-07-31', 'PARROQUIA ROBERTO ASTUDILLO SECTOR CRISTO CONSUELO', 'CRISTO CONSUELO', 'CRISTO CONSUELO', '""', '""', '""', '""', '0983648201', '', 1, 2, 93, 'ESPINOZA RIVERA SILVIA', '', 'ESPOSA', '0986833993', '', '""', '', '', 'Domestico', 1, '6 MB', '2,1', 'Alquiler', 22, '""', '""', 1, 1, '2021-06-25 00:00:00', '2021-06-25 00:00:00'),
	(95, '094', '11254425', '2019-07-29', 'PARROQUIA ROBERTO ASTUDILLO RCTO MANGA DE JEJEN', 'MANGA DE JEJEN', 'MANGA DE JEJEN', '""', '""', '""', '""', '0988712649', '', 1, 2, 94, '', '', '', '', '', '""', '', '', 'Domestico', 1, '6 MB', '2,1', 'Alquiler', 22, '""', '""', 1, 1, '2021-06-25 00:00:00', '2021-06-25 00:00:00'),
	(96, '095', '11003620', '2019-06-25', 'PARROQUIA ROBERTOASTUDILLO RCTO CAMPAMENTO', 'CAMPAMENTO', 'CAMPAMENTO', '""', '""', '""', '""', '0939540590', '', 1, 2, 95, '', '', '', '', '', '""', '', '', 'Domestico', 1, '6 MB', '2,1', 'Alquiler', 22, '""', '""', 0, 1, '2021-06-25 00:00:00', '2021-06-25 00:00:00'),
	(97, '096', '11005520', '2019-01-21', 'CDLA ABRHAM BITAR CALLE AMAZONAS ', 'CDLA ABRAHAM BITAR ', 'CDLA ABRAHAM BITAR ', '""', '""', '""', '""', '0997051453', '', 1, 1, 96, 'LOOR  GUEVARA MANICA AIDA ', '', 'ESPOSA', '0997712324', 'CAMPOZANO PLUAS LESLY', '""', 'SOBRINA', '0986965334', 'Domestico', 1, '6 MB', '2,1', 'Alquiler', 22, '""', '""', 1, 1, '2021-06-25 00:00:00', '2021-06-25 00:00:00'),
	(98, '097', '11006621', '2019-07-09', 'PARROQUIA ROBERTO ASTUDILLO', 'LOS MONOS ', 'LOS MONOS ', '""', '""', '""', '""', '0960234239', '', 1, 2, 97, 'RAMOS ANDALUZ FREDDY', '', 'ESPOSO', '0985366666', '', '""', '', '', 'Domestico', 1, '6 MB', '2,1', 'Alquiler', 22, '""', '""', 1, 1, '2021-06-25 00:00:00', '2021-06-25 00:00:00'),
	(99, '098', '11006424', '2019-01-30', 'PARROQUIA ROBERTO ASTUDILLO DIAGONAL A LA ANTENA DE CLARO', 'CENTRO PARROQUIA', 'CENTRO PARROQUIA', '""', '""', '""', '""', '0985247828', '', 1, 2, 98, 'VERA MONTIEL SIXTA ', '', 'PRIMA', '0978616013', 'ORELLANA VERA MIGUEL', '""', 'ESPOSO', '0985247828', 'Domestico', 1, '6 MB', '2,1', 'Alquiler', 22, '""', '""', 0, 1, '2021-06-25 00:00:00', '2021-06-25 00:00:00'),
	(100, '099', '11005632', '2019-07-17', 'CDLA JAIME ROLDOS CALLES GRAL CORDOVA Y JIMMY ZAVALA ', 'CDLA JAIME ROLDOS', 'CDLA JAIME ROLDOS', '""', '""', '""', '""', '0993856126', '', 1, 1, 99, 'QUITO QUITO JOEL', '', 'PADRE', '042721062', 'QUITO AVILA ELVIA', '""', 'ABUELA', '042720259', 'Domestico', 1, '6 MB', '2,1', 'Alquiler', 22, '""', '""', 0, 1, '2021-06-25 00:00:00', '2021-06-25 00:00:00'),
	(101, '100', '11002218', '2019-01-18', 'CDLA XAVIER MARCOS CALLE JAIME ORTIZ Y S/N', 'CDLA XAVIER MARCOS', 'CDLA XAVIER MARCOS', '""', '""', '""', '""', '0963958317', '', 1, 1, 100, 'SECAIRA ZURITA ELSA', '', 'MADRE', '0993288156', '', '""', '', '', 'Domestico', 1, '6 MB', '2,1', 'Alquiler', 22, '""', '""', 0, 1, '2021-06-25 00:00:00', '2021-06-25 00:00:00'),
	(102, '101', '11254633', '2019-07-16', 'PARROQUIA LORENZO DE GARAICOA SECTOR EL PARAISO AV RICARDO FIRAR Y 16 JULIO', 'EL PARAISO', 'EL PARAISO', '""', '""', '""', '""', '0968376938', '', 1, 3, 101, '', '', '', '', '', '""', '', '', 'Domestico', 1, '6 MB', '2,1', 'Alquiler', 22, '""', '""', 0, 1, '2021-06-25 00:00:00', '2021-06-25 00:00:00'),
	(103, '102', '11006570', '2019-01-30', 'PARROQUIA ROBERTO ASTUDILLO SECTOR CRISTO CONSUELO', 'CRISTO CONSUELO', 'CRISTO CONSUELO', '""', '""', '""', '""', '0994075964', '', 1, 2, 102, 'REINOSO VILLAVICENCIO ISMAEL', '', 'HIJO', '0989694023', 'VILLAVICENCIO CHAVEZ INGRID', '""', 'ESPOSA', '0992050865', 'Domestico', 1, '10 MB', '2,1', 'Alquiler', 30, '""', '""', 1, 1, '2021-06-25 00:00:00', '2021-06-25 00:00:00'),
	(104, '103', '11003630', '2019-07-20', 'PARROQUIA ROBERTO ASTUDILLO SECTOR VENECIA CENTRAL', 'VENECIA CENTRAL ', 'VENECIA CENTRAL ', '""', '""', '""', '""', '0989771847', '', 1, 2, 103, 'CHAVEZ REYES LUIS ANTONIO ', '', 'CUÑADO', '0989771847', 'PUMISACHO VILLALTA MARTHA ', '""', 'ESPOSA', '0988561094', 'Domestico', 1, '10 MB', '2,1', 'Alquiler', 30, '""', '""', 0, 1, '2021-06-25 00:00:00', '2021-06-25 00:00:00'),
	(105, '104', '11007596', '2019-03-25', 'RCTO ROCAFUERTE POR EL ANTIGUO INGENIO ', 'RCTO ROCAFUERTE', 'RCTO ROCAFUERTE', '""', '""', '""', '""', '0980553168', '', 1, 1, 104, '', '', '', '', '', '""', '', '', 'Domestico', 1, '6 MB', '2,1', 'Alquiler', 22, '""', '""', 0, 1, '2021-06-25 00:00:00', '2021-06-25 00:00:00'),
	(106, '105', '11254326', '2019-01-28', 'PARROQUIA ROBERTO ASTUDILLO RCTO MANGA DE JEJEN', 'MANGA DE JEJEN', 'MANGA DE JEJEN', '""', '""', '""', '""', '0981718428', '', 1, 2, 105, 'RODRIGUEZ CEDEÑO JUAN CARLOS', '', 'HIJO', '0997214132', '', '""', '', '', 'Domestico', 1, '6 MB', '2,1', 'Alquiler', 22, '""', '""', 1, 1, '2021-06-25 00:00:00', '2021-06-25 00:00:00'),
	(107, '106', '11002101', '2019-07-01', 'CDLA XAVIER MARCOS CALLE NELLY VILLACRES Y SALOME CORNEJO', 'CDLA XAVIER MARCOS', 'CDLA XAVIER MARCOS', '""', '""', '""', '""', '0990922925', '', 1, 1, 106, 'VEINTIMILLA COELLO ALEXANDRA', '', 'MADRE', '0994196658', '', '""', '', '', 'Domestico', 1, 'void', '2,1', 'Alquiler', 0, '""', '""', 0, 1, '2021-06-25 00:00:00', '2021-06-25 00:00:00'),
	(108, '107', '11002115', '2019-01-23', 'CDLA XAVIER MARCOS CALLE JUAN PAREDES', 'CDLA XAVIER MARCOS', 'CDLA XAVIER MARCOS', '""', '""', '""', '""', '0994661879', '', 1, 1, 107, 'GARCIA QUINATOA LUZ ', '', 'ESPOSA', '0986311597', '', '""', '', '', 'Domestico', 1, '6 MB', '2,1', 'Alquiler', 22, '""', '""', 0, 1, '2021-06-25 00:00:00', '2021-06-25 00:00:00'),
	(109, '108', '11003565', '2019-01-18', 'PARROQUIA ROBERTO ASTUDILLO VENECIA - VIA CHIMBO', 'VENECIA CHIMBO', 'VENECIA CHIMBO', '""', '""', '""', '""', '0939741716', '', 1, 2, 108, 'CONSTANTE SACA GILDA', '', 'HIJA', '0994232308', '', '""', '', '', 'Domestico', 1, '6 MB', '2,1', 'Alquiler', 22, '""', '""', 1, 1, '2021-06-25 00:00:00', '2021-06-25 00:00:00'),
	(110, '109', '11003654', '2019-08-06', 'PARROQUIA ROBERTO ASTUDILLO SECTOR FLOR DEL BOSQUE ', 'FLOR DEL BOSQUE ', 'FLOR DEL BOSQUE ', '""', '""', '""', '""', '0993427100', '', 1, 2, 109, 'SANCHEZ ARANA EDMA ', '', 'ESPOSA', '0990712771', '', '""', '', '', 'Domestico', 1, '6 MB', '2,1', 'Alquiler', 22, '""', '""', 1, 1, '2021-06-25 00:00:00', '2021-06-25 00:00:00'),
	(111, '110', '11254582', '2019-01-30', 'RECINTO LA PACIENCIA ', 'RCTO LA PACIENCIA ', 'RCTO LA PACIENCIA ', '""', '""', '""', '""', '0980970347', '', 1, 1, 110, 'SANTANA DUTAN JOHN ', '', 'HIJO', '0979737762', '', '""', '', '', 'Domestico', 1, '6 MB', '2,1', 'Alquiler', 22, '""', '""', 1, 1, '2021-06-25 00:00:00', '2021-06-25 00:00:00'),
	(112, '111', '11002381', '2019-01-30', 'CDLA XAVIER MARCOS CALLE JAIME GALLEGOS Y S/N', 'CDLA XAVIER MARCOS', 'CDLA XAVIER MARCOS', '""', '""', '""', '""', '0985729917', '', 1, 1, 111, '', '', '', '', '', '""', '', '', 'Domestico', 1, '6 MB', '2,1', 'Alquiler', 22, '""', '""', 1, 1, '2021-06-25 00:00:00', '2021-06-25 00:00:00'),
	(113, '112', '11003581', '2019-07-12', 'PARROQUIA ROBERTO ASTUDILLO SECTOR SAN FRANCISCO', 'SAN FRANCISCO', 'SAN FRANCISCO', '""', '""', '""', '""', '0980414714', '', 1, 2, 112, 'SARMIENTO ANDRADE FREDDY', '', 'PADRE', '0980414714', '', '""', '', '', 'Domestico', 1, '6 MB', '2,1', 'Alquiler', 22, '""', '""', 1, 1, '2021-06-25 00:00:00', '2021-06-25 00:00:00'),
	(114, '113', '11254652', '2019-08-02', 'CDLA SAN LUIS FRENTE A LA CANCHA ', 'CDLA SAN LUIS', 'CDLA SAN LUIS', '""', '""', '""', '""', '0939659032', '', 1, 1, 113, 'UREÑA QUEZADA MARIA ', '', 'MADRE', '0969269684', '', '""', '', '', 'Domestico', 1, '6 MB', '2,1', 'Alquiler', 22, '""', '""', 1, 1, '2021-06-25 00:00:00', '2021-06-25 00:00:00'),
	(115, '114', '11002147', '2019-01-07', 'CDLA XAVIER MARCOS CALLE 13', 'CDLA XAVIER MARCOS', 'CDLA XAVIER MARCOS', '""', '""', '""', '""', '0989539906', '', 1, 1, 114, 'PARRA AZUCENA ', '', 'HIJA', '0989596674', '', '""', '', '', 'Domestico', 1, '6 MB', '2,1', 'Alquiler', 22, '""', '""', 1, 1, '2021-06-25 00:00:00', '2021-06-25 00:00:00'),
	(116, '115', '11007511', '2019-05-15', 'RCTO EL ROSARIO SECTOR VINUEZA', 'RCTO EL ROSARIO ', 'RCTO EL ROSARIO ', '""', '""', '""', '""', '0959161317', '', 1, 1, 115, '', '', '', '', '', '""', '', '', 'Domestico', 1, '6 MB', '2,1', 'Alquiler', 22, '""', '""', 1, 1, '2021-06-25 00:00:00', '2021-06-25 00:00:00'),
	(117, '116', '11007623', '2019-07-10', 'RCTO EL ROSARIO SECTOR VINUEZA', 'RCTO EL ROSARIO ', 'RCTO EL ROSARIO ', '""', '""', '""', '""', '0981373251', '', 1, 1, 116, 'TENECORA CONDO JOSE ', '', 'HERMANO', '0959161317', '', '""', '', '', 'Domestico', 1, '6 MB', '2,1', 'Alquiler', 22, '""', '""', 1, 1, '2021-06-25 00:00:00', '2021-06-25 00:00:00'),
	(118, '117', '11005197', '2019-07-30', 'CDLA JAIME ROLDOS ', 'CDLA JAIME ROLDOS', 'CDLA JAIME ROLDOS', '""', '""', '""', '""', '0990210309', '', 1, 1, 117, '', '', '', '', '', '""', '', '', 'Domestico', 1, 'void', '2,1', 'Alquiler', 0, '""', '""', 0, 1, '2021-06-25 00:00:00', '2021-06-25 00:00:00'),
	(119, '118', '11003184', '2019-06-24', 'PARROQUIA ROBERTO ASTUDILLO', 'CENTRO PARROQUIA', 'CENTRO PARROQUIA', '""', '""', '""', '""', '0980875908', '', 1, 2, 118, '', '', '', '', '', '""', '', '', 'Domestico', 1, '6 MB', '2,1', 'Alquiler', 22, '""', '""', 1, 1, '2021-06-25 00:00:00', '2021-06-25 00:00:00'),
	(120, '119', '11007107', '2019-01-28', 'RCTO EL ROSARIO', 'RCTO EL ROSARIO ', 'RCTO EL ROSARIO ', '""', '""', '""', '""', '0979973335', '', 1, 1, 119, '', '', '', '', '', '""', '', '', 'Domestico', 1, '6 MB', '2,1', 'Alquiler', 22, '""', '""', 1, 1, '2021-06-25 00:00:00', '2021-06-25 00:00:00'),
	(121, '120', '11007391', '2019-01-14', 'RCTO ROCAFUERTE FRENTE DEL CAMPAMENTO FERRIL', 'RCTO ROCAFUERTE', 'RCTO ROCAFUERTE', '""', '""', '""', '""', '0968502217', '', 1, 1, 120, 'VILLA JUAN PABLO', '', 'HIJO', '0968502217', '', '""', '', '', 'Domestico', 1, '6 MB', '2,1', 'Alquiler', 22, '""', '""', 1, 1, '2021-06-25 00:00:00', '2021-06-25 00:00:00'),
	(122, '121', '11007332', '2019-01-14', 'RCTO ROCAFUERTE', 'RCTO ROCAFUERTE', 'RCTO ROCAFUERTE', '""', '""', '""', '""', '0968502217', '', 1, 1, 121, '', '', '', '', '', '""', '', '', 'Domestico', 1, '10 MB', '2,1', 'Alquiler', 30, '""', '""', 1, 1, '2021-06-25 00:00:00', '2021-06-25 00:00:00'),
	(123, '122', '11002649', '2019-07-31', 'CDLA XAVIER MARCOS CALLES FLOR MARIA VALVERDE Y ABRAHAM BEDRAN ', 'CDLA XAVIER MARCOS', 'CDLA XAVIER MARCOS', '""', '""', '""', '""', '0980726181', '', 1, 1, 122, 'VILLON NAVARRETE MAGNO', '', 'ESPOSO', '0999776286', '', '""', '', '', 'Domestico', 0, '6 MB', '2,1', 'Alquiler', 22, '""', '""', 1, 1, '2021-06-25 00:00:00', '2021-06-25 00:00:00'),
	(124, '123', '11005145', '2019-05-16', 'CDLA ABRHAM BITAR CALLE AMAZONAS ', 'CDLA ABRAHAM BITAR ', 'CDLA ABRAHAM BITAR ', '""', '""', '""', '""', '0960054779', '', 1, 1, 123, 'ZAMBRANO TORRES NARCISA ', '', 'HIJA', '0960893783', 'ZAMBRANO TORRES BRIGGITTE', '""', 'HIJA', '0969082058', 'Domestico', 1, '6 MB', '2,1', 'Alquiler', 22, '""', '""', 1, 1, '2021-06-25 00:00:00', '2021-06-25 00:00:00'),
	(125, '124', '11002515', '2019-01-22', 'CDLA XAVIER MARCOS CALLES TELMO BEDRAN Y SALOME CORNEJO', 'CDLA XAVIER MARCOS', 'CDLA XAVIER MARCOS', '""', '""', '""', '""', '0994732242', '', 1, 1, 124, '', '', '', '', '', '""', '', '', 'Domestico', 0, '6 MB', '2,1', 'Alquiler', 22, '""', '""', 1, 1, '2021-06-25 00:00:00', '2021-06-25 00:00:00'),
	(126, '125', '11002443', '2019-01-29', 'CDLA XAVIER MARCOS AV 5 DE OCTUBRE Y VICENTE ROCAFUERTE ', 'CDLA XAVIER MARCOS', 'CDLA XAVIER MARCOS', '""', '""', '""', '""', '0921636114', '', 1, 1, 125, '', '', '', '', '', '""', '', '', 'Domestico', 1, 'void', '2,1', 'Alquiler', 0, '""', '""', 0, 1, '2021-06-25 00:00:00', '2021-06-25 00:00:00'),
	(127, '126', '11007604', '2019-04-17', 'RCTO EL ROSARIO SECTOR HNOS LOPEZ', 'RCTO EL ROSARIO ', 'RCTO EL ROSARIO ', '""', '""', '""', '""', '0983699167', '', 1, 1, 126, 'PILCO LEMA MARIA ISABEL', '', 'HIJA ', '0985983606', '', '""', '', '', 'Domestico', 1, 'void', '2,1', 'Alquiler', 0, '""', '""', 0, 1, '2021-06-25 00:00:00', '2021-06-25 00:00:00'),
	(128, '127', '11254134', '2019-01-16', 'CDLA ASAAD BUCARAN UNA CUADRA DEL CHIFON', 'CDLA ASAAD BUCARAM ', 'CDLA ASAAD BUCARAM ', '""', '""', '""', '""', '0993522654', '', 1, 1, 127, '', '', '', '', '', '""', '', '', 'Domestico', 1, '6 MB', '2,1', 'Alquiler', 22, '""', '""', 0, 1, '2021-06-25 00:00:00', '2021-06-25 00:00:00'),
	(129, '128', '11254656', '2019-08-22', 'PARROQUIA LORENZO DE GARAICOA AV. FIRMAT DETRÁS EL TANQUE DE CEMENTO', 'CENTRO GARAICOA', 'CENTRO GARAICOA', '""', '""', '""', '""', '0979552244', '', 1, 3, 128, 'SALAZAR ACOSTA JACSON ARTURO', '', 'ESPOSO', '0959884567', '', '""', '', '', 'Domestico', 1, '6 MB', '2,1', 'Alquiler', 22, '""', '""', 1, 1, '2021-06-25 00:00:00', '2021-06-25 00:00:00'),
	(130, '129', '11002106', '2019-01-11', 'CDLA XAVIER MARCOS CALLE JAIME ORTIZ Y MERY LITUMA ', 'CDLA XAVIER MARCOS', 'CDLA XAVIER MARCOS', '""', '""', '""', '""', '0991327976', '', 1, 1, 129, '', '', '', '', '', '""', '', '', 'Domestico', 1, '6 MB', '2,1', 'Alquiler', 22, '""', '""', 1, 1, '2021-06-25 00:00:00', '2021-06-25 00:00:00'),
	(131, '130', '11002380', '2019-01-30', 'CDLA XAVIER MARCOS CALLE ISIDORO ACURIO Y S/N', 'CDLA XAVIER MARCOS', 'CDLA XAVIER MARCOS', '""', '""', '""', '""', '0968788881', '', 1, 1, 130, 'ELIZONDO ELIZABETH', '', 'SUEGRA ', '0939108822', '', '""', '', '', 'Domestico', 1, '6 MB', '2,1', 'Alquiler', 22, '""', '""', 1, 1, '2021-06-25 00:00:00', '2021-06-25 00:00:00'),
	(132, '131', '11254664', '2019-08-26', 'PARROQUIA LORENZO DE GARAICOA AV. RICARDO FIRMAT 100M ANTES DEL CUERPO DE BOMBEROS ', 'CENTRO GARAICOA', 'CENTRO GARAICOA', '""', '""', '""', '""', '0979557453', '', 1, 3, 131, '', '', '', '', '', '""', '', '', 'Domestico', 1, '6 MB', '2,1', 'Alquiler', 22, '""', '""', 1, 1, '2021-06-25 00:00:00', '2021-06-25 00:00:00'),
	(133, '132', '11002512', '2019-01-28', 'CDLA ELIECER PEREZ CALLEJON 58 Y GARCIA MORENO ', 'CDLA ELIECER PEREZ ', 'CDLA ELIECER PEREZ ', '""', '""', '""', '""', '0959428179', '', 1, 1, 132, '', '', '', '', '', '""', '', '', 'Domestico', 1, '6 MB', '2,1', 'Alquiler', 22, '""', '""', 1, 1, '2021-06-25 00:00:00', '2021-06-25 00:00:00'),
	(134, '133', '11003662', '2019-08-28', 'PARROQUIA ROBERTO ASTUDIO SECTOR VENECIA DE CHIMBO ENTRANDO POR LA IGLESIA 1KM', 'VENECIA CHIMBO', 'VENECIA CHIMBO', '""', '""', '""', '""', '0989745355', '', 1, 2, 133, 'RODRIGUEZ LEON LENIN', '', 'PADRASTRO', '0993544589', '', '""', '', '', 'Domestico', 1, '6 MB', '2,1', 'Alquiler', 22, '""', '""', 0, 1, '2021-06-25 00:00:00', '2021-06-25 00:00:00'),
	(135, '134', '11254252', '2019-08-28', 'CDLA SANTO DOMINGO CALLE D Y CALLE 29', 'CDLA SANTO DOMINGO ', 'CDLA SANTO DOMINGO ', '""', '""', '""', '""', '0979983259', '', 1, 1, 134, 'CHUCHO MARIA ', '', 'MADRE', '0985188007', '', '""', '', '', 'Domestico', 1, '6 MB', '2,1', 'Alquiler', 22, '""', '""', 1, 1, '2021-06-25 00:00:00', '2021-06-25 00:00:00'),
	(136, '135', '11006543', '2019-01-28', 'PARROQUIA ROBERTO ASTUDILLO AV VELASCO IBARRA A LADO DE LAVADORA DE AUTOS ', 'CENTRO PARROQUIA', 'CENTRO PARROQUIA', '""', '""', '""', '""', '0985185253', '', 1, 2, 135, 'ARIZABAL RAMOS MAYRA ', '', 'ESPOSA', '0983621016', '', '""', '', '', 'Domestico', 1, '6 MB', '2,1', 'Alquiler', 22, '""', '""', 1, 1, '2021-06-25 00:00:00', '2021-06-25 00:00:00'),
	(137, '136', '11002389', '2019-01-04', 'CDLA XAVIER MARCOS CALLES TATIANA BARRETE Y CALLE 60', 'CDLA XAVIER MARCOS', 'CDLA XAVIER MARCOS', '""', '""', '""', '""', '0959117589', '', 1, 1, 136, 'VIJAY RICHARD ', '', 'HIJO', '0939100302', 'VIJAY CAROLINE', '""', 'HIJA', '0988801031', 'Domestico', 0, '6 MB', '2,1', 'Alquiler', 22, '""', '""', 1, 1, '2021-06-25 00:00:00', '2021-06-25 00:00:00'),
	(138, '137', '11002340', '2019-01-10', 'CDLA XAVIER MARCOS CALLE ISIDORO ACURIO Y S/N', 'CDLA XAVIER MARCOS', 'CDLA XAVIER MARCOS', '""', '""', '""', '""', '0967072118', '', 1, 1, 137, '', '', '', '', '', '""', '', '', 'Domestico', 1, '10 MB', '2,1', 'Alquiler', 30, '""', '""', 0, 1, '2021-06-25 00:00:00', '2021-06-25 00:00:00'),
	(139, '138', '11008251', '2019-01-30', 'CDLA XAVIER MARCOS CALLE 13 MANZANA 93 SOLAR 8Y9', 'CDLA XAVIER MARCOS', 'CDLA XAVIER MARCOS', '""', '""', '""', '""', '042721426', '0989883937', 1, 1, 138, 'ROJAS PINOS ALICIA ', '', 'MADRE', '0959188097', '', '""', '', '', 'Domestico', 1, '6 MB', '2,1', 'Alquiler', 22, '""', '""', 1, 1, '2021-06-25 00:00:00', '2021-06-25 00:00:00'),
	(140, '139', '11006663', '2019-09-09', 'PARROQUIA ROBERTO ASTUDILLO RCTO FLOR DEL BOSQUE ', 'FLOR DEL BOSQUE ', 'FLOR DEL BOSQUE ', '""', '""', '""', '""', '0959127318', '', 1, 2, 139, 'CARRANZA SEBASTIAN', '', 'HERMANO', '0997649358', '', '""', '', '', 'Domestico', 1, '6 MB', '2,1', 'Alquiler', 22, '""', '""', 1, 1, '2021-06-25 00:00:00', '2021-06-25 00:00:00'),
	(141, '140', '11003665', '2019-09-12', 'PARROQUIA ROBERTO ASTUDILLO SECTOR VENECIA VIA CHIMBO A  100M DEL SEGURO CAMPESINO ', 'VENECIA CHIMBO', 'VENECIA CHIMBO', '""', '""', '""', '""', '0967341238', '', 1, 2, 140, 'FRANCO SORIANO GLENDA', '', 'ESPOSA', '0978986070', '', '""', '', '', 'Domestico', 1, '6 MB', '2,1', 'Alquiler', 22, '""', '""', 0, 1, '2021-06-25 00:00:00', '2021-06-25 00:00:00'),
	(142, '141', '11003382', '2019-09-12', 'PARROQUIA ROBERTO ASTUDILLO SECTOR VENECIA VIA CHIMBO A  200M DEL SEGURO CAMPESINO ', 'VENECIA CHIMBO', 'VENECIA CHIMBO', '""', '""', '""', '""', '0985090950', '', 1, 2, 141, 'VALERO ORAMAS MELANY', '', 'HERMANA', '0992097842', '', '""', '', '', 'Domestico', 1, '10 MB', '2,1', 'Alquiler', 30, '""', '""', 0, 1, '2021-06-25 00:00:00', '2021-06-25 00:00:00'),
	(143, '142', '11002325', '2019-01-17', 'CDLA XAVIER MARCOS CALLE TATIANA BARRETO Y S/N', 'CDLA XAVIER MARCOS', 'CDLA XAVIER MARCOS', '""', '""', '""', '""', '0959168388', '', 1, 1, 142, 'MORALES CLARA ', '', 'ABUELA ', '0994782271', '', '""', '', '', 'Domestico', 1, '6 MB', '2,1', 'Alquiler', 22, '""', '""', 1, 1, '2021-06-25 00:00:00', '2021-06-25 00:00:00'),
	(144, '143', '11003576', '2019-01-27', 'PARROQUIA ROBERTO ASTUDILLO ', 'CENTRO PARROQUIA', 'CENTRO PARROQUIA', '""', '""', '""', '""', '0981780895', '', 1, 2, 143, '', '', '', '', '', '""', '', '', 'Domestico', 1, '6 MB', '2,1', 'Alquiler', 22, '""', '""', 1, 1, '2021-06-25 00:00:00', '2021-06-25 00:00:00'),
	(145, '144', '11003666', '2019-09-13', 'PARROQUIA ROBERTO ASTUDILLO SECTOR CRISTO CONSUELO', 'CRISTO CONSUELO', 'CRISTO CONSUELO', '""', '""', '""', '""', '0990871696', '', 1, 2, 144, 'ARANA GLORIA', '', 'MADRE', '0997513859', '', '""', '', '', 'Domestico', 1, '6 MB', '2,1', 'Alquiler', 22, '""', '""', 0, 1, '2021-06-25 00:00:00', '2021-06-25 00:00:00'),
	(146, '145', '11003668', '2019-09-18', 'PARROQUIA ROBERTO ASTUDILLO RCTO CAMPAMENTO', 'CAMPAMENTO', 'CAMPAMENTO', '""', '""', '""', '""', '0968282074', '', 1, 2, 145, '', '', '', '', '', '""', '', '', 'Domestico', 1, '10 MB', '2,1', 'Alquiler', 30, '""', '""', 1, 1, '2021-06-25 00:00:00', '2021-06-25 00:00:00'),
	(147, '146', '11003666', '2019-09-17', 'PARROQUIA ROBERTO ASTUDILLO SECTOR VENECIA VIA CHIMBO CERCA DEL SEGURO CAMPESINO', 'VENECIA CHIMBO', 'VENECIA CHIMBO', '""', '""', '""', '""', '0981316775', '', 1, 2, 146, 'QUINTUÑA MARIN HENRRY', '', 'ESPOSO', '0981316775', '', '""', '', '', 'Domestico', 1, '6 MB', '2,1', 'Alquiler', 22, '""', '""', 0, 1, '2021-06-25 00:00:00', '2021-06-25 00:00:00'),
	(148, '147', '11005373', '2019-01-23', 'CDLA SAN LUIS CALLES S/N ATRÁS DEL UPC', 'CDLA SAN LUIS', 'CDLA SAN LUIS', '""', '""', '""', '""', '0988336298', '', 1, 1, 147, '', '', '', '', '', '""', '', '', 'Domestico', 1, '6 MB', '2,1', 'Alquiler', 22, '""', '""', 1, 1, '2021-06-25 00:00:00', '2021-06-25 00:00:00'),
	(149, '148', '11006128', '2019-01-20', 'PARROQUIA ROBERTO ASTUDILLO RCTO BELDACO PASANDO LA SUBESTACION 500M ', 'CRUCES CHICO VIA BELDACO', 'CRUCES CHICO VIA BELDACO', '""', '""', '""', '""', '0995310077', '', 1, 2, 148, '', '', '', '', '', '""', '', '', 'Domestico', 1, '10 MB', '2,1', 'Alquiler', 30, '""', '""', 1, 1, '2021-06-25 00:00:00', '2021-06-25 00:00:00'),
	(150, '149', '11003669', '2019-09-24', 'PARROQUIA ROBERTO ASTUDILLO RCTO SAN FRANCISCO BAJANDO EL PUENTO ', 'SAN FRANCISCO', 'SAN FRANCISCO', '""', '""', '""', '""', '0987898162', '', 1, 2, 149, '', '', '', '', '', '""', '', '', 'Domestico', 1, '6 MB', '2,1', 'Alquiler', 22, '""', '""', 1, 1, '2021-06-25 00:00:00', '2021-06-25 00:00:00'),
	(151, '150', '11002339', '2019-09-30', 'CDLA JAIME ROLDOS CALLE 9 DE OCTUBRE Y CARMEN BARRERA ', 'CDLA JAIME ROLDOS', 'CDLA JAIME ROLDOS', '""', '""', '""', '""', '0960491133', '', 1, 1, 150, '', '', '', '', '', '""', '', '', 'Domestico', 1, '6 MB', '2,1', 'Alquiler', 22, '""', '""', 1, 1, '2021-06-25 00:00:00', '2021-06-25 00:00:00'),
	(152, '151', '11007485', '2019-02-01', 'RCTO ROCAFUERTE FRENTE A LA IGLESIA EVANGELICA ', 'RCTO ROCAFUERTE', 'RCTO ROCAFUERTE', '""', '""', '""', '""', '0985614498', '', 1, 1, 151, 'FLORES ALLAN', '', 'HIJO', '0990975722', '', '""', '', '', 'Domestico', 1, '6 MB', '2,1', 'Alquiler', 22, '""', '""', 1, 1, '2021-06-25 00:00:00', '2021-06-25 00:00:00'),
	(153, '152', '11007670', '2019-10-08', 'RCTO ROCAFUERTE A 100M DE LAS CANCHAS DE VOLEY', 'RCTO ROCAFUERTE', 'RCTO ROCAFUERTE', '""', '""', '""', '""', '0979689205', '', 1, 1, 152, '', '', '', '', '', '""', '', '', 'Domestico', 1, '10 MB', '2,1', 'Alquiler', 30, '""', '""', 0, 1, '2021-06-25 00:00:00', '2021-06-25 00:00:00'),
	(154, '153', '11002671', '2019-10-08', 'CDLA XAVIER MARCOS CALLES GALO LA TORRE Y CALLE TRECE', 'CDLA XAVIER MARCOS', 'CDLA XAVIER MARCOS', '""', '""', '""', '""', '0939114633', '', 1, 1, 153, 'JARA DIEGO', '', 'HERMANO', '0989236489', 'JARA DIEGO', '""', 'PADRE', '0993635042', 'Domestico', 1, '10 MB', '2,1', 'Alquiler', 30, '""', '""', 1, 1, '2021-06-25 00:00:00', '2021-06-25 00:00:00'),
	(155, '154', '11002235', '2019-01-27', 'CDLA XAVIER MARCOS AV 9 DE OCTUBRE Y CARLOS VELASTEGUI ', 'CDLA XAVIER MARCOS', 'CDLA XAVIER MARCOS', '""', '""', '""', '""', '0993342780', '0993958161', 1, 1, 154, '', '', '', '', '', '""', '', '', 'Domestico', 1, '6 MB', '2,1', 'Alquiler', 22, '""', '""', 1, 1, '2021-06-25 00:00:00', '2021-06-25 00:00:00'),
	(156, '155', '11007603', '2019-04-17', 'RCTO EL ROSARIO SECTOR HNOS LOPEZ ENTRANDO POR EL DISPENSARIO MEDICO', 'RCTO EL ROSARIO ', 'RCTO EL ROSARIO ', '""', '""', '""', '""', '0969244560', '', 1, 1, 155, '', '', '', '', '', '""', '', '', 'Domestico', 1, 'void', '2,1', 'Alquiler', 0, '""', '""', 0, 1, '2021-06-25 00:00:00', '2021-06-25 00:00:00'),
	(157, '156', '11007360', '2019-01-15', 'RCTO ROCAFUERTE DETRÁS DEL ALBERGUE DIAGONAL AL TANQUE DE AGUA ', 'RCTO ROCAFUERTE', 'RCTO ROCAFUERTE', '""', '""', '""', '""', '0984538194', '', 1, 1, 156, 'SUAREZ RODRIGUEZ PAMELA', '', 'HIJA ', '0997636731', '', '""', '', '', 'Domestico', 1, '6 MB', '2,1', 'Alquiler', 22, '""', '""', 0, 1, '2021-06-25 00:00:00', '2021-06-25 00:00:00'),
	(158, '157', '11006672', '2019-10-15', 'PARROQUIA ROBERTO ASTUDILLO RCTO SAN ANTONIO', 'SAN ANTONIO ', 'SAN ANTONIO ', '""', '""', '""', '""', '0989977272', '', 1, 2, 157, 'CRIOLLO ALEX ', '', 'PRIMO', '0980499675', 'CRIOLLO ALINO', '""', 'TIO', '0959653825', 'Domestico', 1, '6 MB', '2,1', 'Alquiler', 22, '""', '""', 0, 1, '2021-06-25 00:00:00', '2021-06-25 00:00:00'),
	(159, '158', '11002398', '2019-01-14', 'CDLA XAVIER MARCOS AV. AUGUSTO AYALA ', 'CDLA XAVIER MARCOS', 'CDLA XAVIER MARCOS', '""', '""', '""', '""', '0981957016', '', 1, 1, 158, '', '', '', '', '', '""', '', '', 'Domestico', 1, '6 MB', '2,1', 'Alquiler', 22, '""', '""', 0, 1, '2021-06-25 00:00:00', '2021-06-25 00:00:00'),
	(160, '159', '11002370', '2019-01-23', 'CDLA XAVIER MARCOS CALLE JUAN PAREDES ', 'CDLA XAVIER MARCOS', 'CDLA XAVIER MARCOS', '""', '""', '""', '""', '0000000000', '', 1, 1, 159, '', '', '', '', '', '""', '', '', 'Domestico', 1, '6 MB', '2,1', 'Alquiler', 22, '""', '""', 1, 1, '2021-06-25 00:00:00', '2021-06-25 00:00:00'),
	(161, '160', '11002146', '2019-01-22', 'CDLA XAVIER MARCOS CALLES NELLY VILLACRES Y FLOR MARIA VALVERDE ', 'CDLA XAVIER MARCOS', 'CDLA XAVIER MARCOS', '""', '""', '""', '""', '0994520312', '', 1, 1, 160, '', '', '', '', '', '""', '', '', 'Domestico', 0, '6 MB', '2,1', 'Alquiler', 22, '""', '""', 1, 1, '2021-06-25 00:00:00', '2021-06-25 00:00:00'),
	(162, '161', '11008495', '2019-01-13', 'CDLA XAVIER MARCOS CALLE 13', 'CDLA XAVIER MARCOS', 'CDLA XAVIER MARCOS', '""', '""', '""', '""', '0986092822', '', 1, 1, 161, '', '', '', '', '', '""', '', '', 'Domestico', 1, '6 MB', '2,1', 'Alquiler', 22, '""', '""', 0, 1, '2021-06-25 00:00:00', '2021-06-25 00:00:00'),
	(163, '162', '11002456', '2019-01-29', 'CDLA XAVIER MARCOS CALLE FLOR CAMPOVERDE Y JAIME ORTIZ', 'CDLA XAVIER MARCOS', 'CDLA XAVIER MARCOS', '""', '""', '""', '""', '0996936649', '', 1, 1, 162, '', '', '', '', '', '""', '', '', 'Domestico', 0, '6 MB', '2,1', 'Alquiler', 22, '""', '""', 1, 1, '2021-06-25 00:00:00', '2021-06-25 00:00:00'),
	(164, '163', '11003673', '2019-10-21', 'PARROQUIA ROBERTO ASTUDILLO SECTOR VENECIA CENTRAL', 'VENECIA CENTRAL ', 'VENECIA CENTRAL ', '""', '""', '""', '""', '0989112655', '', 1, 2, 163, 'GUEVARA HEIDY', '', 'HIJA', '0989112655', 'GUEVARA NESTOR', '""', 'HIJO', '0982860184', 'Domestico', 1, '6 MB', '2,1', 'Alquiler', 22, '""', '""', 0, 1, '2021-06-25 00:00:00', '2021-06-25 00:00:00'),
	(165, '164', '11002139', '2019-01-28', 'CDLA ELIECER PEREZ JURADO A 100M DE LA ANTENA ', 'CDLA ELIECER PEREZ ', 'CDLA ELIECER PEREZ ', '""', '""', '""', '""', '0992794741', '', 1, 1, 164, 'SARCOS LEON MARIBEL', '', 'MADRE', '0998124016', '', '""', '', '', 'Domestico', 1, '6 MB', '2,1', 'Alquiler', 22, '""', '""', 1, 1, '2021-06-25 00:00:00', '2021-06-25 00:00:00'),
	(166, '165', '11003431', '2019-10-07', 'PARROQUIA ROBERTO ASTUDILLO SECTOR VENECIA ', 'VENECIA CENTRAL ', 'VENECIA CENTRAL ', '""', '""', '""', '""', '099077763', '', 1, 2, 165, '', '', '', '', '', '""', '', '', 'Domestico', 1, '6 MB', '2,1', 'Alquiler', 22, '""', '""', 0, 1, '2021-06-25 00:00:00', '2021-06-25 00:00:00'),
	(167, '166', '11006674', '2019-10-18', 'PARROQUIA ROBERTO ASTUDILLO SECTOR CRUCES CHICO', 'CRUCES CHICO VIA BELDACO', 'CRUCES CHICO VIA BELDACO', '""', '""', '""', '""', '0993088126', '0990113487', 1, 2, 166, 'ALVAREZ PARRA MEDARDO', '', 'NOVIO', '0967335795', '', '""', '', '', 'Domestico', 1, '6 MB', '2,1', 'Alquiler', 22, '""', '""', 1, 1, '2021-06-25 00:00:00', '2021-06-25 00:00:00'),
	(168, '167', '11002675', '2019-10-22', 'CDLA SAN ENRQUE AV. 5 DE OCTUBRE Y GRAL GALO LA TORRE A LADO DE QUANTIKA', 'CDLA SAN ENRIQUE ', 'CDLA SAN ENRIQUE ', '""', '""', '""', '""', '0991526149', '', 1, 1, 167, '', '', '', '', '', '""', '', '', 'Domestico', 1, '6 MB', '2,1', 'Alquiler', 22, '""', '""', 1, 1, '2021-06-25 00:00:00', '2021-06-25 00:00:00'),
	(169, '168', '11006676', '2019-10-22', 'PARROQUIA ROBERTO ASTUDILLO SECTOR SAN PEDRO ', 'SAN PEDRO ', 'SAN PEDRO ', '""', '""', '""', '""', '0967450700', '', 1, 2, 168, 'MARTINEZ BUENO JOSE ', '', 'AMIGO', '0986523176', '', '""', '', '', 'Domestico', 1, '6 MB', '2,1', 'Alquiler', 22, '""', '""', 0, 1, '2021-06-25 00:00:00', '2021-06-25 00:00:00'),
	(170, '169', '11006677', '2019-10-23', 'PARROQUIA ROBERTO ASTUDILLO SECTOR SAN ANTONIO', 'SAN ANTONIO ', 'SAN ANTONIO ', '""', '""', '""', '""', '0939931666', '', 1, 2, 169, 'CRIOLLO DARWIN', '', 'PRIMO', '0989977272', '', '""', '', '', 'Domestico', 1, '6 MB', '2,1', 'Alquiler', 22, '""', '""', 1, 1, '2021-06-25 00:00:00', '2021-06-25 00:00:00'),
	(171, '170', '11254678', '2019-10-30', 'PARROQUIA LORENZO GARAICOA VIA A RCTO SOLEDAD FRENTE AL CEMENTERIO ', 'VIA SOLEDAD ', 'VIA SOLEDAD ', '""', '""', '""', '""', '0979400980', '', 1, 3, 170, 'ACOSTA LAILA', '', 'ESPOSA', '0991156988', '', '""', '', '', 'Domestico', 1, '6 MB', '2,1', 'Alquiler', 22, '""', '""', 1, 1, '2021-06-25 00:00:00', '2021-06-25 00:00:00'),
	(172, '171', '11254582', '2019-01-30', 'RCTO LA PACIENCIA ', 'RCTO LA PACIENCIA ', 'RCTO LA PACIENCIA ', '""', '""', '""', '""', '0980550071', '', 1, 1, 171, '', '', '', '', '', '""', '', '', 'Domestico', 1, '6 MB', '2,1', 'Alquiler', 22, '""', '""', 1, 1, '2021-06-25 00:00:00', '2021-06-25 00:00:00'),
	(173, '172', '11003699', '2019-11-21', 'PARROQUIA ROBERTO ASTUDILLO RCTO. VENECIA DE CHIMBO CERCA DE LA CANCHA DE FUTBOL', 'VENECIA CHIMBO', 'VENECIA CHIMBO', '""', '""', '""', '""', '0979457022', '', 1, 2, 172, 'SORIANO LUNA ALFREDO IGNACIO', '', 'CUÑADO', '0980908323', '', '""', '', '', 'Domestico', 1, '10 MB', '2,1', 'Alquiler', 30, '""', '""', 0, 1, '2021-06-25 00:00:00', '2021-06-25 00:00:00'),
	(174, '173', '11003696', '2019-11-19', 'PARROQUIA ROBERTO ASTUDILLO RCTO LOS SAUCES ', 'CAMPAMENTO', 'CAMPAMENTO', '""', '""', '""', '""', '0980094187', '', 1, 2, 173, 'CASTRO ARIAS MARIA DEL ROCIO', '', 'SUEGRA', '0979867629', 'PINEDA CASTRO GISSELA ELIZABETH', '""', 'ESPOSA', '0969781725', 'Domestico', 1, '6 MB', '2,1', 'Alquiler', 22, '""', '""', 1, 1, '2021-06-25 00:00:00', '2021-06-25 00:00:00'),
	(175, '174', '11003695', '2019-11-19', 'PARROQUIA ROBBERTO ASTUDILLO SECTOR LAS PARCELAS ', 'CAMPAMENTO', 'CAMPAMENTO', '""', '""', '""', '""', '0961482752', '', 1, 2, 174, 'ZAPATA GEOVANNY', '', 'PADRE', '0990868414', '', '""', '', '', 'Domestico', 1, '6 MB', '2,1', 'Alquiler', 22, '""', '""', 0, 1, '2021-06-25 00:00:00', '2021-06-25 00:00:00'),
	(176, '175', '11002595', '2019-11-19', 'CDLA XAVIER MARCOS CALLE 13 VIA A 4CERCA A AL ESTERO', 'CDLA XAVIER MARCOS', 'CDLA XAVIER MARCOS', '""', '""', '""', '""', '0983020876', '0994542530', 1, 1, 175, '', '', '', '', '', '""', '', '', 'Domestico', 1, '6 MB', '2,1', 'Alquiler', 22, '""', '""', 1, 1, '2021-06-25 00:00:00', '2021-06-25 00:00:00'),
	(177, '176', '11006701', '2019-11-19', 'PARROQUIA ROBERTO ASTUDILLO SECTOR LAS PARCELAS ', 'CAMPAMENTO', 'CAMPAMENTO', '""', '""', '""', '""', '0989505231', '', 1, 2, 176, 'CHICAIZA HOLGER ', '', 'PADRE', '0960234108', '', '""', '', '', 'Domestico', 1, '6 MB', '2,1', 'Alquiler', 22, '""', '""', 0, 1, '2021-06-25 00:00:00', '2021-06-25 00:00:00'),
	(178, '177', '11003698', '2019-11-20', 'PARROQUIA ROBERTO ASTUDILLO SECTOR VENECIA DE CHIMBO A 100M DEL DISPENSARIO DE SALUD ', 'VENECIA CHIMBO', 'VENECIA CHIMBO', '""', '""', '""', '""', '0997155504', '', 1, 2, 177, 'BERMEO FALCONI ANTONIO ', '', 'SUEGRO', '0994888958', '', '""', '', '', 'Domestico', 1, '6 MB', '2,1', 'Alquiler', 22, '""', '""', 1, 1, '2021-06-25 00:00:00', '2021-06-25 00:00:00'),
	(179, '178', '11003692', '2019-11-08', 'PARROQUIA ROBERTO ASTUDILLO SECTOR DIVINO NIÑO ENTRANDO POR LA VETERINARIA ', 'DIVINO NIÑO', 'DIVINO NIÑO', '""', '""', '""', '""', '0967373469', '', 1, 2, 178, 'CAISABANDA NIVELO JOHANNA', '', 'HIJA', '0991447823', 'CAISABANDA NIVELO EDUARDO', '""', 'HIJO', '0939919195', 'Domestico', 1, '6 MB', '2,1', 'Alquiler', 22, '""', '""', 1, 1, '2021-06-25 00:00:00', '2021-06-25 00:00:00'),
	(180, '179', '11005361', '2019-01-23', 'CDLA XAVIER MARCOS AV. 9 DE OCTUBRE Y OSWALDO BACUY PARTE POSTERIOR DEL COLEGIO DEL MILENIO ', 'CDLA XAVIER MARCOS', 'CDLA XAVIER MARCOS', '""', '""', '""', '""', '0999912611', '', 1, 1, 179, 'RIOS LORENA ', '', 'MADRE', '0985017581', 'CEDEÑO SOTICO', '""', 'PADRE', '0990792993', 'Domestico', 1, '6 MB', '2,1', 'Alquiler', 22, '""', '""', 1, 1, '2021-06-25 00:00:00', '2021-06-25 00:00:00'),
	(181, '180', '11003702', '2019-11-15', 'PARROQUIA ROBERTO ASTUDILLO SECTOR EL GUABO A 400M DE LA ESCUELA ', 'EL GUABO Y GUABI', 'EL GUABO Y GUABI', '""', '""', '""', '""', '0978828079', '', 1, 2, 180, 'PEREZ LOPEZ WASHINGTON', '', 'PADRE', '0963276515', 'LANDA SARMIENTO ZOILA', '""', 'MADRE', '0994595309', 'Domestico', 1, '10 MB', '2,1', 'Alquiler', 30, '""', '""', 1, 1, '2021-06-25 00:00:00', '2021-06-25 00:00:00'),
	(182, '181', '11003426', '2019-11-23', 'PARROQUIA ROBERTO ASTUDILLO VIA VENECIA CENTRAL', 'VENECIA CENTRAL ', 'VENECIA CENTRAL ', '""', '""', '""', '""', '0999533297', '', 1, 2, 181, '', '', '', '', '', '""', '', '', 'Domestico', 1, '6 MB', '2,1', 'Alquiler', 22, '""', '""', 0, 1, '2021-06-25 00:00:00', '2021-06-25 00:00:00'),
	(183, '182', '11005223', '2019-01-11', 'CDLA JAIME ROLDOS CALLES TELMO ROBAYO Y NICOLAS BARRERA ', 'CDLA JAIME ROLDOS', 'CDLA JAIME ROLDOS', '""', '""', '""', '""', '0997272766', '0980918189', 1, 1, 182, '', '', '', '', '', '""', '', '', 'Domestico', 1, '6 MB', '2,1', 'Alquiler', 22, '""', '""', 0, 1, '2021-06-25 00:00:00', '2021-06-25 00:00:00'),
	(184, '183', '11003295', '2019-01-20', 'PARROQUIA ROBERTO ASTUDILLO ', 'CAMPAMENTO', 'CAMPAMENTO', '""', '""', '""', '""', '0991105011', '', 1, 2, 183, '', '', '', '', '', '""', '', '', 'Domestico', 1, '6 MB', '2,1', 'Alquiler', 22, '""', '""', 0, 1, '2021-06-25 00:00:00', '2021-06-25 00:00:00'),
	(185, '184', '11005401', '2019-01-07', 'CDLA JAIME ROLDOS CALLES GENERAL CORDOVA Y GILMA ZAVALA ', 'CDLA JAIME ROLDOS', 'CDLA JAIME ROLDOS', '""', '""', '""', '""', '0994860610', '', 1, 1, 184, '', '', '', '', '', '""', '', '', 'Domestico', 1, '6 MB', '2,1', 'Alquiler', 22, '""', '""', 0, 1, '2021-06-25 00:00:00', '2021-06-25 00:00:00'),
	(186, '185', '11006679', '2019-11-26', 'PARROQUIA ROBERTO ASTUDILLO SECTOR LAS PALMAS ', 'LAS PALMAS ', 'LAS PALMAS ', '""', '""', '""', '""', '0991796666', '', 1, 2, 185, '', '', '', '', '', '""', '', '', 'Domestico', 1, '6 MB', '2,1', 'Alquiler', 22, '""', '""', 1, 1, '2021-06-25 00:00:00', '2021-06-25 00:00:00'),
	(187, '186', '11006700', '2019-11-22', 'PARROQUIA ROBERTO ASTUDILLO SECTOR EL PARAISO ', 'SAN ANTONIO ', 'SAN ANTONIO ', '""', '""', '""', '""', '0980442177', '', 1, 2, 186, '', '', '', '', '', '""', '', '', 'Domestico', 1, '6 MB', '2,1', 'Alquiler', 22, '""', '""', 1, 1, '2021-06-25 00:00:00', '2021-06-25 00:00:00'),
	(188, '187', '11006701', '2019-11-26', 'PARROQUIA ROBBERTO ASTUDILLO SECTOR NUEVA ESPERANZA TERCERA CASA PASANDO LA CANCHA ', 'CAMPAMENTO', 'CAMPAMENTO', '""', '""', '""', '""', '0997892328', '', 1, 2, 187, 'CHICAIZA GUSTAVO ', '', 'PADRE', '0997679961', '', '""', '', '', 'Domestico', 1, '6 MB', '2,1', 'Alquiler', 22, '""', '""', 1, 1, '2021-06-25 00:00:00', '2021-06-25 00:00:00'),
	(189, '188', '11006464', '2019-11-29', 'PARROQUIA ROBERTO ASTUDILLO SECTOR LAS PALMAS ', 'LAS PALMAS ', 'LAS PALMAS ', '""', '""', '""', '""', '0992252943', '', 1, 2, 188, '', '', '', '', '', '""', '', '', 'Domestico', 1, '6 MB', '2,1', 'Alquiler', 22, '""', '""', 0, 1, '2021-06-25 00:00:00', '2021-06-25 00:00:00'),
	(190, '189', '11003681', '2019-11-27', 'PARROQUIA ROBERTO ASTUUDILLO VIA VENECIA DE CHIMBO', 'VENECIA CHIMBO', 'VENECIA CHIMBO', '""', '""', '""', '""', '0961673326', '', 1, 2, 189, 'MANTUANO JOSEFINA', '', 'HERMANA', '0995856956', 'MARITZA MANTUANO', '""', 'MADRE', '0980397221', 'Domestico', 1, '6 MB', '2,1', 'Alquiler', 22, '""', '""', 1, 1, '2021-06-25 00:00:00', '2021-06-25 00:00:00'),
	(191, '190', '11002682', '2019-11-27', 'CDLA XAVIER MARCOS  CALLES FLOR MARIA VALVERDE Y YALILE YAPUR ', 'CDLA XAVIER MARCOS', 'CDLA XAVIER MARCOS', '""', '""', '""', '""', '0959794282', '', 1, 1, 190, '', '', '', '', '', '""', '', '', 'Domestico', 1, '6 MB', '2,1', 'Alquiler', 22, '""', '""', 0, 1, '2021-06-25 00:00:00', '2021-06-25 00:00:00'),
	(192, '191', '11003691', '2019-11-28', 'PARROQUIA ROBERTO ASTUDILLO SECTOR EL GUABO A 500M DE LA IGLESIA ', 'EL GUABO Y GUABI', 'EL GUABO Y GUABI', '""', '""', '""', '""', '0959473974', '', 1, 2, 191, 'GUALTAZACA JARA HERMINIA ', '', 'MADRE', '0989514281', '', '""', '', '', 'Domestico', 1, '6 MB', '2,1', 'Alquiler', 22, '""', '""', 1, 1, '2021-06-25 00:00:00', '2021-06-25 00:00:00'),
	(193, '192', '11254686', '2019-12-02', 'PARROQUIA LORENZO DE GARAICOA CALLES RICARDO FIRMAT Y 13 DE OCTUBRE A LADO DE LA JUNTA PARROQUIAL', 'CENTRO GARAICOA', 'CENTRO GARAICOA', '""', '""', '""', '""', '0961718970', '', 1, 3, 192, '', '', '', '', '', '""', '', '', 'Domestico', 1, '6 MB', '2,1', 'Alquiler', 22, '""', '""', 0, 1, '2021-06-25 00:00:00', '2021-06-25 00:00:00'),
	(194, '193', '11254685', '2019-12-02', 'PARROQUIA LORENZO DE GARAICOA CALLES RICARDO FIRMAT Y 13 DE OCTUBRE A LADO DE LA JUNTA PARROQUIAL', 'CENTRO GARAICOA', 'CENTRO GARAICOA', '""', '""', '""', '""', '0993596129', '', 1, 3, 193, '', '', '', '', '', '""', '', '', 'Domestico', 1, '6 MB', '2,1', 'Alquiler', 22, '""', '""', 0, 1, '2021-06-25 00:00:00', '2021-06-25 00:00:00'),
	(195, '194', '11005684', '2019-12-02', 'CDLA SAN LUIS CALLES 24-0 Y SIN CALLE ', 'CDLA SAN LUIS', 'CDLA SAN LUIS', '""', '""', '""', '""', '0986805511', '0986650640', 1, 1, 194, 'QUITO ROLDAN AGUSTINA', '', 'ESPOSA', '0959848901', '', '""', '', '', 'Domestico', 1, '6 MB', '2,1', 'Alquiler', 22, '""', '""', 1, 1, '2021-06-25 00:00:00', '2021-06-25 00:00:00'),
	(196, '195', '11003216', '2019-11-15', 'PARROQUIA ROBERTO ASTUDILLO ', 'VENECIA CENTRAL ', 'VENECIA CENTRAL ', '""', '""', '""', '""', '0967007318', '', 1, 2, 195, '', '', '', '', '', '""', '', '', 'Domestico', 1, '6 MB', '2,1', 'Alquiler', 22, '""', '""', 1, 1, '2021-06-25 00:00:00', '2021-06-25 00:00:00'),
	(197, '196', '11003687', '2019-12-05', 'PARROQUIA ROBERTO ASTUUDILLO BARRIO SAN PEDRO A 50M DE LA TORRE DE CLARO', 'SAN PEDRO ', 'SAN PEDRO ', '""', '""', '""', '""', '0994349972', '', 1, 2, 196, 'ARGUDO', '', 'HERMANO', '0986361026', '', '""', '', '', 'Domestico', 1, '6 MB', '2,1', 'Alquiler', 22, '""', '""', 1, 1, '2021-06-25 00:00:00', '2021-06-25 00:00:00'),
	(198, '197', '11006688', '2019-12-06', 'PARROQUIA ROBERTO ASTUDILLO SECTOR LOS SAUCES ', 'CAMPAMENTO', 'CAMPAMENTO', '""', '""', '""', '""', '0994001116', '0939115410', 1, 2, 197, '', '', '', '', '', '""', '', '', 'Domestico', 1, '10 MB', '2,1', 'Alquiler', 30, '""', '""', 1, 1, '2021-06-25 00:00:00', '2021-06-25 00:00:00'),
	(199, '198', '11003690', '2019-12-06', 'PARROQUIA ROBERTO ASTUDILLO SECTOR VENECIA DE CHIMBO', 'VENECIA CHIMBO', 'VENECIA CHIMBO', '""', '""', '""', '""', '0961614925', '099208541', 1, 2, 198, '', '', '', '', '', '""', '', '', 'Domestico', 1, '6 MB', '2,1', 'Alquiler', 22, '""', '""', 1, 1, '2021-06-25 00:00:00', '2021-06-25 00:00:00'),
	(200, '199', '11003415', '2019-12-10', 'PARROQUIA ROBERTO ASTUDILLO SECTOR FLOR DEL BOSQUE ', 'FLOR DEL BOSQUE ', 'FLOR DEL BOSQUE ', '""', '""', '""', '""', '0981686787', '', 1, 2, 199, 'MENDOZA LLIGUIN ELVIA ', '', 'HIJA', '0980206578', '', '""', '', '', 'Domestico', 1, '6 MB', '2,1', 'Alquiler', 22, '""', '""', 1, 1, '2021-06-25 00:00:00', '2021-06-25 00:00:00'),
	(201, '200', '11002375', '2019-01-05', 'CDLA SAN ENRIQUE ', 'CDLA SAN ENRIQUE ', 'CDLA SAN ENRIQUE ', '""', '""', '""', '""', '0959282398', '', 1, 1, 200, '', '', '', '', '', '""', '', '', 'Domestico', 1, '6 MB', '2,1', 'Alquiler', 22, '""', '""', 1, 1, '2021-06-25 00:00:00', '2021-06-25 00:00:00'),
	(202, '201', '11001697', '2019-12-16', 'PARROQUIA ROBERTO ASTUDILLO RCTO CAMPAMENTO SECTOR NUEVA ESPERANZA ', 'CAMPAMENTO', 'CAMPAMENTO', '""', '""', '""', '""', '0997454785', '', 1, 2, 201, 'VILLALVA WELLINTONG', '', 'TIO', '0997113080', '', '""', '', '', 'Domestico', 1, '6 MB', '2,1', 'Alquiler', 22, '""', '""', 1, 1, '2021-06-25 00:00:00', '2021-06-25 00:00:00'),
	(203, '202(PARROQUIA) ', '11001703', '2019-12-17', 'PARROQUIA ROBERTO ASTUDILLO AV VELASCO IBARRA UNA CUADRA ANTES DEL SEMAFORO ', 'CENTRO PARROQUIA', 'CENTRO PARROQUIA', '""', '""', '""', '""', '0985454221', '', 1, 2, 202, 'YANTALEMA PILATAI FRANCISCO', '', 'ESPOSO', '0968541768', '', '""', '', '', 'Domestico', 1, '6 MB', '2,1', 'Alquiler', 22, '""', '""', 1, 1, '2021-06-25 00:00:00', '2021-06-25 00:00:00'),
	(204, '203', '11001704', '2019-12-19', 'PARROQUIA ROBERTO ASTUDILLO RCTO CAMPAMENO SECTOR NUEVA ESPERANZA ', 'CAMPAMENTO', 'CAMPAMENTO', '""', '""', '""', '""', '0989745396', '', 1, 2, 203, 'MENENDEZ GUAMAN ELSA ELIZABETH', '', 'MADRE', '0982671807', 'MERCHAN MENENDEZ MEISY MERCEDES', '""', 'HERMANA', '0967341459', 'Domestico', 1, '6 MB', '2,1', 'Alquiler', 22, '""', '""', 1, 1, '2021-06-25 00:00:00', '2021-06-25 00:00:00'),
	(205, '204', '11001705', '2019-12-10', 'CDLA JAIME ROLDOS AV. 9 DE OCTUBRE Y AREVALO GIL ESQ.', 'CDLA JAIME ROLDOS', 'CDLA JAIME ROLDOS', '""', '""', '""', '""', '0968340213', '', 1, 1, 204, 'BRAVO DIANA', '', 'ESPOSA ', '0967212266', '', '""', '', '', 'Domestico', 1, '6 MB', '2,1', 'Alquiler', 22, '""', '""', 1, 1, '2021-06-25 00:00:00', '2021-06-25 00:00:00'),
	(206, '205', '11001706', '2019-12-16', 'PARROQUIA ROBERTO ASTUDILLO RECINTO VENECIA DE CHIMBO A 1KM DE LA TORRE QUANTIKA ', 'CAMPAMENTO', 'CAMPAMENTO', '""', '""', '""', '""', '0962037402', '', 1, 2, 205, 'ALEMAN YZA IGNACIO', '', 'HIJO', '0962037408', '', '""', '', '', 'Domestico', 1, '6 MB', '2,1', 'Alquiler', 22, '""', '""', 1, 1, '2021-06-25 00:00:00', '2021-06-25 00:00:00'),
	(207, '206', '11254707', '2019-12-10', 'PARROQUIA ROBERTO ASTUDILLO SECTOR GALAPAGOS ', 'MANGA DE JEJEN', 'MANGA DE JEJEN', '""', '""', '""', '""', '0968324442', '', 1, 2, 206, 'NARANJO SEGUNDO', '', 'HIJO', '0993983945', '', '""', '', '', 'Domestico', 1, '10 MB', '2,1', 'Alquiler', 30, '""', '""', 1, 1, '2021-06-25 00:00:00', '2021-06-25 00:00:00'),
	(208, '207', '11254434', '2019-12-10', 'PARROQUIA ROBERTO ASTUDILLO RCTO MANGA DE JEJEN', 'MANGA DE JEJEN', 'MANGA DE JEJEN', '""', '""', '""', '""', '0993983945', '', 1, 2, 207, '', '', '', '', '', '""', '', '', 'Domestico', 1, '6 MB', '2,1', 'Alquiler', 22, '""', '""', 1, 1, '2021-06-25 00:00:00', '2021-06-25 00:00:00'),
	(209, '208', '11005378', '2019-01-10', 'CDLA SAN ELIAS CALLES GENERAL CORDOVA Y LAS ACASIAS ', 'CDLA SAN ELIAS', 'CDLA SAN ELIAS', '""', '""', '""', '""', '0991208137', '', 1, 1, 208, '', '', '', '', '', '""', '', '', 'Domestico', 1, '6 MB', '2,1', 'Alquiler', 22, '""', '""', 1, 1, '2021-06-25 00:00:00', '2021-06-25 00:00:00'),
	(210, '209', '11001708', '2019-06-12', 'PARROQUIA ROBERTO ASTUDILLO SECTOR NUEVA ESPERANZA', 'CAMPAMENTO', 'CAMPAMENTO', '""', '""', '""', '""', '0985865366', '', 1, 2, 209, 'RAMIREZ BLANCA ', '', 'MADRE', '0989754058', 'ARISTEGA JIMMY', '""', 'PADRE', '0967482909', 'Domestico', 1, '6 MB', '2,1', 'Alquiler', 22, '""', '""', 1, 1, '2021-06-25 00:00:00', '2021-06-25 00:00:00'),
	(211, '210', '11002444', '2019-01-24', 'CDLA XAVIER MARCOS CALLE 11AVA CERCA AL TALLER DEL MUNICIPIO ', 'CDLA XAVIER MARCOS', 'CDLA XAVIER MARCOS', '""', '""', '""', '""', '0968869004', '0968194938', 1, 1, 210, 'CARRILLO LOPEZ SANDRA PAULINA', '', 'ESPOSA', '0939159820', '', '""', '', '', 'Domestico', 1, '6 MB', '2,1', 'Alquiler', 22, '""', '""', 0, 1, '2021-06-25 00:00:00', '2021-06-25 00:00:00'),
	(212, '211', '11001709', '2019-12-17', 'PARROQUIA ROBERTO ASTUDILLO SECTOR LAS PARCELAS ', 'CAMPAMENTO', 'CAMPAMENTO', '""', '""', '""', '""', '0996060318', '', 1, 2, 211, 'CASTRO HUACON ELIZABETH ESTEFANIA', '', 'ESPOSA', '0960105281', '', '""', '', '', 'Domestico', 1, '6 MB', '2,1', 'Alquiler', 22, '""', '""', 1, 1, '2021-06-25 00:00:00', '2021-06-25 00:00:00'),
	(213, '212', '11007710', '2019-12-23', 'RCTO ROCAFUERTE A 100M DE LA LINEA DEL TREN ', 'RCTO ROCAFUERTE', 'RCTO ROCAFUERTE', '""', '""', '""', '""', '0993287207', '', 1, 1, 212, 'ZAMBRANO VINICIO', '', 'ESPOSO', '0967465028', '', '""', '', '', 'Domestico', 1, '6 MB', '2,1', 'Alquiler', 22, '""', '""', 1, 1, '2021-06-25 00:00:00', '2021-06-25 00:00:00'),
	(214, '213', '11001711', '2019-12-18', 'PARROQUIA ROBERTO ASTUDILLO SECTOR SAN ANTONIO', 'SAN ANTONIO ', 'SAN ANTONIO ', '""', '""', '""', '""', '0939208377', '', 1, 2, 213, '', '', '', '', '', '""', '', '', 'Domestico', 1, '6 MB', '2,1', 'Alquiler', 22, '""', '""', 1, 1, '2021-06-25 00:00:00', '2021-06-25 00:00:00'),
	(215, '214', '11001712', '2020-01-06', 'PARROQUIA ROBERTO ASTUDILLO RCTO CAMPAMENTO SECTOR NUEVA ESPERANZA ', 'CAMPAMENTO', 'CAMPAMENTO', '""', '""', '""', '""', '0963283306', '', 1, 2, 214, 'AREVALO SANCHEZ KAREN ', '', 'SOBRINA', '0983239284', 'SANCHEZ OCAÑA EFRAIN ', '""', 'SUEGRO', '0993053167', 'Domestico', 1, '6 MB', '2,1', 'Alquiler', 22, '""', '""', 1, 1, '2021-06-25 00:00:00', '2021-06-25 00:00:00'),
	(216, '215', '11001713', '2019-12-27', 'PARROQUIA ROBERTO ASTUDILLO SECTOR LA FLORIDA ', 'LA FLORIDA ', 'LA FLORIDA ', '""', '""', '""', '""', '0981794310', '0996143037', 1, 2, 215, '', '', '', '', '', '""', '', '', 'Domestico', 1, '6 MB', '2,1', 'Alquiler', 22, '""', '""', 1, 1, '2021-06-25 00:00:00', '2021-06-25 00:00:00'),
	(217, '216', '11001714', '2019-12-26', 'PARROQUIA ROBERTO ASTUDILLO RCTO CAMPAMENTO SECTOR LAS PARCELAS', 'CAMPAMENTO', 'CAMPAMENTO', '""', '""', '""', '""', '0960064689', '0960945363', 1, 2, 216, '', '', '', '', '', '""', '', '', 'Domestico', 1, '6 MB', '2,1', 'Alquiler', 22, '""', '""', 1, 1, '2021-06-25 00:00:00', '2021-06-25 00:00:00'),
	(218, '217', '11001715', '2019-12-26', 'PARROQUIA ROBERTO ASTUDILLO SECTOR LOS SAUCES ', 'CAMPAMENTO', 'CAMPAMENTO', '""', '""', '""', '""', '0989993973', '', 1, 2, 217, 'YZA LUCIA ', '', 'ESPOSA', '0969324605', '', '""', '', '', 'Domestico', 1, '6 MB', '2,1', 'Alquiler', 22, '""', '""', 1, 1, '2021-06-25 00:00:00', '2021-06-25 00:00:00'),
	(219, '218', '11005270', '2019-12-27', 'CDLA SAN ELIAS ', 'CDLA SAN ELIAS', 'CDLA SAN ELIAS', '""', '""', '""', '""', '0959645390', '', 1, 1, 218, '', '', '', '', '', '""', '', '', 'Domestico', 1, '10 MB', '2,1', 'Alquiler', 30, '""', '""', 1, 1, '2021-06-25 00:00:00', '2021-06-25 00:00:00'),
	(220, '219', '11005422', '2020-01-08', 'CDLA SANTA MARGARITA AV GUAYAQUIL Y 24 DE MAYO', 'CDLA SANTA MARGARITA', 'CDLA SANTA MARGARITA', '""', '""', '""', '""', '0980616634', '', 1, 1, 219, '', '', '', '', '', '""', '', '', 'Domestico', 1, '6 MB', '2,1', 'Alquiler', 22, '""', '""', 1, 1, '2021-06-25 00:00:00', '2021-06-25 00:00:00'),
	(221, '220', '11003524', '2019-12-12', 'PARROQUIA ROBERTO ASTUDILLO SECTOR VENECIA CENTRAL', 'VENECIA CENTRAL ', 'VENECIA CENTRAL ', '""', '""', '""', '""', '0961914824', '', 1, 2, 220, 'GARCIA VERA MARIA', '', 'ESPOSA', '0969961511', 'CHUEZ TOALA MIGUEL', '""', 'PADRE', '0990640768', 'Domestico', 1, '10 MB', '2,1', 'Alquiler', 30, '""', '""', 1, 1, '2021-06-25 00:00:00', '2021-06-25 00:00:00'),
	(222, '221', '11007716', '2020-01-02', 'RCTO EL ROSARIO SECTOR JERUSALEN ', 'RCTO EL ROSARIO ', 'RCTO EL ROSARIO ', '""', '""', '""', '""', '0980090925', '', 1, 1, 221, 'RIVERA LIZZ ', '', 'CUÑADA', ' ', '', '""', '', '', 'Domestico', 1, '6 MB', '2,1', 'Alquiler', 22, '""', '""', 1, 1, '2021-06-25 00:00:00', '2021-06-25 00:00:00'),
	(223, '222', '11001717', '2020-01-10', 'PAROQUIA ROBERTO ASTUDILLO SECTOR NUEVA ESPERANZA A 100M DE LA HACIENDA 5 HERMANOS ', 'CAMPAMENTO', 'CAMPAMENTO', '""', '""', '""', '""', '0969345301', '', 1, 2, 222, 'PAREDES MORENO WLADIMIR ', '', 'AMIGO', '0992024555', 'ASTUDILLO GOMEZ MIGUEL', '""', 'AMIGO', '0994469097', 'Domestico', 1, '6 MB', '2,1', 'Alquiler', 22, '""', '""', 1, 1, '2021-06-25 00:00:00', '2021-06-25 00:00:00'),
	(224, '223', '11003269', '2019-12-30', 'PARROQUIA ROBERTO ASTUDILLO VIA CHIMBO RCTO CRISTO DEL CONSUELO ', 'CRISTO CONSUELO', 'CRISTO CONSUELO', '""', '""', '""', '""', '0968356350', '', 1, 2, 223, 'REINOSO POAQUIZA OLIVO', '', 'HERMANO ', '0981797097', '', '""', '', '', 'Domestico', 1, '6 MB', '2,1', 'Alquiler', 22, '""', '""', 0, 1, '2021-06-25 00:00:00', '2021-06-25 00:00:00'),
	(225, '224', '11001718', '2020-01-06', 'CDA XAVIER MARCOS SALOME CORNEJO Y GLADYS SIGUENZA', 'CDLA XAVIER MARCOS', 'CDLA XAVIER MARCOS', '""', '""', '""', '""', '0968885860', '042720253', 1, 1, 224, 'PRADO DIANA ', '', 'ESPOSA', '0980702691', 'MORQUECHO MELISSA', '""', 'HIJA', '0990361436', 'Domestico', 1, '10 MB', '2,1', 'Alquiler', 30, '""', '""', 0, 1, '2021-06-25 00:00:00', '2021-06-25 00:00:00'),
	(226, '225', '11002341', '2020-01-11', 'CDLA SAN ENRIQUE CALLES VICENTE ROCAFUERTE Y OLMEDO DIAZ ', 'CDLA SAN ENRIQUE ', 'CDLA SAN ENRIQUE ', '""', '""', '""', '""', '0968848716', '', 1, 1, 225, '', '', '', '', '', '""', '', '', 'Domestico', 1, '6 MB', '2,1', 'Alquiler', 22, '""', '""', 0, 1, '2021-06-25 00:00:00', '2021-06-25 00:00:00'),
	(227, '226', '11003531', '2020-01-15', 'PARROQUIA ROBERTO ASTUDILLO VIA VENECIA ', 'VENECIA CENTRAL ', 'VENECIA CENTRAL ', '""', '""', '""', '""', '0994573295', '', 1, 2, 226, 'ALVARADO JOSEFA ', '', 'MADRE', '0959699311', '', '""', '', '', 'Domestico', 1, '6 MB', '2,1', 'Alquiler', 22, '""', '""', 1, 1, '2021-06-25 00:00:00', '2021-06-25 00:00:00'),
	(228, '227', '11003184', '2020-01-24', 'PARROQUIA ROBERTO ASTUDILLO AV VELASCO IBARRA DETRÁS DEL AGRIPAC ', 'CENTRO PARROQUIA', 'CENTRO PARROQUIA', '""', '""', '""', '""', '0980875908', '', 1, 2, 227, 'VALERO DANILO', '', 'YERNO', '0980875908', '', '""', '', '', 'Domestico', 1, '6 MB', '2,1', 'Alquiler', 22, '""', '""', 0, 1, '2021-06-25 00:00:00', '2021-06-25 00:00:00'),
	(229, '228', '11003204', '2020-01-05', 'PARROQUIA ROBERTO ASTUDILLO SECTOR ISLA DE LOS MONOS ', 'LOS MONOS ', 'LOS MONOS ', '""', '""', '""', '""', '0990764711', '', 1, 2, 228, 'SOLANO ARMIJOS NORMA', '', 'MADRE', '0981193621', '', '""', '', '', 'Domestico', 1, '6 MB', '2,1', 'Alquiler', 22, '""', '""', 1, 1, '2021-06-25 00:00:00', '2021-06-25 00:00:00'),
	(230, '229', '11003564', '2019-01-18', 'PARROQUIA ROBERTO ASTUDILLO VIA CHIMBO', 'VENECIA CHIMBO', 'VENECIA CHIMBO', '""', '""', '""', '""', '0991742637', '', 1, 2, 229, 'GUAMAN MEZA GABRIELA JULIANA ', '', 'HERMANA', '0959846768', 'MEZA NELLY', '""', 'MAMA', '0983675453', 'Domestico', 1, '6 MB', '2,1', 'Alquiler', 22, '""', '""', 1, 1, '2021-06-25 00:00:00', '2021-06-25 00:00:00'),
	(231, '230', '11001719', '2020-01-20', 'PARROQUIA ROBERTO ASTUDILLO RCTO CORDOVA ', 'CORDOVA ', 'CORDOVA ', '""', '""', '""', '""', '0986119910', '', 1, 2, 230, '', '', '', '', '', '""', '', '', 'Domestico', 1, '6 MB', '2,1', 'Alquiler', 22, '""', '""', 0, 1, '2021-06-25 00:00:00', '2021-06-25 00:00:00'),
	(232, '231', '11001714', '2019-12-26', 'PARROQUIA ROBERTO ASTUDILLO RCTO CAMPAMENTO SECTOR LAS  PALMAS', 'CAMPAMENTO', 'CAMPAMENTO', '""', '""', '""', '""', '0960064689', '', 1, 2, 231, 'RAMOS LILIANA ', '', 'CUÑADA', '0981419723', '', '""', '', '', 'Domestico', 1, '6 MB', '2,1', 'Alquiler', 22, '""', '""', 1, 1, '2021-06-25 00:00:00', '2021-06-25 00:00:00'),
	(233, '232', '11005383', '2020-02-04', 'CDLA JAIME ROLDOS CALLE MARIA AREVALO', 'CDLA JAIME ROLDOS', 'CDLA JAIME ROLDOS', '""', '""', '""', '""', '0982606383', '', 1, 1, 232, '', '', '', '', '', '""', '', '', 'Domestico', 1, '6 MB', '2,1', 'Alquiler', 22, '""', '""', 1, 1, '2021-06-25 00:00:00', '2021-06-25 00:00:00'),
	(234, '233', '11005110', '2019-01-30', 'CDLA SAN ELIAS A UNA CUADRA LAS PISCINAS LAS DELICIAS ', 'CDLA SAN ELIAS', 'CDLA SAN ELIAS', '""', '""', '""', '""', '0981700729', '', 1, 1, 233, '', '', '', '', '', '""', '', '', 'Domestico', 1, '6 MB', '2,1', 'Alquiler', 22, '""', '""', 0, 1, '2021-06-25 00:00:00', '2021-06-25 00:00:00'),
	(235, '234', '11005438', '2020-03-06', 'AV 9 DE OCTUBRE Y AV QUITO', 'CENTRO 1', 'CENTRO 1', '""', '""', '""', '""', '0993753860', '', 1, 1, 234, '', '', '', '', '', '""', '', '', 'Domestico', 1, '6 MB', '2,1', 'Alquiler', 22, '""', '""', 1, 1, '2021-06-25 00:00:00', '2021-06-25 00:00:00'),
	(236, '235', '11001720', '2020-03-05', 'PARROQUIA ROBERTO ASTUDILLO RCTO EL GUABO ', 'EL GUABO Y GUABI', 'EL GUABO Y GUABI', '""', '""', '""', '""', '0986526547', '', 1, 2, 235, 'VALLE JOSELIN', '', 'ESPOSA ', '0988001824', '', '""', '', '', 'Domestico', 1, '6 MB', '2,1', 'Alquiler', 22, '""', '""', 1, 1, '2021-06-25 00:00:00', '2021-06-25 00:00:00'),
	(237, '236', '11005553', '2020-02-19', 'CDLA SAN ELIAS AV 9 DE OCTUBRE Y GARCIA MORENO', 'CDLA SAN ELIAS', 'CDLA SAN ELIAS', '""', '""', '""', '""', '0968717797', '', 1, 1, 236, 'REDWOOD ALISSON', '', 'HIJA', '0991723202', '', '""', '', '', 'Domestico', 1, '6 MB', '2,1', 'Alquiler', 22, '""', '""', 0, 1, '2021-06-25 00:00:00', '2021-06-25 00:00:00'),
	(238, '237', '11002491', '2020-01-23', 'CDLA ELIECER PEREZ DIAGONAL AL CAMAL MUNCIPAL ', 'CDLA ELIECER PEREZ ', 'CDLA ELIECER PEREZ ', '""', '""', '""', '""', '0979864896', '', 1, 1, 237, '', '', '', '', '', '""', '', '', 'Domestico', 1, '6 MB', '2,1', 'Alquiler', 22, '""', '""', 1, 1, '2021-06-25 00:00:00', '2021-06-25 00:00:00'),
	(239, '238', '11003182', '2020-01-30', 'PARROQUIA ROBERTO ASTUDILLO SECTOR FLOR DEL BOSQUE ', 'FLOR DEL BOSQUE ', 'FLOR DEL BOSQUE ', '""', '""', '""', '""', '0967859332', '0981662718', 1, 2, 238, 'POAQUIZA MARIA', '', 'MADRE', '0968986184', 'POAQUIZA HIPOLITO', '""', 'HERMANO', '0994706964', 'Domestico', 1, '6 MB', '2,1', 'Alquiler', 22, '""', '""', 1, 1, '2021-06-25 00:00:00', '2021-06-25 00:00:00'),
	(240, '239', '11005416', '2020-03-10', 'CDLA JAIME ROLDOS AV 9 DE OCTUBRE Y KID MORALES ', 'CDLA JAIME ROLDOS', 'CDLA JAIME ROLDOS', '""', '""', '""', '""', '0996618569', '', 1, 1, 239, 'CHAUCA DELGADI ENY PATRICIA', '', 'HERMANA', '0996148947', 'VILLEGAS FUENTES DARIO ENRIQUE', '""', 'PAREJA ', '0999433628', 'Domestico', 1, '6 MB', '2,1', 'Alquiler', 22, '""', '""', 1, 1, '2021-06-25 00:00:00', '2021-06-25 00:00:00'),
	(241, '240', '11002118', '2020-01-22', 'CDLA XAVIER MARCOS CALLE JAIME ORTIZ Y CAYAMBE', 'CDLA XAVIER MARCOS', 'CDLA XAVIER MARCOS', '""', '""', '""', '""', '0987165521', '', 1, 1, 240, 'ROMERO DOLORES ', '', 'ESPOSA', '0999081702', '', '""', '', '', 'Domestico', 1, '6 MB', '2,1', 'Alquiler', 22, '""', '""', 0, 1, '2021-06-25 00:00:00', '2021-06-25 00:00:00'),
	(242, '241', '11007716', '2020-01-02', 'RCTO EL ROSARIO SECTOR JERUSALEN ', 'RCTO EL ROSARIO ', 'RCTO EL ROSARIO ', '""', '""', '""', '""', '0992021741', '', 1, 1, 241, 'RIVERA ORACIO ROLANDO', '', 'PADRE', '0959865072', 'RIVERA FATIMA', '""', '', '0992021741', 'Domestico', 1, '6 MB', '2,1', 'Alquiler', 22, '""', '""', 1, 1, '2021-06-25 00:00:00', '2021-06-25 00:00:00'),
	(243, '242', '11001721', '2020-04-27', 'PARROQUIA ROBERTO ASTUDILLO SECTOR VENECIA DE CHIMBO', 'VENECIA CHIMBO', 'VENECIA CHIMBO', '""', '""', '""', '""', '0991682282', '', 1, 2, 242, 'CARLOS LOPEZ ', '', 'ESPOSO', '0959693864', 'CARLOS LOPEZ ', '""', 'YERNO', '0959450473', 'Domestico', 1, '10 MB', '2,1', 'Alquiler', 30, '""', '""', 0, 1, '2021-06-25 00:00:00', '2021-06-25 00:00:00'),
	(244, '243', '11001722', '2020-05-07', 'PARROQUIA ROBERTO ASTUDILLO SECTOR EL GUABO', 'EL GUABO Y GUABI', 'EL GUABO Y GUABI', '""', '""', '""', '""', '0990522153', '', 1, 2, 243, 'MITE JACINTA ', '', 'MADRE', '0997276149', 'LOPEZ SALINAS CARLOS', '""', 'AMIGO', '0990554874', 'Domestico', 1, '6 MB', '2,1', 'Alquiler', 22, '""', '""', 0, 1, '2021-06-25 00:00:00', '2021-06-25 00:00:00'),
	(245, '244', '11001723', '2020-05-07', 'PARROQUIA ROBERTO ASTUDILLO BARRIO SAN PEDRO ', 'SAN PEDRO ', 'SAN PEDRO ', '""', '""', '""', '""', '0960536610', '', 1, 2, 244, 'ARISTEGA NORMA', '', 'PRIMA', '0991601628', 'OLGA ARGUDO', '""', 'TIA', '0989599570', 'Domestico', 1, '6 MB', '2,1', 'Alquiler', 22, '""', '""', 1, 1, '2021-06-25 00:00:00', '2021-06-25 00:00:00'),
	(246, '245', '11001724', '2020-05-07', 'PARROQUIA ROBERTO ASTUDILLO RCTO MANGA DE JEJEN', 'MANGA DE JEJEN', 'MANGA DE JEJEN', '""', '""', '""', '""', '0979600201', '', 1, 2, 245, 'BAJAÑA DOUGLAS ', '', 'AMIGO', '0959692010', '', '""', '', '', 'Domestico', 1, '10 MB', '2,1', 'Alquiler', 30, '""', '""', 0, 1, '2021-06-25 00:00:00', '2021-06-25 00:00:00'),
	(247, '246', '11001725', '2020-05-08', 'PARROQUIA ROBERTO ASTUDILLO RCTO CORDOVA ', 'CORDOVA ', 'CORDOVA ', '""', '""', '""', '""', '0983101882', '', 1, 2, 246, 'BERMEO VELIZ JUAN', '', 'HERMANO', '0991706949', 'BERMEO VELIZ JIMMY', '""', 'HERMANO', '0995344941', 'Domestico', 1, '6 MB', '2,1', 'Alquiler', 22, '""', '""', 1, 1, '2021-06-25 00:00:00', '2021-06-25 00:00:00'),
	(248, '247', '11001726', '2020-05-11', 'PARROQUIA ROBERTO ASTUDILLO SECTOR LA FLORIDA ', 'LA FLORIDA ', 'LA FLORIDA ', '""', '""', '""', '""', '0993718135', '', 1, 2, 247, 'CASTRO KEVIN', '', 'HIJO', '0988566392', 'CASTRO ANDREINA', '""', 'HIJA', '0967084189', 'Domestico', 1, '6 MB', '2,1', 'Alquiler', 22, '""', '""', 1, 1, '2021-06-25 00:00:00', '2021-06-25 00:00:00'),
	(249, '248', '11007207', '2020-05-10', 'CDLA PARQUES 2', 'CDLA LOS PARQUES 2', 'CDLA LOS PARQUES 2', '""', '""', '""', '""', '0991050438', '', 1, 4, 248, 'ALVAREZ HARO CARLOS', '', 'ESPOSO', '0986184403', '', '""', '', '', 'Domestico', 1, '6 MB', '2,1', 'Alquiler', 22, '""', '""', 0, 1, '2021-06-25 00:00:00', '2021-06-25 00:00:00'),
	(250, '249', '11001727', '2020-03-16', 'PARROQUIA ROBERTO ASTUDILLO SECTOR LOS SAUCES ', 'CAMPAMENTO', 'CAMPAMENTO', '""', '""', '""', '""', '0979131493', '', 1, 2, 249, 'FRANCO ELVA', '', 'TIA', '0985984508', 'FRANCO GLORIA', '""', 'TIA', '0959643476', 'Domestico', 1, '10 MB', '2,1', 'Alquiler', 30, '""', '""', 1, 1, '2021-06-25 00:00:00', '2021-06-25 00:00:00'),
	(251, '250', '11001728', '2020-05-22', 'PARROQUIA ROBERTO ASTUDILLO VIA VENECIA DE CHIMBO SECTOR LOS MONOS', 'LOS MONOS ', 'LOS MONOS ', '""', '""', '""', '""', '0960542380', '', 1, 2, 250, 'PALACIOS MERCY', '', 'MADRE', '0981292045', 'ZELAYA ANDREA', '""', 'ESPOSA', '0982229115', 'Domestico', 1, '6 MB', '2,1', 'Alquiler', 22, '""', '""', 1, 1, '2021-06-25 00:00:00', '2021-06-25 00:00:00'),
	(252, '251', '11001729', '2020-05-19', 'PARROQUIA ROBERTO ASTUDILLO SECTOR LAS PALMAS', 'LAS PALMAS ', 'LAS PALMAS ', '""', '""', '""', '""', '0997571459', '', 1, 2, 251, 'LUCERO DORIS', '', 'ESPOSA ', '0988056491', 'BARRIO DUBRASKA', '""', 'HIJA', '0990388982', 'Domestico', 1, '6 MB', '2,1', 'Alquiler', 22, '""', '""', 1, 1, '2021-06-25 00:00:00', '2021-06-25 00:00:00'),
	(253, '252', '11001730', '2020-05-18', 'PARROQUIA ROBERTO ASTUDILLO RCTO MANGA DE JEJEN', 'MANGA DE JEJEN', 'MANGA DE JEJEN', '""', '""', '""', '""', '0969945370', '', 1, 2, 252, 'BOHORQUEZ LUZDARY', '', 'HIJA', '0993850250', '', '""', '', '', 'Domestico', 1, '6 MB', '2,1', 'Alquiler', 22, '""', '""', 1, 1, '2021-06-25 00:00:00', '2021-06-25 00:00:00'),
	(254, '253', '11007731', '2020-05-19', 'CDLA BUENOS AIRES CERCA AL COLEGIO MARCELINO ', 'BUENOS AIRES', 'BUENOS AIRES', '""', '""', '""', '""', '0969604607', '', 1, 4, 253, 'TOMALA CARLA', '', 'SOBRINA', '0999606111', 'QUINTO JUAN', '""', 'ESPOSO', '0980137665', 'Domestico', 1, '6 MB', '2,1', 'Alquiler', 22, '""', '""', 0, 1, '2021-06-25 00:00:00', '2021-06-25 00:00:00'),
	(255, '254', '11001732', '2020-05-26', 'PARROQUIA ROBERTO ASTUDILLO SECTOR MONTAÑITA ', 'LOS MONOS ', 'LOS MONOS ', '""', '""', '""', '""', '0961295384', '', 1, 2, 254, 'RIVERA EMILY', '', 'ESPOSA', '0961295384', 'VELOZ LORENA', '""', 'SUEGRA', '0991372030', 'Domestico', 1, '6 MB', '2,1', 'Alquiler', 22, '""', '""', 1, 1, '2021-06-25 00:00:00', '2021-06-25 00:00:00'),
	(256, '255', '11001733', '2020-05-28', 'PARROQUIA ROBERTO ASTUDILLO SECTOR DIVINO NIÑO', 'DIVINO NIÑO', 'DIVINO NIÑO', '""', '""', '""', '""', '0969364213', '', 1, 2, 255, 'GUACHAMBOZA ROSARIO', '', 'HERMANA ', '0995907406', '', '""', '', '', 'Domestico', 1, '6 MB', '2,1', 'Alquiler', 22, '""', '""', 1, 1, '2021-06-25 00:00:00', '2021-06-25 00:00:00'),
	(257, '256', '11007734', '2020-05-29', '1 RCTO EL ROSARIO', 'RCTO EL ROSARIO ', 'RCTO EL ROSARIO ', '""', '""', '""', '""', '0968619312', '', 1, 1, 256, 'TACO DAYANA ', '', 'AMIGA ', '0968113423', 'BARRERA MARIA ', '""', 'ABUELA', '0985796433', 'Domestico', 1, '6 MB', '2,1', 'Alquiler', 22, '""', '""', 0, 1, '2021-06-25 00:00:00', '2021-06-25 00:00:00'),
	(258, '257', '11005459', '2020-05-30', 'CDLA JAIME ROLDOS CALLE VILMA ZAVALA ENTRE MATEO ESPINOZA Y JULIO PEREZ', 'CDLA JAIME ROLDOS', 'CDLA JAIME ROLDOS', '""', '""', '""', '""', '042720088', '0981040164', 1, 1, 257, 'AYALA RUIZ LUIS', '', 'ESPOSO', '0982535293', '', '""', '', '', 'Domestico', 1, '6 MB', '2,1', 'Alquiler', 22, '""', '""', 0, 1, '2021-06-25 00:00:00', '2021-06-25 00:00:00'),
	(259, '258', '11002114', '2020-06-02', 'CDLA XAVIER MARCOS CALLES JAIME ORTIZ Y MERY LITUMA', 'CDLA XAVIER MARCOS', 'CDLA XAVIER MARCOS', '""', '""', '""', '""', '0985964546', '', 1, 1, 258, 'CARBO MOSQUERZ SHIRLEY', '', 'ESPOSA', '0984489337', '', '""', '', '', 'Domestico', 1, '6 MB', '2,1', 'Alquiler', 22, '""', '""', 1, 1, '2021-06-25 00:00:00', '2021-06-25 00:00:00'),
	(260, '259', '11001735', '2020-06-08', 'PARROQUIA ROBERTO ASUDILLO RCTO CAMPAMENTO SECTOR LAS PARCELAS', 'CAMPAMENTO', 'CAMPAMENTO', '""', '""', '""', '""', '0959402955', '', 1, 2, 259, 'VARGAS JARA JOHAN ', '', 'ESPOSO', '0989068725', 'MARIA YZA', '""', 'MADRE', '0962037902', 'Domestico', 1, '6 MB', '2,1', 'Alquiler', 22, '""', '""', 1, 1, '2021-06-25 00:00:00', '2021-06-25 00:00:00'),
	(261, '260', '11001736', '2020-06-08', 'PARROQUIA ROBERTO ASTUDILLO RCTO CAMPAMENTO SECTOR LAS PARCELAS', 'CAMPAMENTO', 'CAMPAMENTO', '""', '""', '""', '""', '0993310630', '', 1, 2, 260, 'FRANCO EDUARDO', '', 'HERMANO', '0939115410', 'ALEMAN ANGELA ', '""', 'PRIMA', '0959402955', 'Domestico', 1, '6 MB', '2,1', 'Alquiler', 22, '""', '""', 1, 1, '2021-06-25 00:00:00', '2021-06-25 00:00:00'),
	(262, '261', '11001737', '2020-06-09', 'PARROQUIA ROBERTO ASTUDILLO SECTOR LOS MONOS', 'LOS MONOS ', 'LOS MONOS ', '""', '""', '""', '""', '0980741474', '', 1, 2, 261, 'FLORES MARIA ANGELA', '', 'MADRE', '0989201692', '', '""', '', '', 'Domestico', 1, '6 MB', '2,1', 'Alquiler', 22, '""', '""', 1, 1, '2021-06-25 00:00:00', '2021-06-25 00:00:00'),
	(263, '262', '11001738', '2020-06-10', 'PARROQUIA ROBERTO ASTUDILLO SECTOR SAN FRANCISCO', 'SAN FRANCISCO', 'SAN FRANCISCO', '""', '""', '""', '""', '0984248832', '', 1, 2, 262, 'AVILA TANIA', '', 'ESPOSA', '0998265141', 'AVILA BYRON', '""', 'HERMANO', '0983800982', 'Domestico', 1, '6 MB', '2,1', 'Alquiler', 22, '""', '""', 1, 1, '2021-06-25 00:00:00', '2021-06-25 00:00:00'),
	(264, '263', '11001739', '2020-06-10', 'PARROQUIA ROBERTO ASTUDILLO SECTOR LOS MONOS', 'LOS MONOS ', 'LOS MONOS ', '""', '""', '""', '""', '0990110281', '0997850470', 1, 2, 263, 'FUENTE ANA', '', 'CUÑADA', '0989569639', 'ACOSTA SEGUNDO', '""', 'CON CUÑADO', '0982263061', 'Domestico', 1, '10 MB', '2,1', 'Alquiler', 30, '""', '""', 1, 1, '2021-06-25 00:00:00', '2021-06-25 00:00:00'),
	(265, '264', '11007740', '2020-06-11', 'RCTO EL ROSARIO SECTOR BELLAVISTA 200M DE DISENSA ', 'RCTO EL ROSARIO ', 'RCTO EL ROSARIO ', '""', '""', '""', '""', '0990675250', '', 1, 1, 264, 'MORENO JEREMI', '', 'HIJO', '0991501079', '', '""', '', '', 'Domestico', 1, '10 MB', '2,1', 'Alquiler', 30, '""', '""', 1, 1, '2021-06-25 00:00:00', '2021-06-25 00:00:00'),
	(266, '265', '11001741', '2020-06-13', 'PARROQUIA ROBERTO ASTUDILLO RCTO CORDOVA A LADO DEL TEMPLO EVANGELICO', 'CORDOVA ', 'CORDOVA ', '""', '""', '""', '""', '0996476239', '', 1, 2, 265, 'CANTO MARGARITA', '', 'MADRE', '0980508234', '', '""', '', '', 'Domestico', 1, '10 MB', '2,1', 'Alquiler', 30, '""', '""', 0, 1, '2021-06-25 00:00:00', '2021-06-25 00:00:00'),
	(267, '266', '11001742', '2020-06-13', 'PARROQUIA ROBERTO ASTUDILLO SECTOR LA FLORIDA ', 'LA FLORIDA ', 'LA FLORIDA ', '""', '""', '""', '""', '0967122468', '', 1, 2, 266, '', '', '', '', '', '""', '', '', 'Domestico', 1, '6 MB', '2,1', 'Alquiler', 22, '""', '""', 1, 1, '2021-06-25 00:00:00', '2021-06-25 00:00:00'),
	(268, '267', '11254743', '2020-06-13', 'PARROQUIA ROBERTO ASTUDILLO RCTO MANGA DE JEJEN', 'MANGA DE JEJEN', 'MANGA DE JEJEN', '""', '""', '""', '""', '0979764960', '', 1, 2, 267, 'LUCERO GABRIELA', '', 'HIJASTRA', '0979764960', '', '""', '', '', 'Domestico', 1, '6 MB', '2,1', 'Alquiler', 22, '""', '""', 1, 1, '2021-06-25 00:00:00', '2021-06-25 00:00:00'),
	(269, '268', '11001744', '2020-06-10', 'PARROQUIA ROBERTO ASTUDILLO A 50M DEL CEMENTERIO ', 'LAS PALMAS ', 'LAS PALMAS ', '""', '""', '""', '""', '0992014379', '', 1, 2, 268, 'YUQUILEMA MARIA', '', 'ESPOSA', '0992014379', '', '""', '', '', 'Domestico', 1, '10 MB', '2,1', 'Alquiler', 30, '""', '""', 1, 1, '2021-06-25 00:00:00', '2021-06-25 00:00:00'),
	(270, '269', '11001745', '2020-06-12', 'PARROQUIA ROBERTO ASTUDILLO A 50M DEL CEMENTERIO', 'LAS PALMAS ', 'LAS PALMAS ', '""', '""', '""', '""', '0985409566', '', 1, 2, 269, 'BAJAÑA TERESA', '', 'ESPOSA', '0991660718', '', '""', '', '', 'Domestico', 1, '10 MB', '2,1', 'Alquiler', 30, '""', '""', 1, 1, '2021-06-25 00:00:00', '2021-06-25 00:00:00'),
	(271, '270', '11001746', '2020-06-15', 'PARROQUIA ROBERTO ASTUDILLO RCTO CAMPAMENTO SECTOR EL AFRICA ', 'CAMPAMENTO', 'CAMPAMENTO', '""', '""', '""', '""', '0961928146', '', 1, 2, 270, '', '', '', '', '', '""', '', '', 'Domestico', 1, '6 MB', '2,1', 'Alquiler', 22, '""', '""', 1, 1, '2021-06-25 00:00:00', '2021-06-25 00:00:00'),
	(272, '271', '11001747', '2020-06-15', 'PARROQUIA ROBERTO ASTUDILLO RCTO CAMPAMENTO SECTOR EL AFRICA ', 'CAMPAMENTO', 'CAMPAMENTO', '""', '""', '""', '""', '0981658626', '', 1, 2, 271, 'QUINTERO NORMA', '', 'HERMANA', '0986769463', 'ARISTEGA ALFREDO', '""', 'HERMANO', '0961922814', 'Domestico', 1, '6 MB', '2,1', 'Alquiler', 22, '""', '""', 1, 1, '2021-06-25 00:00:00', '2021-06-25 00:00:00'),
	(273, '272', '11001748', '2020-06-16', 'PARROQUIA ROBERTO ASTUDILLO SECTOR NUEVA ESPERANZA', 'CAMPAMENTO', 'CAMPAMENTO', '""', '""', '""', '""', '0963614412', '', 1, 2, 272, 'RODRIGUEZ STEVEN ', '', 'HIJO', '0967925519', 'QUINTUÑA LUIS', '""', 'HERMANO', '0962886723', 'Domestico', 1, '6 MB', '2,1', 'Alquiler', 22, '""', '""', 1, 1, '2021-06-25 00:00:00', '2021-06-25 00:00:00'),
	(274, '273', '11001749', '2020-06-17', 'PARROQUIA ROBERTO ASTUDILLO SECTOR CENTRICO POR EL GAD PARROQUIAL', 'CENTRO PARROQUIA', 'CENTRO PARROQUIA', '""', '""', '""', '""', '0997513836', '', 1, 2, 273, 'SANCHEZ FAUSTO', '', 'ESPOSO', '0988062120', '', '""', '', '', 'Domestico', 1, '6 MB', '2,1', 'Alquiler', 22, '""', '""', 1, 1, '2021-06-25 00:00:00', '2021-06-25 00:00:00'),
	(275, '274', '11001750', '2020-06-18', 'AV 5 DE OCTUBRE Y 10 DE AGOSTO', 'CENTRO 1', 'CENTRO 1', '""', '""', '""', '""', '0980705220', '', 1, 1, 274, '', '', '', '', '', '""', '', '', 'Domestico', 1, '10 MB', '2,1', 'Alquiler', 30, '""', '""', 1, 1, '2021-06-25 00:00:00', '2021-06-25 00:00:00'),
	(276, '275', '11001751', '2020-06-19', 'PARROQUIA ROBERTO ASTUDILLO VIA VENECIA CENTRAL', 'VENECIA CENTRAL ', 'VENECIA CENTRAL ', '""', '""', '""', '""', '0989825807', '', 1, 2, 275, 'BURGOS BURGOS SANTOS', '', 'ESPOSO', '093898629', 'BURGOS JULISA', '""', 'HIJA', '0981301200', 'Domestico', 1, '10 MB', '2,1', 'Alquiler', 30, '""', '""', 1, 1, '2021-06-25 00:00:00', '2021-06-25 00:00:00'),
	(277, '276', '11001752', '2020-06-22', 'PARROQUIA ROBERTO ASTDILLO SECTOR NUEVA ESPERANZA ', 'CAMPAMENTO', 'CAMPAMENTO', '""', '""', '""', '""', '0967905159', '', 1, 2, 276, 'QUINDE SANANGO ABEL', '', 'CUÑADO', '0983648201', 'ESPINOZA IVAN', '""', 'CUÑADO', '0983401965', 'Domestico', 1, '6 MB', '2,1', 'Alquiler', 22, '""', '""', 1, 1, '2021-06-25 00:00:00', '2021-06-25 00:00:00'),
	(278, '277', '11254753', '2020-06-22', 'PARROQUIA LORENZO DE GARAICOA FRENTE AL PARQUE CENTRAL', 'CENTRO GARAICOA', 'CENTRO GARAICOA', '""', '""', '""', '""', '0990909957', '', 1, 3, 277, 'GALARZA BYRON', '', 'AMIGO', '0939267765', '', '""', '', '', 'Domestico', 1, '10 MB', '2,1', 'Alquiler', 30, '""', '""', 0, 1, '2021-06-25 00:00:00', '2021-06-25 00:00:00'),
	(279, '278', '11007754', '2020-06-23', 'RCTO EL ROSARIO', 'RCTO EL ROSARIO ', 'RCTO EL ROSARIO ', '""', '""', '""', '""', '0985964889', '', 1, 1, 278, 'CASTRO GENNY', '', 'HERMANA', '0985889948', 'QUILLIGANA YOLANDA', '""', 'MADRE', '0990444562', 'Domestico', 1, '6 MB', '2,1', 'Alquiler', 22, '""', '""', 1, 1, '2021-06-25 00:00:00', '2021-06-25 00:00:00'),
	(280, '279', '11001755', '2020-06-25', 'PARROQUIA ROBERTO ASTUDILLO SECTOR LAS PALMAS', 'LAS PALMAS ', 'LAS PALMAS ', '""', '""', '""', '""', '0997449873', '', 1, 2, 279, 'PIÑA GUALPA BLANCA', '', 'MADRE', '0988539211', '', '""', '', '', 'Domestico', 1, '6 MB', '2,1', 'Alquiler', 22, '""', '""', 0, 1, '2021-06-25 00:00:00', '2021-06-25 00:00:00'),
	(281, '280', '11001756', '2020-06-26', 'PARROQUIA ROBERTO ASTUDILLO RCTO CAMPAMENTO', 'CAMPAMENTO', 'CAMPAMENTO', '""', '""', '""', '""', '0959507910', '', 1, 2, 280, '', '', '', '', '', '""', '', '', 'Domestico', 1, '6 MB', '2,1', 'Alquiler', 22, '""', '""', 1, 1, '2021-06-25 00:00:00', '2021-06-25 00:00:00'),
	(282, '281', '11001757', '2020-06-26', 'PARROQUIA ROBERTO ASTUDILLO SECTOR LAS PALMAS', 'LAS PALMAS ', 'LAS PALMAS ', '""', '""', '""', '""', '0986445659', '', 1, 2, 281, 'ARGUDO MARLENE', '', 'VECINA', '0992252943', '', '""', '', '', 'Domestico', 1, '6 MB', '2,1', 'Alquiler', 22, '""', '""', 0, 1, '2021-06-25 00:00:00', '2021-06-25 00:00:00'),
	(283, '282', '11001758', '2020-06-29', 'PARROQUIA ROBERTO ASTUDILLO RCTO SAN FRANCISCO', 'SAN FRANCISCO', 'SAN FRANCISCO', '""', '""', '""', '""', '0992321996', '', 1, 2, 282, 'LEON FREIRE JOSE', '', 'CLIENTE', '0987480826', 'ORDOÑEZ LAURA ', '""', 'ESPOSA', '0981360889', 'Domestico', 1, '6 MB', '2,1', 'Alquiler', 22, '""', '""', 1, 1, '2021-06-25 00:00:00', '2021-06-25 00:00:00'),
	(284, '283', '11001759', '2020-07-01', 'PARROQUIA ROBERTO ASTUDILLO RCTO EL GUABO ', 'EL GUABO Y GUABI', 'EL GUABO Y GUABI', '""', '""', '""', '""', '0963806320', '', 1, 2, 283, '', '', '', '', '', '""', '', '', 'Domestico', 1, '6 MB', '2,1', 'Alquiler', 22, '""', '""', 1, 1, '2021-06-25 00:00:00', '2021-06-25 00:00:00'),
	(285, '284', '11001760', '2020-07-02', 'PARROQUIA ROBERTO ASTUDILO RCTO CRISTO DEL CONSUELO', 'CRISTO CONSUELO', 'CRISTO CONSUELO', '""', '""', '""', '""', '0939293759', '', 1, 2, 284, 'ALMEIDA XAVIER', '', 'ESPOSO', '0968710153', '', '""', '', '', 'Domestico', 1, '10 MB', '2,1', 'Alquiler', 30, '""', '""', 1, 1, '2021-06-25 00:00:00', '2021-06-25 00:00:00'),
	(286, '285', '11001761', '2020-07-03', 'CDLA SAN ELIAS CALLES JUAN MONTALVO ENTRE SUCRE Y 9 DE OCTUBRE ', 'CDLA SAN ELIAS', 'CDLA SAN ELIAS', '""', '""', '""', '""', '0993626553', '', 1, 1, 285, 'RAMIREZ LOOR CRISTHIAN ', '', 'HERMANO', '0967817817', '', '""', '', '', 'Domestico', 1, '6 MB', '2,1', 'Alquiler', 22, '""', '""', 1, 1, '2021-06-25 00:00:00', '2021-06-25 00:00:00'),
	(287, '286 (ABUELITA) ', '11254762', '2020-07-03', 'PARROQUIA ROBERTO ASTUDILLO RCTO MANGA DE JEJEN', 'MANGA DE JEJEN', 'MANGA DE JEJEN', '""', '""', '""', '""', '0967692983', '', 1, 2, 286, 'SUAREZ RIOS OOLANDA AMELIA', '', 'MADRE', '0979455226', '', '""', '', '', 'Domestico', 1, '10 MB', '2,1', 'Alquiler', 30, '""', '""', 1, 1, '2021-06-25 00:00:00', '2021-06-25 00:00:00'),
	(288, '287', '11001763', '2020-07-07', 'PARROQUIA ROBERTO ASTUDILLO RCTO CAMPAMENTO', 'CAMPAMENTO', 'CAMPAMENTO', '""', '""', '""', '""', '0997903897', '', 1, 2, 287, 'ANDALUZ ANGEL', '', 'HIJO', '0939349978', '', '""', '', '', 'Domestico', 1, '6 MB', '2,1', 'Alquiler', 22, '""', '""', 1, 1, '2021-06-25 00:00:00', '2021-06-25 00:00:00'),
	(289, '288', '11001764', '2020-07-07', 'PARROQUIA ROBERTO ASTUDILLO PR LA REPRESA DE CHIMBO', 'LA REPRESA ', 'LA REPRESA ', '""', '""', '""', '""', '0986077401', '', 1, 2, 288, 'NILES VICENTE', '', 'SOBRINO', '0991625415', '', '""', '', '', 'Domestico', 1, '6 MB', '2,1', 'Alquiler', 22, '""', '""', 1, 1, '2021-06-25 00:00:00', '2021-06-25 00:00:00'),
	(290, '289', '11001765', '2020-07-08', 'PARROQUIA ROBETO ASTUDILLO RCTO VENECIA DE CHIMBO', 'VENECIA CHIMBO', 'VENECIA CHIMBO', '""', '""', '""', '""', '0991992058', '', 1, 2, 289, '', '', '', '', '', '""', '', '', 'Domestico', 1, '6 MB', '2,1', 'Alquiler', 22, '""', '""', 0, 1, '2021-06-25 00:00:00', '2021-06-25 00:00:00'),
	(291, '290', '11001766', '2020-07-08', 'CDLA ELIECER PEREZ', 'CDLA ELIECER PEREZ ', 'CDLA ELIECER PEREZ ', '""', '""', '""', '""', '0959128814', '', 1, 1, 290, '', '', '', '', '', '""', '', '', 'Domestico', 1, '6 MB', '2,1', 'Alquiler', 22, '""', '""', 1, 1, '2021-06-25 00:00:00', '2021-06-25 00:00:00'),
	(292, '291', '11001767', '2020-07-10', 'PARROQUIA ROBERTO ASTUDILLO RCTO CAMPAMENTO SECTOR NUEVA ESPERANZA ', 'CAMPAMENTO', 'CAMPAMENTO', '""', '""', '""', '""', '0982609061', '', 1, 2, 291, '', '', '', '', '', '""', '', '', 'Domestico', 1, '10 MB', '2,1', 'Alquiler', 30, '""', '""', 1, 1, '2021-06-25 00:00:00', '2021-06-25 00:00:00'),
	(293, '292', '11001768', '2020-07-10', 'PARROQUIA ROBERTO ASTUDILLO SECTOR LA FLORIDA ', 'LA FLORIDA ', 'LA FLORIDA ', '""', '""', '""', '""', '0982868508', '', 1, 2, 292, 'POAQUIZA RONAL', '', 'VECINO', '0968986184', '', '""', '', '', 'Domestico', 1, '6 MB', '2,1', 'Alquiler', 22, '""', '""', 1, 1, '2021-06-25 00:00:00', '2021-06-25 00:00:00'),
	(294, '293', '11001769', '2020-07-16', 'PARROQUIA ROBERTO ASTUDILLO SECTOR CAMPAMENTO', 'CAMPAMENTO', 'CAMPAMENTO', '""', '""', '""', '""', '0988535172', '', 1, 2, 293, 'ALMEIDA ROSA', '', 'PRIMA', '0984818152', '', '""', '', '', 'Domestico', 1, '10 MB', '2,1', 'Alquiler', 30, '""', '""', 1, 1, '2021-06-25 00:00:00', '2021-06-25 00:00:00'),
	(295, '294', '11005538', '2020-01-20', 'CDLA NUEVO SAN ELIAS MANZANA 2 SOLAR 11', 'CDLA SAN ELIAS', 'CDLA SAN ELIAS', '""', '""', '""', '""', '0981055845', '', 1, 1, 294, '', '', '', '', '', '""', '', '', 'Domestico', 1, '6 MB', '2,1', 'Alquiler', 22, '""', '""', 0, 1, '2021-06-25 00:00:00', '2021-06-25 00:00:00'),
	(296, '295', '11002300', '2020-01-16', 'CDLA SANTA MARGARITA AV GUAYAQUIL Y 24 DE MAYO', 'CDLA SANTA MARGARITA', 'CDLA SANTA MARGARITA', '""', '""', '""', '""', '0960636911', '', 1, 1, 295, '', '', '', '', '', '""', '', '', 'Domestico', 1, '6 MB', '2,1', 'Alquiler', 22, '""', '""', 1, 1, '2021-06-25 00:00:00', '2021-06-25 00:00:00'),
	(297, '296', '11254618', '2020-01-15', 'CDLA XAVIER MARCOS QUINTA CALLE ', 'CDLA XAVIER MARCOS', 'CDLA XAVIER MARCOS', '""', '""', '""', '""', '0980685853', '', 1, 1, 296, 'CENTENO ALVARADO BRYAN', '', 'ESPOSO', '0980157623', '', '""', '', '', 'Domestico', 1, '6 MB', '2,1', 'Alquiler', 22, '""', '""', 0, 1, '2021-06-25 00:00:00', '2021-06-25 00:00:00'),
	(298, '297', '11007584', '2020-04-25', 'RCTO ROCAFUERTE', 'RCTO ROCAFUERTE', 'RCTO ROCAFUERTE', '""', '""', '""', '""', '000000000', '', 1, 1, 297, '', '', '', '', '', '""', '', '', 'Domestico', 1, '6 MB', '2,1', 'Alquiler', 22, '""', '""', 1, 1, '2021-06-25 00:00:00', '2021-06-25 00:00:00'),
	(299, '298', '11003421', '2020-04-10', 'PARROQIA ROBERTO ASTUDILLO VENECIA DE CHIMBO', 'VENECIA CHIMBO', 'VENECIA CHIMBO', '""', '""', '""', '""', '0963697443', '', 1, 2, 298, 'POAQUIZA MAYORGA MERY', '', 'TIA', '0982868508', 'POAQUIZA SANCHEZ KATHERINE', '""', 'PRIMA', '0982586985', 'Domestico', 1, '6 MB', '2,1', 'Alquiler', 22, '""', '""', 1, 1, '2021-06-25 00:00:00', '2021-06-25 00:00:00'),
	(300, '299', '11002447', '2020-01-14', 'CDLA XAVIER MARCOS SEGUNDA ENTRADA', 'CDLA XAVIER MARCOS', 'CDLA XAVIER MARCOS', '""', '""', '""', '""', '0989713662', '', 1, 1, 299, '', '', '', '', '', '""', '', '', 'Domestico', 1, '6 MB', '2,1', 'Alquiler', 22, '""', '""', 1, 1, '2021-06-25 00:00:00', '2021-06-25 00:00:00'),
	(301, '300', '11003510', '2020-06-02', 'PARROQUIA ROBERTO ASTUDILLO SECTOR CRISTO CONSUELO A LADO DE LA IGLESIA', 'CRISTO CONSUELO', 'CRISTO CONSUELO', '""', '""', '""', '""', '0989112494', '', 1, 2, 300, 'REINOSO RIGOBERTO', '', 'AMIGO', '0994075964', '', '""', '', '', 'Domestico', 1, '6 MB', '2,1', 'Alquiler', 22, '""', '""', 1, 1, '2021-06-25 00:00:00', '2021-06-25 00:00:00'),
	(302, '301', '11001770', '2020-07-17', 'PARROQUIA ROBERTO ASTUDILLO CENTRO DE LA PISCINA DOS CUADRAS ATRÁS', 'CENTRO PARROQUIA', 'CENTRO PARROQUIA', '""', '""', '""', '""', '0981419723', '', 1, 2, 301, 'QUISPE MARIA ', '', 'SUEGRA', '0993215115', 'RAMOS FREDDY', '""', 'SUEGRO', '0985366666', 'Domestico', 1, '6 MB', '2,1', 'Alquiler', 22, '""', '""', 1, 1, '2021-06-25 00:00:00', '2021-06-25 00:00:00'),
	(303, '302', '11001771', '2020-07-20', 'PARROQUIA ROBERTO ASTUDILLO ', 'CENTRO PARROQUIA', 'CENTRO PARROQUIA', '""', '""', '""', '""', '0985974526', '', 1, 2, 302, 'BUENAÑO MEZA ROSA', '', 'MADRE', '0990606633', 'MONCADA ORTIZ KARLA', '""', 'ESPOSA', '0986598198', 'Domestico', 1, '6 MB', '2,1', 'Alquiler', 22, '""', '""', 0, 1, '2021-06-25 00:00:00', '2021-06-25 00:00:00'),
	(304, '303', '11001772', '2020-07-20', 'PARROQUIA ROBERTO ASTUDILLO SECTOR GUABI 2', 'EL GUABO Y GUABI', 'EL GUABO Y GUABI', '""', '""', '""', '""', '0990204152', '', 1, 2, 303, 'ALBARRACIN JOFFRE', '', 'HERMANO', '0985609867', 'LOOR BALLADARES LUCILA', '""', 'ESPOSA', '0990189795', 'Domestico', 1, '6 MB', '2,1', 'Alquiler', 22, '""', '""', 1, 1, '2021-06-25 00:00:00', '2021-06-25 00:00:00'),
	(305, '304', '11002126', '2020-07-20', 'CDLA SAN ENRIQUE CALLE VICENTE ROCAFUERTE', 'CDLA SAN ENRIQUE ', 'CDLA SAN ENRIQUE ', '""', '""', '""', '""', '0968050282', '', 1, 1, 304, '', '', '', '', '', '""', '', '', 'Domestico', 1, '6 MB', '2,1', 'Alquiler', 22, '""', '""', 1, 1, '2021-06-25 00:00:00', '2021-06-25 00:00:00'),
	(306, '305', '11001773', '2020-07-21', 'PARROQUIA ROBERTO ASTUDILLO RCTO SAN ANTONIO', 'SAN ANTONIO ', 'SAN ANTONIO ', '""', '""', '""', '""', '0960472721', '', 1, 2, 305, 'CRIOLLO NINA', '', 'HERMANA', '0959653825', '', '""', '', '', 'Domestico', 1, '6 MB', '2,1', 'Alquiler', 22, '""', '""', 1, 1, '2021-06-25 00:00:00', '2021-06-25 00:00:00'),
	(307, '306', '11001774', '2020-07-21', 'CDLA SAN LUIS PASANDO LA CANCHA DE INDOR', 'CDLA SAN LUIS', 'CDLA SAN LUIS', '""', '""', '""', '""', '0990335188', '', 1, 1, 306, 'TIGRE JOSELYN', '', 'HERMANA', '0998688537', '', '""', '', '', 'Domestico', 1, '10 MB', '2,1', 'Alquiler', 30, '""', '""', 0, 1, '2021-06-25 00:00:00', '2021-06-25 00:00:00'),
	(308, '307', '11001775', '2020-07-22', 'CDLA XAVIER MARCOS SECTOR LA GALLERA', 'CDLA XAVIER MARCOS', 'CDLA XAVIER MARCOS', '""', '""', '""', '""', '0991305906', '', 1, 1, 307, 'RUIZ LILIANA', '', 'HERMANA', '0939270273', 'SANCHEZ ADRIANA', '""', 'HERMANA', '0967277810', 'Domestico', 1, '6 MB', '2,1', 'Alquiler', 22, '""', '""', 1, 1, '2021-06-25 00:00:00', '2021-06-25 00:00:00'),
	(309, '308', '11006677', '2020-07-23', 'PARROQUIA ROBERTO ASTUDILLO RCTO SAN ANTONIO', 'SAN ANTONIO ', 'SAN ANTONIO ', '""', '""', '""', '""', '0959653825', '', 1, 2, 308, '', '', '', '', '', '""', '', '', 'Domestico', 1, '6 MB', '2,1', 'Alquiler', 22, '""', '""', 1, 1, '2021-06-25 00:00:00', '2021-06-25 00:00:00'),
	(310, '309', '11001776', '2020-07-27', 'PARROQUIA ROBERTO ASTUDILLO SECTOR LOS MONOS', 'LOS MONOS ', 'LOS MONOS ', '""', '""', '""', '""', '0968926635', '', 1, 2, 309, 'HERRERA ARISTEGA RUBE', '', 'CUÑADO', '0939609022', '', '""', '', '', 'Domestico', 1, '6 MB', '2,1', 'Alquiler', 22, '""', '""', 1, 1, '2021-06-25 00:00:00', '2021-06-25 00:00:00'),
	(311, '310', '11002324', '2020-07-10', 'CDLA XAVIER MARCOS AV. AGUSTO AYALA Y GLADYS SIGUENZA', 'CDLA XAVIER MARCOS', 'CDLA XAVIER MARCOS', '""', '""', '""', '""', '0980268759', '', 1, 1, 310, 'ALCIVAR GLADYS', '', 'ESPOSA', '0985579504', 'SECAIRA MELANI', '""', 'HIJA', '0967819978', 'Domestico', 0, '6 MB', '2,1', 'Alquiler', 22, '""', '""', 1, 1, '2021-06-25 00:00:00', '2021-06-25 00:00:00'),
	(312, '311', '11002229', '2020-07-27', 'CDLA XAVIER MARCOS AV. AGUSTO AYALA Y GLADYS SIGUENZA', 'CDLA XAVIER MARCOS', 'CDLA XAVIER MARCOS', '""', '""', '""', '""', '0978866906', '', 1, 1, 311, 'ALVARADO NANCY', '', 'MADRE', '0986069038', '', '""', '', '', 'Domestico', 0, '6 MB', '2,1', 'Alquiler', 22, '""', '""', 1, 1, '2021-06-25 00:00:00', '2021-06-25 00:00:00'),
	(313, '312', '11002290', '2020-07-25', 'CDLA SAN ELIAS CALLE AMAZONAS CERCA A LA ESTACION DE POLICIA ', 'CDLA SAN ELIAS', 'CDLA SAN ELIAS', '""', '""', '""', '""', '0995263741', '', 1, 1, 312, 'AUCANCELA MAYRA', '', 'MADRE', '0986445911', 'CRESPO MILEY', '""', 'PRIMA', '0960039760', 'Domestico', 1, '6 MB', '2,1', 'Alquiler', 22, '""', '""', 1, 1, '2021-06-25 00:00:00', '2021-06-25 00:00:00'),
	(314, '313  (CASA) ', '11254777', '2020-08-03', 'PARROQUIA ROBERTO ASTUDILLO RCTO MANGA DE JEJEN', 'MANGA DE JEJEN', 'MANGA DE JEJEN', '""', '""', '""', '""', '0967692983', '', 1, 2, 287, 'SUAREZ RIOS OOLANDA AMELIA', '', 'MADRE', '0979455226', '', '""', '', '', 'Domestico', 1, '6 MB', '2,1', 'Alquiler', 22, '""', '""', 1, 1, '2021-06-25 00:00:00', '2021-06-25 00:00:00'),
	(315, '314', '11001778', '2020-08-04', 'PARROQUIA ROBERTO ASTUDILLO SECTOR LA REPRESA', 'LA REPRESA ', 'LA REPRESA ', '""', '""', '""', '""', '0980454916', '', 1, 2, 313, 'DELGADO ORAMAS VICTOR', '', 'PRIMO', '0959180643', 'RIVERA MORENO JOSELYN', '""', 'TIA', '0990555077', 'Domestico', 1, '6 MB', '2,1', 'Alquiler', 22, '""', '""', 0, 1, '2021-06-25 00:00:00', '2021-06-25 00:00:00'),
	(316, '315', '11005108', '2020-08-05', 'CDLA XAVIER MARCOS CALLE HUMBERTO TOBAR ', 'CDLA XAVIER MARCOS', 'CDLA XAVIER MARCOS', '""', '""', '""', '""', '0979516343', '', 1, 1, 314, 'RIVERA DOLORES', '', 'ESPOSA', '0980157085', '', '""', '', '', 'Domestico', 1, '6 MB', '2,1', 'Alquiler', 22, '""', '""', 1, 1, '2021-06-25 00:00:00', '2021-06-25 00:00:00'),
	(317, '316', '11002440', '2020-07-15', 'CDLA XAVIER MARCOS', 'CDLA XAVIER MARCOS', 'CDLA XAVIER MARCOS', '""', '""', '""', '""', '000000000', '', 1, 1, 315, '', '', '', '', '', '""', '', '', 'Domestico', 0, '20 MB', '2,1', 'Alquiler', 28, '""', '""', 1, 1, '2021-06-25 00:00:00', '2021-06-25 00:00:00'),
	(318, '317', '11002156', '2020-07-17', 'CDLA XAVIER MARCOS AV AGUSTO AYALA', 'CDLA XAVIER MARCOS', 'CDLA XAVIER MARCOS', '""', '""', '""', '""', '0988578972', '', 1, 1, 316, 'CEPEDA GUALAN MYRIAM', '', 'MADRE', '0986054076', '', '""', '', '', 'Domestico', 0, '6 MB', '2,1', 'Alquiler', 22, '""', '""', 1, 1, '2021-06-25 00:00:00', '2021-06-25 00:00:00'),
	(319, '318', '11002292', '2020-07-20', 'CDLA XAVIER MARCOS CALLE TELMO VERA ', 'CDLA XAVIER MARCOS', 'CDLA XAVIER MARCOS', '""', '""', '""', '""', '0968913033', '', 1, 1, 317, 'TIGRE CISNERO ANA', '', 'TIA', '042720071', '', '""', '', '', 'Domestico', 0, '6 MB', '2,1', 'Alquiler', 22, '""', '""', 1, 1, '2021-06-25 00:00:00', '2021-06-25 00:00:00'),
	(320, '319', '11001779', '2020-07-15', 'CDLA XAVIER MARCOS CALLE YALILE YAPUR ', 'CDLA XAVIER MARCOS', 'CDLA XAVIER MARCOS', '""', '""', '""', '""', '0960804165', '', 1, 1, 318, 'MOROCHO YAURIPOMA  ROSA', '', 'MADRE', '0989179465', '', '""', '', '', 'Domestico', 0, '6 MB', '2,1', 'Alquiler', 22, '""', '""', 1, 1, '2021-06-25 00:00:00', '2021-06-25 00:00:00'),
	(321, '320', '11002536', '2020-08-04', 'CDLA XAVIER MARCOS CALLE YALILE YAPUR ', 'CDLA XAVIER MARCOS', 'CDLA XAVIER MARCOS', '""', '""', '""', '""', '0979637736', '', 1, 1, 319, 'ALDAZ CARDENAS MAYRA', '', 'ESPOSA', '0988239856', '', '""', '', '', 'Domestico', 0, '20 MB', '2,1', 'Alquiler', 28, '""', '""', 1, 1, '2021-06-25 00:00:00', '2021-06-25 00:00:00'),
	(322, '321', '11001780', '2020-08-06', 'RCTO GALAPAGOS CERCA DEL CLUB GALAPAGOS', 'MANGA DE JEJEN', 'MANGA DE JEJEN', '""', '""', '""', '""', '0993598640', '', 1, 2, 320, 'QUINDE SANANGO SANDRA', '', 'ESPOSA', '0988712649', '', '""', '', '', 'Domestico', 1, '6 MB', '2,1', 'Alquiler', 22, '""', '""', 0, 1, '2021-06-25 00:00:00', '2021-06-25 00:00:00'),
	(323, '322', '11001781', '2020-08-07', 'PARROQUIA ROBERTO ASTUDILLO RCTO CAMPAMENTO SECTOR LAS PARCELAS', 'CAMPAMENTO', 'CAMPAMENTO', '""', '""', '""', '""', '0994429916', '', 1, 2, 321, 'VARGAS LUIS', '', 'HIJO', '0981597480', 'ZAMBRANO ZAMBRANO JOSE', '""', 'ESPOSO', '0988263091', 'Domestico', 1, '6 MB', '2,1', 'Alquiler', 22, '""', '""', 1, 1, '2021-06-25 00:00:00', '2021-06-25 00:00:00'),
	(324, '323', '11001784', '2020-06-04', 'PARROQUIA ROBERTO ASTUDILLO RCTO SAN ANTONIO', 'SAN ANTONIO ', 'SAN ANTONIO ', '""', '""', '""', '""', '0988455317', '', 1, 2, 322, 'CARRANZA DAMIAN', '', 'ESPOSO', '0994781648', '', '""', '', '', 'Domestico', 1, '6 MB', '2,1', 'Alquiler', 22, '""', '""', 1, 1, '2021-06-25 00:00:00', '2021-06-25 00:00:00'),
	(325, '324', '11002457', '2020-08-15', 'CDLA XAVIER MARCOS CALLE TELMO BEDRAN', 'CDLA XAVIER MARCOS', 'CDLA XAVIER MARCOS', '""', '""', '""', '""', '0999357766', '', 1, 1, 323, 'CEPEDA GUAPI PEDRO', '', 'ESPOSO', '0986615124', 'CEPEDA MOROCHO MICHAEL', '""', 'HIJO', '0979460753', 'Domestico', 0, '6 MB', '2,1', 'Alquiler', 22, '""', '""', 1, 1, '2021-06-25 00:00:00', '2021-06-25 00:00:00'),
	(326, '325', '11001782', '2020-08-19', 'PARROQUIA ROBERTO ASTUDILLO SECTOR LA REPRESA', 'LA REPRESA ', 'LA REPRESA ', '""', '""', '""', '""', '0939665519', '', 1, 2, 324, 'MOINA MERCEDES', '', 'HERMANA', '0959855327', '', '""', '', '', 'Domestico', 1, '10 MB', '2,1', 'Alquiler', 30, '""', '""', 1, 1, '2021-06-25 00:00:00', '2021-06-25 00:00:00'),
	(327, '326', '11005446', '2020-07-25', 'AV 5 DE OCTUBRE Y GRAL CORDOVA', 'CENTRO 1', 'CENTRO 1', '""', '""', '""', '""', '0981780962', '', 1, 1, 325, 'ARIAS JORGE', '', 'YERNO', '0939421990', '', '""', '', '', 'Domestico', 1, '10 MB', '2,1', 'Alquiler', 30, '""', '""', 1, 1, '2021-06-25 00:00:00', '2021-06-25 00:00:00'),
	(328, '327', '11002142', '2020-08-30', 'CDLA XAVIER MARCOS CALLE GLADYS SIGUENZA', 'CDLA XAVIER MARCOS', 'CDLA XAVIER MARCOS', '""', '""', '""', '""', '0991654469', '', 1, 1, 326, 'CASTILLO MEDINA MERCEDES', '', 'ESPOSA', '0986460850', '', '""', '', '', 'Domestico', 0, '6 MB', '2,1', 'Alquiler', 22, '""', '""', 1, 1, '2021-06-25 00:00:00', '2021-06-25 00:00:00'),
	(329, '328', '11001783', '2020-08-24', 'PARROQUIA ROBERTO ASTUDILLO RCTO FLOR DEL BOSQUE ', 'FLOR DEL BOSQUE ', 'FLOR DEL BOSQUE ', '""', '""', '""', '""', '0960844065', '', 1, 2, 327, 'ARELLANO VICTOR', '', 'SOBRINO', '0986761734', '', '""', '', '', 'Domestico', 1, '6 MB', '2,1', 'Alquiler', 22, '""', '""', 0, 1, '2021-06-25 00:00:00', '2021-06-25 00:00:00'),
	(330, '329', '11007143', '2020-08-30', 'CDLA LOS PARQUES 2 CALLE 9NO Y CALLE S/N DETRÁS DEL DISENSA', 'CDLA LOS PARQUES 2', 'CDLA LOS PARQUES 2', '""', '""', '""', '""', '0993995167', '', 1, 4, 328, 'SANTILLAN NANCY', '', 'ESPOSA', '0988232520', '', '""', '', '', 'Domestico', 1, '10 MB', '2,1', 'Alquiler', 30, '""', '""', 1, 1, '2021-06-25 00:00:00', '2021-06-25 00:00:00'),
	(331, '330', '11001785', '2020-09-02', 'PARROQUIA ROBERTO ASTUDILLO SECTOR CRISTO DEL CONSUELO ', 'CRISTO CONSUELO', 'CRISTO CONSUELO', '""', '""', '""', '""', '0984588373', '', 1, 2, 329, 'BUENAÑO LOPEZ JACQUELINE', '', 'HERMANA', '0986137896', '', '""', '', '', 'Domestico', 1, '6 MB', '2,1', 'Alquiler', 22, '""', '""', 1, 1, '2021-06-25 00:00:00', '2021-06-25 00:00:00'),
	(332, '331', '11002348', '2020-09-25', 'CDLA XAVIER MARCOS CALLE SALOME CORNEJO Y YALILE YAPUR', 'CDLA XAVIER MARCOS', 'CDLA XAVIER MARCOS', '""', '""', '""', '""', '0990287728', '', 1, 1, 330, 'CRIOLLO MORAN ALEXIS', '', 'ESPOSO', '0990287728', 'LOPEZ SIMETERRA ANGELICA', '""', 'AMIGA', '0995829786', 'Domestico', 0, '6 MB', '2,1', 'Alquiler', 22, '""', '""', 0, 1, '2021-06-25 00:00:00', '2021-06-25 00:00:00'),
	(333, '332', '11001787', '2020-09-22', 'PARROQUIA ROBERTO ASTUDILLO RCTO CAMPAMENTO ENTRANDO A FLOR DEL BOSQUE VIA CHIMBO', 'CAMPAMENTO', 'CAMPAMENTO', '""', '""', '""', '""', '0981569316', '', 1, 2, 331, 'SANCHEZ PAREDES FAUSTO', '', 'HERMANO', '0988062120', 'GAVILANEZ AMANDA', '""', 'CUÑADA', '0968419313', 'Domestico', 1, '6 MB', '2,1', 'Alquiler', 22, '""', '""', 1, 1, '2021-06-25 00:00:00', '2021-06-25 00:00:00'),
	(334, '333', '11001788', '2020-09-16', 'PARROQUIA ROBERTO ASTUDILLO RCTO FLOR DEL BOSQUE ', 'FLOR DEL BOSQUE ', 'FLOR DEL BOSQUE ', '""', '""', '""', '""', '0993476564', '', 1, 2, 332, 'AGUIRRE EDUARDO', '', 'ESPOSO', '0959554929', '', '""', '', '', 'Domestico', 1, '6 MB', '2,1', 'Alquiler', 22, '""', '""', 1, 1, '2021-06-25 00:00:00', '2021-06-25 00:00:00'),
	(335, '334(NARANJITO) ', '11002689', '2020-09-20', 'CDLA XAVIER MARCOS 2DA ENTRADA DEL COLEGIO DIEGO NOBOA CALLE ', 'CDLA XAVIER MARCOS', 'CDLA XAVIER MARCOS', '""', '""', '""', '""', '0985454221', '', 1, 1, 203, 'YANTALEMA PILATAI FRANCISCO', '', 'ESPOSO', '0968541768', '', '""', '', '', 'Domestico', 0, '6 MB', '2,1', 'Alquiler', 22, '""', '""', 1, 1, '2021-06-25 00:00:00', '2021-06-25 00:00:00'),
	(336, '335', '11001786', '2020-09-25', 'PARROQUIA ROBERTO ASTUDILLO SECTOR VENECIA DE CHIMBO', 'VENECIA CHIMBO', 'VENECIA CHIMBO', '""', '""', '""', '""', '0995375103', '', 1, 2, 333, 'NAVAS JOSE', '', 'HERMANO', '0994274663', '', '""', '', '', 'Domestico', 1, '6 MB', '2,1', 'Alquiler', 22, '""', '""', 1, 1, '2021-06-25 00:00:00', '2021-06-25 00:00:00'),
	(337, '336', '11007789', '2020-09-29', 'RCTO ROCAFUERTE VIA AL ROSARIO', 'RCTO ROCAFUERTE', 'RCTO ROCAFUERTE', '""', '""', '""', '""', '0990596803', '', 1, 1, 334, 'HERNANDEZ MAYRA', '', 'ESPOSA', '0994068725', '', '""', '', '', 'Domestico', 1, '10 MB', '2,1', 'Alquiler', 30, '""', '""', 1, 1, '2021-06-25 00:00:00', '2021-06-25 00:00:00'),
	(338, '337', '11001790', '2020-09-30', 'CDLA SAN LUIS FRENTE A LA ANTENA DE LA RADIO ECOS PRIMERA CUADRA ', 'CDLA SAN LUIS', 'CDLA SAN LUIS', '""', '""', '""', '""', '0982893487', '', 1, 1, 335, 'LEON EFRAIN', '', 'PRIMO', '0968852109', 'SAMGO ALBERTO', '""', 'CUÑADO', '0986933236', 'Domestico', 1, '6 MB', '2,1', 'Alquiler', 22, '""', '""', 1, 1, '2021-06-25 00:00:00', '2021-06-25 00:00:00'),
	(339, '338', '11003335', '2020-09-30', 'PARROQUIA ROBERTO ASTUDILLO VIA CHIMBO', 'VENECIA CHIMBO', 'VENECIA CHIMBO', '""', '""', '""', '""', '0967470188', '', 1, 2, 336, 'QUINTUÑA MARIN LUCY ', '', 'CUÑADA', '0981579801', 'QUINTUÑA MARIN DEXY', '""', 'CUÑADA', '0985909123', 'Domestico', 1, '6 MB', '2,1', 'Alquiler', 22, '""', '""', 1, 1, '2021-06-25 00:00:00', '2021-06-25 00:00:00'),
	(340, '339 (SUEGROS) ', '11001791', '2020-10-16', 'PARROQUIA ROBERTO ASTUDILLO RCTO CORDOVAVIA VENECIA CENTRAL ORILLANDO LA LINEA', 'CORDOVA ', 'CORDOVA ', '""', '""', '""', '""', '0986119910', '', 1, 2, 14, '', '', '', '', '', '""', '', '', 'Domestico', 1, '6 MB', '2,1', 'Alquiler', 22, '""', '""', 0, 1, '2021-06-25 00:00:00', '2021-06-25 00:00:00'),
	(341, '340', '11001792', '2020-10-16', 'CALLE PICHINCHA ENTRE AV. 5 DE OCTUBRE Y DOLORES ALZUA FRENTE A LA LIGA CANTONAL', 'CENTRO 1', 'CENTRO 1', '""', '""', '""', '""', '0959188097', '', 1, 1, 337, 'JONATHAN BRIONES', '', 'HIJO ', '042721426 ', '', '""', '', '', 'Domestico', 1, '6 MB', '2,1', 'Alquiler', 22, '""', '""', 1, 1, '2021-06-25 00:00:00', '2021-06-25 00:00:00'),
	(342, '341', '11001793', '2020-10-09', 'CDLA JAIME ROLDOS AV. 9 DE OCTUBRE Y GILDA ZAVALA ', 'CDLA JAIME ROLDOS', 'CDLA JAIME ROLDOS', '""', '""', '""', '""', '0978660084', '', 1, 1, 338, 'MARINA MORA', '', 'ESPOSA', '0978830344', '', '""', '', '', 'Domestico', 1, '10 MB', '2,1', 'Alquiler', 30, '""', '""', 1, 1, '2021-06-25 00:00:00', '2021-06-25 00:00:00'),
	(343, '342', '11002461', '2020-10-08', 'CDLA XAVIER MARCOS CALLES TATIANA BARRETO Y JAIME ORTIZ', 'CDLA XAVIER MARCOS', 'CDLA XAVIER MARCOS', '""', '""', '""', '""', '0982215898', '', 1, 1, 339, '', '', '', '', '', '""', '', '', 'Domestico', 0, '6 MB', '2,1', 'Alquiler', 22, '""', '""', 1, 1, '2021-06-25 00:00:00', '2021-06-25 00:00:00'),
	(344, '343', '11005346', '2020-09-30', 'CDLA JAIME ROLDOS CALLES JOSUE BELTRAN Y MARLENE RON', 'CDLA JAIME ROLDOS', 'CDLA JAIME ROLDOS', '""', '""', '""', '""', '0985484595', '', 1, 1, 340, 'HARRISON VILLEGAS', '', 'ESPOSO', '0994776649', '', '""', '', '', 'Domestico', 1, '6 MB', '2,1', 'Alquiler', 22, '""', '""', 1, 1, '2021-06-25 00:00:00', '2021-06-25 00:00:00'),
	(345, '344(PRIMO) ', '11254794', '2020-10-07', 'PARROQUIA ROBERTO ASTUDILLO RCTO MANGA DE JEJEN', 'MANGA DE JEJEN', 'MANGA DE JEJEN', '""', '""', '""', '""', '0988712649', '', 1, 2, 95, 'PICO QUINDE JOSE LUIS', '', 'PRIMO', '', '', '""', '', '', 'Domestico', 1, '6 MB', '2,1', 'Alquiler', 22, '""', '""', 0, 1, '2021-06-25 00:00:00', '2021-06-25 00:00:00'),
	(346, '345', '11001795', '2020-10-07', 'PARROQUIA ROBERTO ASTUDILLO CERCA A LA CANCHA CRUZEIRO', 'CENTRO PARROQUIA', 'CENTRO PARROQUIA', '""', '""', '""', '""', '0959271967', '', 1, 2, 341, 'ANDREINA ARISTEGA', '', 'HERMANA', '0980948834', 'CARLOS BARRETO', '""', 'ESPOSO', '0939362847', 'Domestico', 1, '10 MB', '2,1', 'Alquiler', 30, '""', '""', 1, 1, '2021-06-25 00:00:00', '2021-06-25 00:00:00'),
	(347, '346', '11001796', '2020-10-20', 'PARROQUIA ROBERTO ASTUDILLO SECTOR LOS MONOS', 'LOS MONOS ', 'LOS MONOS ', '""', '""', '""', '""', '0987833800', '', 1, 2, 342, 'AMBAR AGUILAR', '', 'HIJA', '0995519923', '', '""', '', '', 'Domestico', 1, '6 MB', '2,1', 'Alquiler', 22, '""', '""', 1, 1, '2021-06-25 00:00:00', '2021-06-25 00:00:00'),
	(348, '347', '11003525', '2020-10-23', 'PARROQUIA ROBERTO ASTUDILLO RECINTO VENECIA CENTRAL', 'VENECIA CENTRAL ', 'VENECIA CENTRAL ', '""', '""', '""', '""', '0988279113', '', 1, 2, 343, '', '', '', '', '', '""', '', '', 'Domestico', 1, '6 MB', '2,1', 'Alquiler', 22, '""', '""', 0, 1, '2021-06-25 00:00:00', '2021-06-25 00:00:00'),
	(349, '348', '11001797', '2020-10-26', 'PARROQUIA ROBERTO ASTUDILLO SECTOR LA REPRESA', 'LA REPRESA ', 'LA REPRESA ', '""', '""', '""', '""', '0980306123', '', 1, 2, 344, 'CUZME MARYURI', '', 'HIJA', '0980055591', 'CUZME ANTONIO', '""', 'ESPOSO', '0979904092', 'Domestico', 1, '6 MB', '2,1', 'Alquiler', 22, '""', '""', 1, 1, '2021-06-25 00:00:00', '2021-06-25 00:00:00'),
	(350, '349', '11001798', '2020-10-29', 'PARROQUIA ROBERTO ASTUDILLO SECTOR EL GUABO', 'EL GUABO Y GUABI', 'EL GUABO Y GUABI', '""', '""', '""', '""', '0982762988', '', 1, 2, 345, 'TORAL OSWALDO', '', 'PADRE', '0939666812', 'PAREDES JORGE ', '""', 'VECINO', '0997879718', 'Domestico', 1, '10 MB', '2,1', 'Alquiler', 30, '""', '""', 1, 1, '2021-06-25 00:00:00', '2021-06-25 00:00:00'),
	(351, '350', '11001799', '2020-10-29', 'PARROQUIA ROBERTO ASTUDILLO ATRÁS DEL UPC', 'CENTRO PARROQUIA', 'CENTRO PARROQUIA', '""', '""', '""', '""', '0991159484', '', 1, 2, 346, 'CHILIQUINGA SHIRLEY', '', 'ESPOSA', '0980215265', '', '""', '', '', 'Domestico', 1, '6 MB', '2,1', 'Alquiler', 22, '""', '""', 1, 1, '2021-06-25 00:00:00', '2021-06-25 00:00:00'),
	(352, '351', '11001800', '2020-10-29', 'PARROQUIA ROBERTO ASTUDILLO RCTO FLOR DEL BOSQUE ', 'FLOR DEL BOSQUE ', 'FLOR DEL BOSQUE ', '""', '""', '""', '""', '0960648743', '', 1, 2, 347, 'POAQUIZA ANGEL', '', 'HIJO', '0963809800', '', '""', '', '', 'Domestico', 1, '6 MB', '2,1', 'Alquiler', 22, '""', '""', 1, 1, '2021-06-25 00:00:00', '2021-06-25 00:00:00'),
	(353, '352', '11001801', '2020-10-30', 'PARROQUIA ROBERTO ASTUDILLO CENTRO POR LA CANCHA', 'CENTRO PARROQUIA', 'CENTRO PARROQUIA', '""', '""', '""', '""', '0967912859', '', 1, 2, 348, 'AGUIRRE SELENA', '', 'HIJA', '0988968719', '', '""', '', '', 'Domestico', 1, '6 MB', '2,1', 'Alquiler', 22, '""', '""', 1, 1, '2021-06-25 00:00:00', '2021-06-25 00:00:00'),
	(354, '353', '11001802', '2020-10-30', 'PARROQUIA ROBERTO ASTUDILLO LA REPRESA', 'LA REPRESA ', 'LA REPRESA ', '""', '""', '""', '""', '0963152885', '', 1, 2, 349, 'LEON QUINTUÑA MARIANA', '', 'AMIGA ', '0959881046', '', '""', '', '', 'Domestico', 1, '6 MB', '2,1', 'Alquiler', 22, '""', '""', 1, 1, '2021-06-25 00:00:00', '2021-06-25 00:00:00'),
	(355, '354', '11001803', '2020-10-30', 'PARROQUIA ROBERTO ASTUDILLO SECTOR LA FLORIDA ', 'LA FLORIDA ', 'LA FLORIDA ', '""', '""', '""', '""', '0960973913', '', 1, 2, 350, '', '', '', '', '', '""', '', '', 'Domestico', 1, '6 MB', '2,1', 'Alquiler', 22, '""', '""', 1, 1, '2021-06-25 00:00:00', '2021-06-25 00:00:00'),
	(356, '355', '11001804', '2020-11-05', 'PARROQUIA ROBERTO ASTUDILLO SECTOR LA FLORIDA ', 'LA FLORIDA ', 'LA FLORIDA ', '""', '""', '""', '""', '0980213954', '', 1, 2, 351, '', '', '', '', '', '""', '', '', 'Domestico', 1, '6 MB', '2,1', 'Alquiler', 22, '""', '""', 1, 1, '2021-06-25 00:00:00', '2021-06-25 00:00:00'),
	(357, '356', '11001805', '2020-11-06', 'PARROQUIA ROBERTO ASTUDILLO SECTOR LA FLORIDA ', 'LA FLORIDA ', 'LA FLORIDA ', '""', '""', '""', '""', '0960161256', '', 1, 2, 352, '', '', '', '', '', '""', '', '', 'Domestico', 1, '6 MB', '2,1', 'Alquiler', 22, '""', '""', 1, 1, '2021-06-25 00:00:00', '2021-06-25 00:00:00'),
	(358, '357', '11001806', '2020-11-06', 'PARROQUIA ROBERTO ASTUDILLO CRUCES CHICO VIA BELDACO', 'CRUCES CHICO VIA BELDACO', 'CRUCES CHICO VIA BELDACO', '""', '""', '""', '""', '0986584734', '', 1, 2, 353, '', '', '', '', '', '""', '', '', 'Domestico', 1, '10 MB', '2,1', 'Alquiler', 30, '""', '""', 0, 1, '2021-06-25 00:00:00', '2021-06-25 00:00:00'),
	(359, '358', '11003399', '2020-11-07', 'PARROQUIA ROBERTO ASTUDILLO RCTO CORDOVA', 'CORDOVA ', 'CORDOVA ', '""', '""', '""', '""', '0958896683', '', 1, 2, 354, '', '', '', '', '', '""', '', '', 'Domestico', 1, '10 MB', '2,1', 'Alquiler', 30, '""', '""', 1, 1, '2021-06-25 00:00:00', '2021-06-25 00:00:00'),
	(360, '359', '11001807', '2020-11-09', 'PARROQUIA ROBERTO ASUDILLO SECTOR CRISTO DEL CONSUELO', 'CRISTO CONSUELO', 'CRISTO CONSUELO', '""', '""', '""', '""', '0961468563', '', 1, 2, 355, 'ALMEIDA MILTON', '', 'ESPOSO', '0981582158', '', '""', '', '', 'Domestico', 1, '6 MB', '2,1', 'Alquiler', 22, '""', '""', 1, 1, '2021-06-25 00:00:00', '2021-06-25 00:00:00'),
	(361, '360', '11001808', '2020-11-16', 'CDLA SAN LUIS CERCA A LA ESCUELA EMMA RODRIGUEZ', 'CDLA SAN LUIS', 'CDLA SAN LUIS', '""', '""', '""', '""', '0989543286', '', 1, 1, 356, 'MENDEZ KATHERINE', '', 'HERMANA', '0968511294', '', '""', '', '', 'Domestico', 1, '6 MB', '2,1', 'Alquiler', 22, '""', '""', 1, 1, '2021-06-25 00:00:00', '2021-06-25 00:00:00'),
	(362, '361', '11001809', '2020-11-17', 'PARROQUIA ROBERTO ASTUDILLO RCTO CAMPAMENTO', 'CAMPAMENTO', 'CAMPAMENTO', '""', '""', '""', '""', '0981590549', '', 1, 2, 357, 'RIVERA JEAN CARLOS', '', 'ESPOSO', '0988285622', '', '""', '', '', 'Domestico', 1, '6 MB', '2,1', 'Alquiler', 22, '""', '""', 1, 1, '2021-06-25 00:00:00', '2021-06-25 00:00:00'),
	(363, '362', '11001810', '2020-11-19', 'CDLA SAN ELIAS CALLE SANTA ELENA Y LA HUERTA', 'CDLA SAN ELIAS', 'CDLA SAN ELIAS', '""', '""', '""', '""', '0980918189', '', 1, 1, 358, 'JIMENEZ LOURDES', '', 'ESPOSA', '0997272766', '', '""', '', '', 'Domestico', 1, '6 MB', '2,1', 'Alquiler', 22, '""', '""', 1, 1, '2021-06-25 00:00:00', '2021-06-25 00:00:00'),
	(364, '363', '11002389', '2020-11-23', 'CDLA XAVIER MARCOS CALLES TATIANA BARRETE Y CALLE 60', 'CDLA XAVIER MARCOS', 'CDLA XAVIER MARCOS', '""', '""', '""', '""', '0939100302', '', 1, 1, 359, 'VIJAY MANUEL', '', 'PADRE', '0981526505', '', '""', '', '', 'Domestico', 0, '6 MB', '2,1', 'Alquiler', 22, '""', '""', 1, 1, '2021-06-25 00:00:00', '2021-06-25 00:00:00'),
	(365, '364', '11001811', '2020-11-24', 'PARROQUIA ROBERTO ASTUDILLO SECTOR EL GUABI', 'EL GUABO Y GUABI', 'EL GUABO Y GUABI', '""', '""', '""', '""', '0992164030', '', 1, 2, 360, 'NEY ROBINSON ', '', 'AMIGO', '0990204152', '', '""', '', '', 'Domestico', 1, '6 MB', '2,1', 'Alquiler', 22, '""', '""', 1, 1, '2021-06-25 00:00:00', '2021-06-25 00:00:00'),
	(366, '365', '11001812', '2020-11-24', 'PARROQUIA ROBERTO ASTUDILLO RCTO GALAPAGOS', 'MANGA DE JEJEN', 'MANGA DE JEJEN', '""', '""', '""', '""', '0986068178', '', 1, 2, 361, 'PEANTES FERNANDA', '', 'CUÑADA', '0963179210', 'ROBALL MARGARITA', '""', 'AMIGA', '0963114631', 'Domestico', 1, '6 MB', '2,1', 'Alquiler', 22, '""', '""', 1, 1, '2021-06-25 00:00:00', '2021-06-25 00:00:00'),
	(367, '366', '11001813', '2020-11-24', 'PARROQUIA ROBERTO ASTUDIO ATRÁS DEL CUERPO DE BOMBEROS', 'CENTRO PARROQUIA', 'CENTRO PARROQUIA', '""', '""', '""', '""', '0998497206', '', 1, 2, 362, 'REINOSO RIGOBERTO', '', 'PADRE', '0994075964', 'VILLAVICENCIO CHAVEZ INGRID', '""', 'MADRE', '0963781965', 'Domestico', 1, '6 MB', '2,1', 'Alquiler', 22, '""', '""', 1, 1, '2021-06-25 00:00:00', '2021-06-25 00:00:00'),
	(368, '367', '11001814', '2020-11-25', 'PARROQUIA ROBERTO ASTUDILLO SECTOR EL GUABO', 'EL GUABO Y GUABI', 'EL GUABO Y GUABI', '""', '""', '""', '""', '0962767632', '', 1, 2, 363, 'PEREZ LANDA RENNY', '', 'PRIMO', '0962767632', '', '""', '', '', 'Domestico', 1, '6 MB', '2,1', 'Alquiler', 22, '""', '""', 0, 1, '2021-06-25 00:00:00', '2021-06-25 00:00:00'),
	(369, '368', '11001815', '2020-11-25', 'PARROQUIA ROBERTO ASTUDILLO SECTOR EL GUABO', 'EL GUABO Y GUABI', 'EL GUABO Y GUABI', '""', '""', '""', '""', '0979783185', '', 1, 2, 364, 'PEREZ LANDA RENNY', '', 'SOBRINO', '0962767632', 'NUÑEZ ALEJANDRO', '""', 'SOBRINO', '0978878079', 'Domestico', 1, '6 MB', '2,1', 'Alquiler', 22, '""', '""', 1, 1, '2021-06-25 00:00:00', '2021-06-25 00:00:00'),
	(370, '369', '11001816', '2020-11-26', 'CDLA NUEVO SAN ELIAS REF TORNO FREIRE', 'CDLA SAN ELIAS', 'CDLA SAN ELIAS', '""', '""', '""', '""', '0997079678', '', 1, 1, 365, 'PEÑAFIIEL FABIAN', '', 'HERMANO', '0980820057', '', '""', '', '', 'Domestico', 1, '6 MB', '2,1', 'Alquiler', 22, '""', '""', 1, 1, '2021-06-25 00:00:00', '2021-06-25 00:00:00'),
	(371, '370', '11001817', '2020-11-27', 'PARROQUIA ROBERTO ASTUDILLO CENTRO AV PRINCIPAL', 'CENTRO PARROQUIA', 'CENTRO PARROQUIA', '""', '""', '""', '""', '0962721486', '', 1, 2, 366, 'INGA SARMIENTO DAYSI', '', 'ESPOSA', '0991728079', '', '""', '', '', 'Domestico', 1, '6 MB', '2,1', 'Alquiler', 22, '""', '""', 1, 1, '2021-06-25 00:00:00', '2021-06-25 00:00:00'),
	(372, '371', '11001818', '2020-11-27', 'PARROQUIA ROBERTO ASTUDILLO SECTOR NUEVA ESPERANZA', 'CAMPAMENTO', 'CAMPAMENTO', '""', '""', '""', '""', '0979868680', '', 1, 2, 367, 'RIVERA JEAN CARLOS', '', 'HIJO', '0988285622', '', '""', '', '', 'Domestico', 1, '6 MB', '2,1', 'Alquiler', 22, '""', '""', 1, 1, '2021-06-25 00:00:00', '2021-06-25 00:00:00'),
	(373, '372', '11001819', '2020-12-01', 'PARROQUIA ROBERTO ASTUDILLO SECTOR ISLA DE LOS MONOS ', 'LOS MONOS ', 'LOS MONOS ', '""', '""', '""', '""', '0960432748', '', 1, 2, 368, 'RIVERA ELVIS', '', 'HERMANO', '0963699516', '', '""', '', '', 'Domestico', 1, '10 MB', '2,1', 'Alquiler', 30, '""', '""', 1, 1, '2021-06-25 00:00:00', '2021-06-25 00:00:00'),
	(374, '373', '11001820', '2020-12-08', 'CDLA ELIECER PEREZ JURADO CALLE ACACIAS UNA CUADRA ANTES DEL CAMAL MUNICIPAL', 'CDLA ELIECER PEREZ ', 'CDLA ELIECER PEREZ ', '""', '""', '""', '""', '0939116369', '', 1, 1, 369, '', '', '', '', '', '""', '', '', 'Domestico', 1, '6 MB', '2,1', 'Alquiler', 22, '""', '""', 0, 1, '2021-06-25 00:00:00', '2021-06-25 00:00:00'),
	(375, '374', '11002258', '2020-12-10', 'CDLA ELIECER PEREZ', 'CDLA ELIECER PEREZ ', 'CDLA ELIECER PEREZ ', '""', '""', '""', '""', '0939240708', '', 1, 1, 370, '', '', '', '', '', '""', '', '', 'Domestico', 1, '6 MB', '2,1', 'Alquiler', 22, '""', '""', 1, 1, '2021-06-25 00:00:00', '2021-06-25 00:00:00'),
	(376, '375', '11001821', '2020-12-10', 'PARROQUIA ROBERTO ASTUDILLO SECTOR SAN FRANCISCO', 'SAN FRANCISCO', 'SAN FRANCISCO', '""', '""', '""', '""', '0978639110', '', 1, 2, 371, 'LOPEZ MAYRA', '', 'ESPOSA', '0987160210', '', '""', '', '', 'Domestico', 1, '6 MB', '2,1', 'Alquiler', 22, '""', '""', 1, 1, '2021-06-25 00:00:00', '2021-06-25 00:00:00'),
	(377, '376', '11002236', '2020-12-13', 'CDLA ELIECER PEREZ CALLE TERCERA Y LA D ', 'CDLA ELIECER PEREZ ', 'CDLA ELIECER PEREZ ', '""', '""', '""', '""', '0998308671', '', 1, 1, 372, '', '', '', '', '', '""', '', '', 'Domestico', 1, '6 MB', '2,1', 'Alquiler', 22, '""', '""', 1, 1, '2021-06-25 00:00:00', '2021-06-25 00:00:00'),
	(378, '377', '11001822', '2020-12-04', 'PARROQUIA ROBERTO ASTUDILLO RCTO EL GUABO ', 'EL GUABO Y GUABI', 'EL GUABO Y GUABI', '""', '""', '""', '""', '0979380004', '', 1, 2, 373, 'LANDA ANGELICA', '', 'TIO', '0963183696', '', '""', '', '', 'Domestico', 1, '6 MB', '2,1', 'Alquiler', 22, '""', '""', 1, 1, '2021-06-25 00:00:00', '2021-06-25 00:00:00'),
	(379, '378', '11001823', '2020-12-11', 'CDLA XAVIER MARCOS SEGUNDA ENTRADA DIEGO NOBOA CALLE 12 A LA DERECHA', 'CDLA XAVIER MARCOS', 'CDLA XAVIER MARCOS', '""', '""', '""', '""', '0969706742', '', 1, 1, 374, 'LUIGUIN MIRIAM', '', 'ESPOSA', '0990969194', '', '""', '', '', 'Domestico', 1, '6 MB', '2,1', 'Alquiler', 22, '""', '""', 1, 1, '2021-06-25 00:00:00', '2021-06-25 00:00:00'),
	(380, '379', '11001824', '2020-12-17', 'PARROQUIA ROBERTO ASTUDILLO RCTO FLOR DEL BOSQUE ', 'FLOR DEL BOSQUE ', 'FLOR DEL BOSQUE ', '""', '""', '""', '""', '0988166057', '', 1, 2, 375, 'MORENO MARLENE', '', 'MADRE', '0996214557', '', '""', '', '', 'Domestico', 1, '6 MB', '2,1', 'Alquiler', 22, '""', '""', 1, 1, '2021-06-25 00:00:00', '2021-06-25 00:00:00'),
	(381, '380', '11001825', '2020-12-23', 'PARROQUIA ROBERTO ASTUDILLO RCTO CAMPAMENTO SECTOR NUEVA ESPERANZA ', 'CAMPAMENTO', 'CAMPAMENTO', '""', '""', '""', '""', '0969840353', '', 1, 2, 376, 'ESPINOZA SONIA', '', 'SUEGRA', '0969840353', '', '""', '', '', 'Domestico', 1, '6 MB', '2,1', 'Alquiler', 22, '""', '""', 1, 1, '2021-06-25 00:00:00', '2021-06-25 00:00:00'),
	(382, '381', '11003379', '2020-12-24', 'PARROQUIA ROBERTO ASTUDILLO CALLES LOJA Y AZUAY', 'CENTRO PARROQUIA', 'CENTRO PARROQUIA', '""', '""', '""', '""', '0993031505', '', 1, 2, 377, '', '', '', '', '', '""', '', '', 'Domestico', 1, '6 MB', '2,1', 'Alquiler', 22, '""', '""', 1, 1, '2021-06-25 00:00:00', '2021-06-25 00:00:00'),
	(383, '382', '11001826', '2020-12-29', 'CDLA SAN ELIAS CALLES JUAN MONTALVO ENTRE SUCRE Y 9 DE OCTUBRE ', 'CDLA SAN ELIAS', 'CDLA SAN ELIAS', '""', '""', '""', '""', '0959454897', '', 1, 1, 378, 'LOOR ROSA ', '', 'MADRE', '0993105534', 'RAMIREZ VICTOR', '""', 'HERMANO', '0993626553', 'Domestico', 1, '6 MB', '2,1', 'Alquiler', 22, '""', '""', 1, 1, '2021-06-25 00:00:00', '2021-06-25 00:00:00'),
	(384, '383', '11001827', '2020-12-29', 'ROBERTO ASTUDILLO RCTO CRISTO DEL CONSUELO', 'CRISTO CONSUELO', 'CRISTO CONSUELO', '""', '""', '""', '""', '0982610762', '', 1, 2, 379, 'MOSQUERA VIVIANA', '', 'ESPOSA', '0981312113', '', '""', '', '', 'Domestico', 1, '6 MB', '2,1', 'Alquiler', 22, '""', '""', 1, 1, '2021-06-25 00:00:00', '2021-06-25 00:00:00'),
	(385, '384', '11001828', '2020-12-30', 'PARROQUIA ROBERTO ASTUDILLO CALLES IMBABURA Y COTOPAXI', 'CENTRO PARROQUIA', 'CENTRO PARROQUIA', '""', '""', '""', '""', '0985697223', '', 1, 2, 380, '', '', '', '', '', '""', '', '', 'Domestico', 1, '6 MB', '2,1', 'Alquiler', 22, '""', '""', 1, 1, '2021-06-25 00:00:00', '2021-06-25 00:00:00'),
	(386, '385', '11001829', '2020-12-11', 'CDLA XAVIER MARCOS CALLES JOSE FERRIN Y SALOME CORNEJO', 'CDLA XAVIER MARCOS', 'CDLA XAVIER MARCOS', '""', '""', '""', '""', '0994788326', '', 1, 1, 381, 'ROLDAN LAURA', '', 'MADRE', '0981092664', '', '""', '', '', 'Domestico', 0, '20 MB', '2,1', 'Alquiler', 28, '""', '""', 0, 1, '2021-06-25 00:00:00', '2021-06-25 00:00:00'),
	(387, '386', '11001830', '2021-01-20', 'PARROQUIA ROBERTO ASTUDILLO AV VELASCO IBARRA FRENTE A LA LAVADORA ', 'CENTRO PARROQUIA', 'CENTRO PARROQUIA', '""', '""', '""', '""', '0939008036', '', 1, 2, 382, 'LAVAYEN BARBARA', '', 'SOBRINA', '0985560198', '', '""', '', '', 'Domestico', 1, '6 MB', '2,1', 'Alquiler', 22, '""', '""', 1, 1, '2021-06-25 00:00:00', '2021-06-25 00:00:00'),
	(388, '387', '11001831', '2021-01-21', 'PARROQUIA ROBERTO ASTUDILLO RCTO EL GUABO ', 'EL GUABO Y GUABI', 'EL GUABO Y GUABI', '""', '""', '""', '""', '0992342785', '', 1, 2, 383, 'COELLO AXEL', '', 'HIJO', '0995953273', '', '""', '', '', 'Domestico', 1, '6 MB', '2,1', 'Alquiler', 22, '""', '""', 1, 1, '2021-06-25 00:00:00', '2021-06-25 00:00:00'),
	(389, '388', '11006600', '2021-01-09', 'PARROQUIA ROBERTO ASTUDILLO RCTO ISLA DE LOS MONOS VIA CHIMBO', 'LOS MONOS ', 'LOS MONOS ', '""', '""', '""', '""', '0939037239', '', 1, 2, 384, 'GUAYLLAS LUISA', '', 'MADRE', '0982884826', '', '""', '', '', 'Domestico', 1, '10 MB', '2,1', 'Alquiler', 30, '""', '""', 1, 1, '2021-06-25 00:00:00', '2021-06-25 00:00:00'),
	(390, '389(CENTRO PARROQUIA)', '11001832', '2021-01-29', 'PARROQUIA ROBERTO ASTUDILLO CALLE LOS RIOS, TUNGURAHUA Y PICHINCHA', 'CENTRO PARROQUIA', 'CENTRO PARROQUIA', '""', '""', '""', '""', '0985960858', '', 1, 2, 10, '', '', '', '', '', '""', '', '', 'Domestico', 1, '6 MB', '2,1', 'Alquiler', 22, '""', '""', 1, 1, '2021-06-25 00:00:00', '2021-06-25 00:00:00'),
	(391, '390', '11001833', '2021-01-29', 'PARROQUIA ROBBERTO ASTUDILLO SECTOR LAS PARCELAS ', 'CAMPAMENTO', 'CAMPAMENTO', '""', '""', '""', '""', '0997233840', '', 1, 2, 385, 'GUERRERO WILSON ', '', 'HIJO', '0991011678', '', '""', '', '', 'Domestico', 1, '6 MB', '2,1', 'Alquiler', 22, '""', '""', 1, 1, '2021-06-25 00:00:00', '2021-06-25 00:00:00'),
	(392, '391', '11001834', '2021-01-29', 'PARROQUIA ROBERTO ASTUDILLO CDLA LOS ANGELES CALLE JUAN VISNES ', 'CENTRO PARROQUIA', 'CENTRO PARROQUIA', '""', '""', '""', '""', '0979946771', '', 1, 2, 386, '', '', '', '', '', '""', '', '', 'Domestico', 1, '6 MB', '2,1', 'Alquiler', 22, '""', '""', 1, 1, '2021-06-25 00:00:00', '2021-06-25 00:00:00'),
	(393, '392', '11001835', '2021-02-08', 'PARROQUIA ROBERTO ASTUDILLO VIA CHIMBO SECTOR CAMPAMENTO', 'CAMPAMENTO', 'CAMPAMENTO', '""', '""', '""', '""', '0986735970', '', 1, 2, 387, 'CUTIERREZ GILBERTO', '', 'CLIENTE', '042719161', '', '""', '', '', 'Domestico', 1, '6 MB', '2,1', 'Alquiler', 22, '""', '""', 1, 1, '2021-06-25 00:00:00', '2021-06-25 00:00:00'),
	(394, '393', '11005228', '2021-02-05', 'CDLA JAIME ROLDOS ', 'CDLA JAIME ROLDOS', 'CDLA JAIME ROLDOS', '""', '""', '""', '""', '0996463769', '', 1, 1, 388, 'CALLE JULIO', '', 'ESPOSO', '0997384607', '', '""', '', '', 'Domestico', 1, '6 MB', '2,1', 'Alquiler', 22, '""', '""', 1, 1, '2021-06-25 00:00:00', '2021-06-25 00:00:00'),
	(395, '394', '11007522', '2021-02-11', 'RCTO EL ROSARIO SECTOR JERUSALEN ', 'RCTO EL ROSARIO ', 'RCTO EL ROSARIO ', '""', '""', '""', '""', '0967081716', '', 1, 1, 389, '', '', '', '', '', '""', '', '', 'Domestico', 1, '6 MB', '2,1', 'Alquiler', 22, '""', '""', 1, 1, '2021-06-25 00:00:00', '2021-06-25 00:00:00'),
	(396, '395', '11002611', '2021-02-27', 'CDLA SAN ELIAS AMAZONAS Y 21 JULIO', 'CDLA SAN ELIAS', 'CDLA SAN ELIAS', '""', '""', '""', '""', '0993697224', '', 1, 1, 390, 'SIGUENCIA PUNINA OSCAR', '', 'PADRE', '0988502923', '', '""', '', '', 'Domestico', 1, '6 MB', '2,1', 'Alquiler', 22, '""', '""', 0, 1, '2021-06-25 00:00:00', '2021-06-25 00:00:00'),
	(397, '396', '11006471', '2021-03-06', 'PARROQUIA ROBERTO ASTUDILLO CALLES 21 AGOSTO Y CAÑAR ', 'CENTRO PARROQUIA', 'CENTRO PARROQUIA', '""', '""', '""', '""', '0939850210', '', 1, 2, 391, 'PEREZ LUIS', '', 'HIJO', '0997154974', '', '""', '', '', 'Domestico', 1, '6 MB', '2,1', 'Alquiler', 22, '""', '""', 1, 1, '2021-06-25 00:00:00', '2021-06-25 00:00:00'),
	(398, '397', '11001836', '2021-03-09', 'PARROQUIA ROBERTO ASTUDILLO SECTOR NUEVA ESPERANZA', 'CAMPAMENTO', 'CAMPAMENTO', '""', '""', '""', '""', '0995607721', '', 1, 2, 392, 'GUACHAMBOZA BARRERA LUIS', '', '', '0961158637', '', '""', '', '', 'Domestico', 1, '6 MB', '2,1', 'Alquiler', 22, '""', '""', 1, 1, '2021-06-25 00:00:00', '2021-06-25 00:00:00'),
	(399, '398', '11001837', '2021-03-05', 'PARROQUIA ROBERTO ASTUDILLO VIA BARCELONA ', 'VENECIA CHIMBO', 'VENECIA CHIMBO', '""', '""', '""', '""', '0961982907', '', 1, 2, 393, '', '', '', '', '', '""', '', '', 'Domestico', 1, '6 MB', '2,1', 'Alquiler', 22, '""', '""', 1, 1, '2021-06-25 00:00:00', '2021-06-25 00:00:00'),
	(400, '399', '11002176', '2020-09-20', '1 CDLA XAVIER MARCOS', 'CDLA XAVIER MARCOS', 'CDLA XAVIER MARCOS', '""', '""', '""', '""', '0985760592', '', 1, 1, 394, '', '', '', '', '', '""', '', '', 'Domestico', 0, '6 MB', '2,1', 'Alquiler', 22, '""', '""', 0, 1, '2021-06-25 00:00:00', '2021-06-25 00:00:00'),
	(401, '400', '11005201', '2021-01-30', 'CDLA SAN ELIAS CALLES GARCIA MORENO Y SUCRE', 'CDLA SAN ELIAS', 'CDLA SAN ELIAS', '""', '""', '""', '""', '0939121567', '', 1, 1, 395, 'CALDERON AUCANCELA JEAN CARLOS', '', 'PRIMO', '0995263741', '', '""', '', '', 'Domestico', 1, '10 MB', '2,1', 'Alquiler', 30, '""', '""', 1, 1, '2021-06-25 00:00:00', '2021-06-25 00:00:00'),
	(402, '401', '11003481', '2021-01-28', 'PARROQUIA ROBERTO ASTUDILLO SECTOR EL GUABO VIA VENECIA DE CHIMBO', 'EL GUABO Y GUABI', 'EL GUABO Y GUABI', '""', '""', '""', '""', '0985774020', '', 1, 2, 396, 'MORENO ELKIN', '', 'HIJO', '0983442182', '', '""', '', '', 'Domestico', 1, '6 MB', '2,1', 'Alquiler', 22, '""', '""', 0, 1, '2021-06-25 00:00:00', '2021-06-25 00:00:00'),
	(403, '402', '11001838', '2021-03-24', 'CDLA XAVIER MARCOS CALLE GLADYS SIGUENZA', 'CDLA XAVIER MARCOS', 'CDLA XAVIER MARCOS', '""', '""', '""', '""', '0991041239', '', 1, 1, 397, 'VIJAY CAROLINE', '', 'ESPOSA', '0956791586', '', '""', '', '', 'Domestico', 0, '10 MB', '2,1', 'Alquiler', 25, '""', '""', 0, 1, '2021-06-25 00:00:00', '2021-06-25 00:00:00'),
	(404, '403', '11001839', '2021-04-08', 'CDLA XAVIER MARCOS CERCA AL MULTICOMERCIO', 'CDLA XAVIER MARCOS', 'CDLA XAVIER MARCOS', '""', '""', '""', '""', '0939178456', '', 2, 1, 398, 'SARCOS LEON BYRON', '', 'CUÑADO', '0992991712', 'VILLAGRAN MARJORIE', '""', 'TIA', '0985906878', 'Domestico', 0, '20 MB', '2,1', 'Alquiler', 28, '""', '""', 1, 1, '2021-06-25 00:00:00', '2021-06-25 00:00:00'),
	(405, '404', '11009369', '2021-04-11', 'CDLA BUENOS AIRES CERCA AL PARQUE INFANTIL', 'CDLA BUENOS AIRES', 'CDLA BUENOS AIRES', '""', '""', '""', '""', '0979222618', '', 1, 4, 399, '', '', '', '', '', '""', '', '', 'Domestico', 1, '6 MB', '2,1', 'Alquiler', 22, '""', '""', 1, 1, '2021-06-25 00:00:00', '2021-06-25 00:00:00'),
	(406, '405', '11001840', '2021-04-12', 'CDLA XAVIER MARCOS CERCA A PIKA', 'CDLA XAVIER MARCOS', 'CDLA XAVIER MARCOS', '""', '""', '""', '""', '0979535211', '', 2, 1, 400, 'BARREZUETA JAQUELINE', '', 'HERMANA', '0993914038', 'BAJAÑA JULIAN', '""', 'ESPOSO', '0968330508', 'Domestico', 0, '20 MB', '2,1', 'Alquiler', 28, '""', '""', 0, 1, '2021-06-25 00:00:00', '2021-06-25 00:00:00'),
	(407, '406', '11001841', '2021-04-13', 'CDLA JAIME ROLDOS CALLES NICOLAS BARRERA Y GENRAL CORDOVA', 'CDLA JAIME ROLDOS', 'CDLA JAIME ROLDOS', '""', '""', '""', '""', '0995951147', '', 2, 1, 401, 'FONSECA VEGA BELLA', '', 'HIJA', '0987125195', 'FONSECA VEGA JESSICA', '""', 'HIJA', '0998299354', 'Domestico', 0, '10 MB', '2,1', 'Alquiler', 25, '""', '""', 1, 1, '2021-06-25 00:00:00', '2021-06-25 00:00:00'),
	(408, '407', '11001842', '2021-04-15', 'CDLA JAIME ROLDOS CALLE NOVENA Y LUIS LOPEZ', 'CDLA JAIME ROLDOS', 'CDLA JAIME ROLDOS', '""', '""', '""', '""', '0980670791', '', 2, 1, 402, 'INGUILLAY MARIA', '', 'ESPOSA', '0968989467', 'YUQUILEMA LUIS', '""', 'PADRE', '0990178321', 'Domestico', 0, '20 MB', '2,1', 'Alquiler', 28, '""', '""', 1, 1, '2021-06-25 00:00:00', '2021-06-25 00:00:00'),
	(409, '408', '11001843', '2021-04-16', 'AV QUITO FRENTE A LA ESTACION DE LA CITIM VIA BUCAY', 'CENTRO 1', 'CENTRO 1', '""', '""', '""', '""', '042721359', '', 2, 1, 403, 'DICHITANGA JUANA', '', 'MADRE', '042720150', 'MURILLO PATRICIO', '""', 'PRIMA', '042720207', 'Domestico', 0, '20 MB', '2,1', 'Alquiler', 28, '""', '""', 1, 1, '2021-06-25 00:00:00', '2021-06-25 00:00:00'),
	(410, '409', '11001844', '2021-04-19', 'CDLA JAIME ROLDOS AV 9 DE OCTUBRE Y TEMISTOCLES GUEVARA', 'CDLA JAIME ROLDOS', 'CDLA JAIME ROLDOS', '""', '""', '""', '""', '0939074042', '', 2, 1, 404, 'VASQUEZ PEREZ EVELYN', '', 'HERMANA', '0980129552', 'PEREZ CORREA CECIBEL', '""', 'MADRE', '0993029896', 'Domestico', 0, '20 MB', '2,1', 'Alquiler', 28, '""', '""', 1, 1, '2021-06-25 00:00:00', '2021-06-25 00:00:00'),
	(411, '410', '11001845', '2021-04-21', 'PARROQUIA ROBERTO ASTUDILLO RCTO MANGA DE JEJEN', 'MANGA DE JEJEN', 'MANGA DE JEJEN', '""', '""', '""', '""', '0999615264', '', 1, 2, 405, 'CARCHI MARIA', '', 'SUEGRA', '0979642621', 'VERA JESUS', '""', 'PADRE', '0981322469', 'Domestico', 1, '6 MB', '2,1', 'Alquiler', 22, '""', '""', 1, 1, '2021-06-25 00:00:00', '2021-06-25 00:00:00'),
	(412, '411', '11001846', '2021-04-21', 'CDLA XAVIER MARCOS AV9 DE OCTUBRE FRENTE LAS VILLAS DEL DIEGO NOBOA', 'CDLA XAVIER MARCOS', 'CDLA XAVIER MARCOS', '""', '""', '""', '""', '0990373510', '', 2, 1, 406, 'MARTINEZ CANTILLO JEREMY', '', 'HIJO', '0998339215', 'CANTILLO NORMA', '""', 'ESPOSA', '0985969178', 'Domestico', 1, '10 MB', '2,1', 'Alquiler', 28, '""', '""', 1, 1, '2021-06-25 00:00:00', '2021-06-25 00:00:00'),
	(413, '412', '11001847', '2021-04-22', 'CDLA JAIME ROLDOS CALLE NOVENA Y MARIA AREVALO', 'CDLA JAIME ROLDOS', 'CDLA JAIME ROLDOS', '""', '""', '""', '""', '0988922818', '', 2, 1, 407, 'SANDOYA FAJARDO JAIME', '', 'ESPOSO', '0979769257', 'MEJIA SANDOYA DIANA', '""', 'SOBRINA', '0994832550', 'Domestico', 0, '10 MB', '2,1', 'Alquiler', 25, '""', '""', 1, 1, '2021-06-25 00:00:00', '2021-06-25 00:00:00'),
	(414, '413', '11001848', '2021-04-26', 'CDLA SAN ELIAS DOS CUADRAS PASADO LAS PISCINAS LAS DELIICIAS MANO IZQUIERDA', 'CDLA SAN ELIAS', 'CDLA SAN ELIAS', '""', '""', '""', '""', '0992079804', '', 2, 1, 408, 'VILLANZACA GINA', '', 'NIETA', '0997905668', 'IBARRA SARA', '""', 'HIJA', '0988984972', 'Domestico', 1, '10 MB', '2,1', 'Alquiler', 25, '""', '""', 1, 1, '2021-06-25 00:00:00', '2021-06-25 00:00:00'),
	(415, '414', '11001849', '2021-04-26', 'PARROQUIA ROBERTO ASTUDILLO SECTOR LAS PARCELAS ', 'CAMPAMENTO', 'CAMPAMENTO', '""', '""', '""', '""', '0961825856', '', 1, 2, 409, 'PARRA ULLOA CARLOS', '', 'SOBRINO', '0990102097', 'PARRA LUIS', '""', 'SOBRINO', '0939279378', 'Domestico', 1, '6 MB', '2,1', 'Alquiler', 22, '""', '""', 1, 1, '2021-06-25 00:00:00', '2021-06-25 00:00:00'),
	(416, '415', '11001850', '2021-04-28', 'CDLA SAN ELIAS CALLES ATAHUALPA Y GARCIA MORENO', 'CDLA SAN ELIAS', 'CDLA SAN ELIAS', '""', '""', '""', '""', '0993291409', '', 2, 1, 410, 'ALVARADO ELIAS', '', 'ESPOSO', '0993381599', 'ICAZA MARIA', '""', 'MADRE', '0992432178', 'Domestico', 1, '10 MB', '2,1', 'Alquiler', 25, '""', '""', 1, 1, '2021-06-25 00:00:00', '2021-06-25 00:00:00'),
	(417, '416', '11001851', '2021-04-28', 'CDLA SAN LUIS', 'CDLA SAN LUIS', 'CDLA SAN LUIS', '""', '""', '""', '""', '0981446514', '', 2, 1, 411, 'CUESTA GALO', '', 'SUEGRO', '0991061724', 'CUESTA RUTH', '""', 'ESPOSA', '0981446514', 'Domestico', 1, '10 MB', '2,1', 'Alquiler', 25, '""', '""', 1, 1, '2021-06-25 00:00:00', '2021-06-25 00:00:00'),
	(418, '417', '11001852', '2021-04-30', 'CDLA SAN ELIAS CALLE 21 DE JULIO Y CHIMBORAZO', 'CDLA SAN ELIAS', 'CDLA SAN ELIAS', '""', '""', '""', '""', '0992010747', '', 2, 1, 412, 'BARAHONA MIGUEL', '', 'TIO', '0980373303', 'BARAHONA CHRISTIAN ', '""', 'PRIMO', '0988245886', 'Domestico', 1, '10 MB', '2,1', 'Alquiler', 25, '""', '""', 1, 1, '2021-06-25 00:00:00', '2021-06-25 00:00:00'),
	(419, '418', '11001853', '2021-04-30', 'CDLA ASAAD BUCARAM TRES CUADRAS ATRÁS DEL CIBV', 'CDLA ASAAD BUCARAM ', 'CDLA ASAAD BUCARAM ', '""', '""', '""', '""', '0992432178', '', 2, 1, 413, 'RIOFRIO XIOMARA', '', 'HERMANA', '0993261409', 'QUIJOSACA SEGUNDO', '""', 'AMIGO', '0990467543', 'Domestico', 1, '10 MB', '2,1', 'Alquiler', 25, '""', '""', 1, 1, '2021-06-25 00:00:00', '2021-06-25 00:00:00'),
	(420, '419', '11001854', '2021-05-03', 'CDLA XAVIER MARCOS 2DA ENTRADA DEL COLEGIO DIEGO NOBOA CALLE 13 ', 'CDLA XAVIER MARCOS', 'CDLA XAVIER MARCOS', '""', '""', '""', '""', '0979772406', '', 2, 1, 414, 'AGUANZACA JULIANA', '', 'AMIGA ', '0981255320', 'LEON MARIA', '""', 'MADRE', '0990975844', 'Domestico', 0, '10 MB', '2,1', 'Alquiler', 25, '""', '""', 1, 1, '2021-06-25 00:00:00', '2021-06-25 00:00:00'),
	(421, '420', '11001855', '2021-05-03', 'CDLA JAIME ROLDOS ATRÁS DE LA CAPILLA', 'CDLA JAIME ROLDOS', 'CDLA JAIME ROLDOS', '""', '""', '""', '""', '0987725941', '', 2, 1, 415, 'ROQUE FABIOLA', '', 'AMIGA ', '0958703754', 'ZAMBRANO MERY', '""', 'AMIGA', '0960420197', 'Domestico', 0, '10 MB', '2,1', 'Alquiler', 25, '""', '""', 1, 1, '2021-06-25 00:00:00', '2021-06-25 00:00:00'),
	(422, '421', '11001856', '2021-05-03', 'CDLA XAVIER MARCOS', 'CDLA XAVIER MARCOS', 'CDLA XAVIER MARCOS', '""', '""', '""', '""', '0990997232', '', 2, 1, 416, 'CASTRO GISSELA', '', 'HERMANA', '0994946003', 'CASTRO ALEXANDRA', '""', 'HERMANA', '0969682425', 'Domestico', 0, '10 MB', '2,1', 'Alquiler', 25, '""', '""', 1, 1, '2021-06-25 00:00:00', '2021-06-25 00:00:00'),
	(423, '422', '11001857', '2021-05-04', 'CDLA SAN ENRIQUE AV 5 DE OCTUBRE Y VICENTE ROCAFUERTE', 'CDLA SAN ENRIQUE ', 'CDLA SAN ENRIQUE ', '""', '""', '""', '""', '0979891177', '', 2, 1, 417, 'ORTIZ MARIA', '', 'MADRE', '0982658116', 'MARTINEZ JONATHAN', '""', 'ESPOSO', '0968376992', 'Domestico', 0, '10 MB', '2,1', 'Alquiler', 25, '""', '""', 1, 1, '2021-06-25 00:00:00', '2021-06-25 00:00:00'),
	(424, '423', '11001858', '2021-05-05', 'CDLA SAN LUIS PASANDO EL CHIFON', 'CDLA SAN LUIS', 'CDLA SAN LUIS', '""', '""', '""', '""', '0997491497', '', 2, 1, 418, 'GUAMBA ROBERTO', '', 'ESPOSO', '0959759633', 'GUAMBA KARINA', '""', 'HIJA', '0969287802', 'Domestico', 1, '10 MB', '2,1', 'Alquiler', 25, '""', '""', 1, 1, '2021-06-25 00:00:00', '2021-06-25 00:00:00'),
	(425, '424', '11001859', '2021-05-05', 'CDLA ASAAD BUCARAM DOS CUADRAS DESPUES DE LAS PISCINAS EL EDEN', 'CDLA ASAAD BUCARAM ', 'CDLA ASAAD BUCARAM ', '""', '""', '""', '""', '0993305441', '', 2, 1, 419, 'MONTERO DAYSI', '', 'PRIMA', '0980846847', 'REINOSO JULIO', '""', 'PRIMO', '0981378923', 'Domestico', 1, '10 MB', '2,1', 'Alquiler', 28, '""', '""', 1, 1, '2021-06-25 00:00:00', '2021-06-25 00:00:00'),
	(426, '425', '11001860', '2021-05-05', 'CDLA XAVIER MARCOS SEGUNDA ENTRADA DIEGO NOBOA CALLE 3ERA', 'CDLA XAVIER MARCOS', 'CDLA XAVIER MARCOS', '""', '""', '""', '""', '0959496817', '', 2, 1, 420, 'VALDEZ KEVIN', '', 'AMIGO', '0981769173', 'BENAVIDES ROSA', '""', 'AMIGA', '0981219381', 'Domestico', 0, '10 MB', '2,1', 'Alquiler', 25, '""', '""', 1, 1, '2021-06-25 00:00:00', '2021-06-25 00:00:00'),
	(427, '426', '11001861', '2021-05-06', 'CDLA SAN ELIAS CALLE AMAZONAS POR LA ENTRADA A LA HACIENDA LOS CHILENOS', 'CDLA SAN ELIAS', 'CDLA SAN ELIAS', '""', '""', '""', '""', '0997874784', '', 2, 1, 421, 'PEÑAFIEL WILMER', '', 'ESPOSO', '0967342514', 'MANCERO MERCY', '""', 'MADRE', '0988789517', 'Domestico', 1, '10 MB', '2,1', 'Alquiler', 25, '""', '""', 1, 1, '2021-06-25 00:00:00', '2021-06-25 00:00:00'),
	(428, '427', '11001862', '2021-05-10', 'CDLA XAVIER MARCOS SECTOR DE LAS INVASIONES 5TA CALLE', 'CDLA XAVIER MARCOS', 'CDLA XAVIER MARCOS', '""', '""', '""', '""', '0960750224', '', 2, 1, 422, 'COELLO ALFREDO', '', 'ESPOSO', '0993315467', 'SILVA MARWIN', '""', 'HIJO', '0981434922', 'Domestico', 0, '10 MB', '2,1', 'Alquiler', 25, '""', '""', 1, 1, '2021-06-25 00:00:00', '2021-06-25 00:00:00'),
	(429, '428', '11001863', '2021-05-10', 'CDLA XAVIER MARCOS CALLE 2DA Y JAIME ORTIZ', 'CDLA XAVIER MARCOS', 'CDLA XAVIER MARCOS', '""', '""', '""', '""', '0982415095', '', 2, 1, 423, '', '', '', '', '', '""', '', '', 'Domestico', 0, '10 MB', '2,1', 'Alquiler', 25, '""', '""', 1, 1, '2021-06-25 00:00:00', '2021-06-25 00:00:00'),
	(430, '429', '11001864', '2021-05-11', 'CDLA XAVIER MARCOS ENTRA DE PIKA', 'CDLA XAVIER MARCOS', 'CDLA XAVIER MARCOS', '""', '""', '""', '""', '0982648250', '', 2, 1, 424, 'LEON MOISES', '', 'HERMANO', '0989543612', 'LEON MARIA', '""', 'HERMANA', '0982648250', 'Domestico', 1, '10 MB', '2,1', 'Alquiler', 25, '""', '""', 1, 1, '2021-06-25 00:00:00', '2021-06-25 00:00:00'),
	(431, '430', '11001865', '2021-05-11', 'CDLA XAVIER MARCOS CERCA DE LA BLOQUERA VIA MARCELINO', 'CDLA XAVIER MARCOS', 'CDLA XAVIER MARCOS', '""', '""', '""', '""', '0988707977', '', 2, 1, 425, 'SUAREZ JEFFERSON', '', 'HERMANO', '0968883776', 'GABRIEL SUAREZ', '""', 'PADRE', '0987936257', 'Domestico', 0, '20 MB', '2,1', 'Alquiler', 28, '""', '""', 1, 1, '2021-06-25 00:00:00', '2021-06-25 00:00:00'),
	(432, '431', '11001866', '2021-05-04', 'PARROQUIA ROBERTO ASTUDILLO RCTO EL GUABO ', 'EL GUABO Y GUABI', 'EL GUABO Y GUABI', '""', '""', '""', '""', '0986292818', '', 1, 2, 426, 'PITA MARIA', '', '', '0991004852', 'GEORGE RAMOS', '""', '', '0997874718', 'Domestico', 1, '10 MB', '2,1', 'Alquiler', 30, '""', '""', 1, 1, '2021-06-25 00:00:00', '2021-06-25 00:00:00'),
	(433, '432', '11005484', '2021-05-08', 'CDLA XAVIER MARCOS', 'CDLA XAVIER MARCOS', 'CDLA XAVIER MARCOS', '""', '""', '""', '""', '0988362227', '', 1, 1, 427, 'CACERES RAUL', '', 'PADRE', '0985995194', '', '""', '', '', 'Domestico', 1, '6 MB', '2,1', 'Alquiler', 22, '""', '""', 1, 1, '2021-06-25 00:00:00', '2021-06-25 00:00:00'),
	(434, '433', '11001867', '2021-05-10', 'CDLA SAN LUIS ATRÁS DEL COMERCIAL REGALADO', 'CDLA SAN LUIS', 'CDLA SAN LUIS', '""', '""', '""', '""', '0985625401', '', 2, 1, 428, 'MARTINEZ DAVID', '', 'HERMANO', '0980878174', 'CASTRO ELIZA', '""', 'AMIGA', '0999889507', 'Domestico', 1, '10 MB', '2,1', 'Alquiler', 28, '""', '""', 1, 1, '2021-06-25 00:00:00', '2021-06-25 00:00:00'),
	(435, '434', '11001868', '2021-05-13', 'CDLA SAN ENRIQUE A 20M DEL TEMPLO EVANGELICO MMM', 'CDLA SAN ENRIQUE ', 'CDLA SAN ENRIQUE ', '""', '""', '""', '""', '0968463451', '', 2, 1, 429, 'VASCONEC MERCY', '', 'COMADRE', '0986376509', 'CHANCAY FERNANDO', '""', 'CUÑADO', '0995628707', 'Domestico', 0, '10 MB', '2,1', 'Alquiler', 25, '""', '""', 1, 1, '2021-06-25 00:00:00', '2021-06-25 00:00:00'),
	(436, '435', '11001869', '2021-05-15', 'CDLA XAVIER MARCOS CERCA DE LA BLOQUERA VIA MARCELINO', 'CDLA XAVIER MARCOS', 'CDLA XAVIER MARCOS', '""', '""', '""', '""', '0981000134', '', 2, 1, 430, 'CORREA EMMA', '', 'HERMANA', '0961914672', 'NAVARRETE PATRICIA', '""', 'HERMANA', '0968924515', 'Domestico', 0, '10 MB', '2,1', 'Alquiler', 25, '""', '""', 1, 1, '2021-06-25 00:00:00', '2021-06-25 00:00:00'),
	(437, '436', '11001870', '2021-05-15', 'CDLA XAVIER MARCOS CALLES JAIME ORTIZ Y JORGE ALULEMA', 'CDLA XAVIER MARCOS', 'CDLA XAVIER MARCOS', '""', '""', '""', '""', '0996226001', '', 2, 1, 431, 'RAMIREZ ANGIE', '', 'ESPOSA', '0981808451', 'NARVAEZ WILSON', '""', 'AMIGO', '0969286165', 'Domestico', 0, '20 MB', '2,1', 'Alquiler', 28, '""', '""', 1, 1, '2021-06-25 00:00:00', '2021-06-25 00:00:00'),
	(438, '437', '11001871', '2021-05-15', 'CDLA JAIME ROLDOS DETRÁS DE LA CAPILLA CASA ESQUINERA', 'CDLA JAIME ROLDOS', 'CDLA JAIME ROLDOS', '""', '""', '""', '""', '0985054505', '', 2, 1, 432, 'CAMPUZANO FELIX', '', 'ESPOSO', '0968483310', 'VERA JOSE', '""', 'YERNO', '0986639651', 'Domestico', 0, '10 MB', '2,1', 'Alquiler', 25, '""', '""', 1, 1, '2021-06-25 00:00:00', '2021-06-25 00:00:00'),
	(439, '438', '11001872', '2021-05-16', 'PARROQUIA ROBERTO ASTUDILLO SECTOR LAS PARCELAS ', 'CAMPAMENTO', 'CAMPAMENTO', '""', '""', '""', '""', '0959117631', '', 1, 2, 433, 'JARA EVELYN', '', 'ESPOSA', '0989631780', 'GUAMAN MAURICIO', '""', 'HERMANO', '0968610203', 'Domestico', 1, '6 MB', '2,1', 'Alquiler', 22, '""', '""', 1, 1, '2021-06-25 00:00:00', '2021-06-25 00:00:00'),
	(440, '439', '11001873', '2021-05-17', 'CDLA SAN ELIAS', 'CDLA SAN ELIAS', 'CDLA SAN ELIAS', '""', '""', '""', '""', '0959440161', '', 2, 1, 434, 'ROMERO MAGALI', '', 'CUÑADA', '0968387688', 'ROMERO VERONICA', '""', 'HIJA', '0989995149', 'Domestico', 1, '10 MB', '2,1', 'Alquiler', 25, '""', '""', 1, 1, '2021-06-25 00:00:00', '2021-06-25 00:00:00'),
	(441, '440', '11001874', '2021-05-19', 'CDLA JAIME ROLDOS AV. 9 DE OCTUBRE Y CARMEN BARRERA', 'CDLA JAIME ROLDOS', 'CDLA JAIME ROLDOS', '""', '""', '""', '""', '0981849100', '', 2, 1, 435, 'TOBAR ALBA', '', 'SUEGRA', '0969576753', 'LITARDO OFELIA', '""', 'AMIGA', '0968485452', 'Domestico', 0, '10 MB', '2,1', 'Alquiler', 25, '""', '""', 1, 1, '2021-06-25 00:00:00', '2021-06-25 00:00:00'),
	(442, '441', '11001875', '2021-05-19', 'CDLA SAN ENRIQUE CALLE ALBERTO BOBADILLA', 'CDLA SAN ENRIQUE ', 'CDLA SAN ENRIQUE ', '""', '""', '""', '""', '0981036977', '', 2, 1, 436, 'AVELLAN JOSELIN', '', 'CUÑADA', '0982881372', 'HIDALGO ALEJANDRO', '""', 'HERMANO', '0967630592', 'Domestico', 0, '10 MB', '2,1', 'Alquiler', 25, '""', '""', 1, 1, '2021-06-25 00:00:00', '2021-06-25 00:00:00'),
	(443, '442', '11001876', '2021-05-20', 'CDLA SAN ELIAS PASANDO EL ESTADIO A MANO DERECHA', 'CDLA SAN ELIAS', 'CDLA SAN ELIAS', '""', '""', '""', '""', '0969553665', '', 2, 1, 437, 'ACOSTA WIMPER', '', 'ESPOSO', '0993032701', 'ALCIVAR CARLOS', '""', 'HERMANO', '0981677163', 'Domestico', 1, '10 MB', '2,1', 'Alquiler', 25, '""', '""', 1, 1, '2021-06-25 00:00:00', '2021-06-25 00:00:00'),
	(444, '443', '11001877', '2021-05-20', 'CDLA ELIECER PEREZ JURADO', 'CDLA ELIECER PEREZ ', 'CDLA ELIECER PEREZ ', '""', '""', '""', '""', '0990587758', '', 2, 1, 438, 'MAYORGA DUVERNEY', '', 'ESPOSO', '0981807575', 'FERNANDEZ FRAN', '""', 'VECINO', '0993200512', 'Domestico', 1, '10 MB', '2,1', 'Alquiler', 28, '""', '""', 1, 1, '2021-06-25 00:00:00', '2021-06-25 00:00:00'),
	(445, '444', '11001878', '2021-05-21', 'CDLA JAIME ROLDOS CALLES MATEO ESPINOZA Y GILMA ZAVALA', 'CDLA JAIME ROLDOS', 'CDLA JAIME ROLDOS', '""', '""', '""', '""', '0986864663', '', 2, 1, 439, 'YUQUILEMA ANA', '', 'ESPOSA', '0979716588', 'YAUCAN SEGUNDO', '""', 'HERMANO', '0968199297', 'Domestico', 0, '20 MB', '2,1', 'Alquiler', 28, '""', '""', 1, 1, '2021-06-25 00:00:00', '2021-06-25 00:00:00'),
	(446, '445', '11001879', '2021-05-21', 'CDLA XAVIER MARCOS AV. JAIME ORTIZ  Y EDWIN CHAVEZ', 'CDLA XAVIER MARCOS', 'CDLA XAVIER MARCOS', '""', '""', '""', '""', '0990751117', '', 2, 1, 440, 'MENDEZ MARIA', '', 'HERMANA', '0963118565', 'VINUEZA GABRIEL', '""', 'ESPOSO', '0990525760', 'Domestico', 0, '10 MB', '2,1', 'Alquiler', 25, '""', '""', 1, 1, '2021-06-25 00:00:00', '2021-06-25 00:00:00'),
	(447, '446', '11001880', '2021-05-25', 'CDLA SAN ENRIQUE CDLA ALBERTO BOBADILLA', 'CDLA SAN ENRIQUE ', 'CDLA SAN ENRIQUE ', '""', '""', '""', '""', '0996165168', '', 2, 1, 441, 'REA ANA', '', 'HERMANA', '0994400546', 'ZAMBRANO ADLI', '""', 'MADRE', '0995784696', 'Domestico', 0, '10 MB', '2,1', 'Alquiler', 25, '""', '""', 1, 1, '2021-06-25 00:00:00', '2021-06-25 00:00:00'),
	(448, '447', '11001881', '2021-05-26', 'CDLA SAN LUIS AV PRINCIPAL VIA BUCAY', 'CDLA SAN LUIS', 'CDLA SAN LUIS', '""', '""', '""', '""', '0985913190', '', 2, 1, 442, 'RICACHI VALERIA', '', 'HIJA', '0987731443', 'RAMO ANDREA', '""', 'SOBRINA', '0993216026', 'Domestico', 1, '10 MB', '2,1', 'Alquiler', 25, '""', '""', 1, 1, '2021-06-25 00:00:00', '2021-06-25 00:00:00'),
	(449, '448', '11001882', '2021-05-26', 'PARROQUIA ROBERTO ASTUDILLO RCTO CRISTO CONSUELO', 'CRISTO CONSUELO', 'CRISTO CONSUELO', '""', '""', '""', '""', '0991079974', '', 1, 2, 443, 'REINOSO RIGOBERTO', '', 'PRIMO', '0963781965', 'REINOSO OLIVO', '""', 'SUEGRO', '0991079974', 'Domestico', 1, '6 MB', '2,1', 'Alquiler', 22, '""', '""', 1, 1, '2021-06-25 00:00:00', '2021-06-25 00:00:00'),
	(450, '449', '11001883', '2021-05-28', 'CENTRO AV. QUITO Y GRAL CORDOVA', 'CENTRO 1', 'CENTRO 1', '""', '""', '""', '""', '0967589949', '', 2, 1, 444, 'MURILLO PATRICIA', '', 'MADRE', '0997005435', 'ALBARREN ADRIAN', '""', 'AMIGO', '0962558369', 'Domestico', 0, '10 MB', '2,1', 'Alquiler', 25, '""', '""', 1, 1, '2021-06-25 00:00:00', '2021-06-25 00:00:00'),
	(451, '450', '11001884', '2021-05-28', 'CDLA XAVIER MARCOS AV 9 DE OCTUBRA Y MARCELA ANDRADE', 'CDLA XAVIER MARCOS', 'CDLA XAVIER MARCOS', '""', '""', '""', '""', '0983107591', '', 2, 1, 445, 'PONCE MARJORIE', '', 'ESPOSA', '0989044296', 'ZUMBA FABIOLA', '""', 'MADRE', '0983296279', 'Domestico', 0, '20 MB', '2,1', 'Alquiler', 28, '""', '""', 1, 1, '2021-06-25 00:00:00', '2021-06-25 00:00:00'),
	(452, '451', '11001885', '2021-05-28', 'CDLA SAN ELIAS CALLE SUCRE Y LOJA', 'CDLA SAN ELIAS', 'CDLA SAN ELIAS', '""', '""', '""', '""', '0985621217', '', 2, 1, 446, 'YAGUARHUGO INES', '', 'CUÑADA', '098196100', 'MENDOZA CAROLINA', '""', 'AMIGA', '0993914251', 'Domestico', 1, '10 MB', '2,1', 'Alquiler', 25, '""', '""', 1, 1, '2021-06-25 00:00:00', '2021-06-25 00:00:00'),
	(453, '452', '11001886', '2021-05-28', 'CDLA JAIME ROLDOS MARIA AREVALO Y CALLE NOVENA', 'CDLA JAIME ROLDOS', 'CDLA JAIME ROLDOS', '""', '""', '""', '""', '0968897736', '', 2, 1, 447, 'SANDOYA FRANKLIN', '', 'TIO', '0979569257', 'SANDOYA DIANA', '""', 'CUÑADA', '0983401729', 'Domestico', 0, '10 MB', '2,1', 'Alquiler', 25, '""', '""', 1, 1, '2021-06-25 00:00:00', '2021-06-25 00:00:00'),
	(454, '453', '11001887', '2021-05-28', 'CDLA XAVIER MARCOS AV. 9 DE OCTUBRE ENTRE MERY LITUMA Y ABRAHAM BEDRAN', 'CDLA XAVIER MARCOS', 'CDLA XAVIER MARCOS', '""', '""', '""', '""', '0967178893', '', 2, 1, 448, 'BANDERAS PABLO', '', 'ESPOSO', '0990356440', '', '""', '', '', 'Domestico', 0, '20 MB', '2,1', 'Alquiler', 28, '""', '""', 1, 1, '2021-06-25 00:00:00', '2021-06-25 00:00:00'),
	(455, '454', '11002552', '2021-05-28', 'CDLA XAVIER MARCOS CALLE 13 POR EL DISTRITO POLICIAL', 'CDLA XAVIER MARCOS', 'CDLA XAVIER MARCOS', '""', '""', '""', '""', '0989726243', '', 1, 1, 449, 'RODRIGUEZ LUIS', '', 'HIJO', '0980709088', 'RODRIGUEZ JOEL', '""', 'HIJO', '0994615435', 'Domestico', 1, '6 MB', '2,1', 'Alquiler', 22, '""', '""', 1, 1, '2021-06-25 00:00:00', '2021-06-25 00:00:00'),
	(456, '455', '11007166', '2021-05-30', 'CDLA LOS PARQUES 2 A 15M DEL DESTACAMENTO DE LA CTE', 'CDLA LOS PARQUES 2', 'CDLA LOS PARQUES 2', '""', '""', '""', '""', '0959802526', '', 1, 4, 450, 'OROZCO MARLENE', '', 'HERMANA', '0995967469', 'ANDRADE JOSE', '""', 'YERNO', '0988477850', 'Domestico', 1, '10 MB', '2,1', 'Alquiler', 30, '""', '""', 1, 1, '2021-06-25 00:00:00', '2021-06-25 00:00:00'),
	(457, '456', '11006474', '2021-05-30', 'PARROQUIA ROBERTO ASTUDILLO CENTRO', 'CENTRO PARROQUIA', 'CENTRO PARROQUIA', '""', '""', '""', '""', '0967768345', '', 1, 2, 451, 'ALVAREZ JESELO', '', 'ESPOSO', '0999395769', 'BAJAÑA JIMMY', '""', 'YERNO', '0993983797', 'Domestico', 1, '6 MB', '2,1', 'Alquiler', 22, '""', '""', 1, 1, '2021-06-25 00:00:00', '2021-06-25 00:00:00'),
	(458, '457', '11001888', '2021-05-28', 'CDLA SAN LUIS', 'CDLA SAN LUIS', 'CDLA SAN LUIS', '""', '""', '""', '""', '0981612186', '', 2, 1, 452, 'AMBI TANIA', '', 'AMIGA ', '0969791603', 'DUMANCELA ROSA', '""', 'HERMANA', '0980793418', 'Domestico', 0, '10 MB', '2,1', 'Alquiler', 25, '""', '""', 1, 1, '2021-06-25 00:00:00', '2021-06-25 00:00:00'),
	(459, '458', '11001889', '2021-05-31', 'CDLA XAVIER MARCOS CALLE SEGUNDA A UNA CUADRA DE LA BARRA BUM BUM', 'CDLA XAVIER MARCOS', 'CDLA XAVIER MARCOS', '""', '""', '""', '""', '0992472624', '', 2, 1, 453, 'GUADALUPE WASHITONG', '', 'VECINO', '0995943455', 'PEÑAFIEL BRYAN', '""', 'VECINO', '0939439289', 'Domestico', 0, '10 MB', '2,1', 'Alquiler', 25, '""', '""', 1, 1, '2021-06-25 00:00:00', '2021-06-25 00:00:00'),
	(460, '459', '11001890', '2021-05-31', 'PARROQUIA ROBERTO ASTUDILLO RCTO CAMPAMENTO SECTOR NUEVA ESPERANZA', 'CAMPAMENTO', 'CAMPAMENTO', '""', '""', '""', '""', '0969634816', '', 1, 2, 454, 'VIEJO LAIDY', '', 'HIJA', '0986828440', 'VIEJO ALBERTO', '""', 'ESPOSO', '0997312507', 'Domestico', 1, '10 MB', '2,1', 'Alquiler', 30, '""', '""', 1, 1, '2021-06-25 00:00:00', '2021-06-25 00:00:00'),
	(461, '460', '11006613', '2021-06-03', 'PARROQUIA ROBERTO ASTUDILLO SECTOR SAN PEDRO ', 'SAN PEDRO ', 'SAN PEDRO ', '""', '""', '""', '""', '0986361026', '', 1, 2, 455, 'ARGUDO MANUEL', '', 'HERMANO', '0994349972', 'VELASTEGUI NARCISA', '""', 'ESPOSA', '0985307105', 'Domestico', 1, '6 MB', '2,1', 'Alquiler', 22, '""', '""', 1, 1, '2021-06-25 00:00:00', '2021-06-25 00:00:00'),
	(462, '461', '11001891', '2021-06-01', 'CDLA ASAAD BUCARAM PASANDO EL CHIFON DOS CUADRAS', 'CDLA ASAAD BUCARAM ', 'CDLA ASAAD BUCARAM ', '""', '""', '""', '""', '0968074607', '', 2, 1, 456, 'TRUJILLO CHRISTIAN', '', 'ESPOSO', '0915801991', 'CAMAS BELGICA', '""', 'HERMANA', '0939293771', 'Domestico', 0, '10 MB', '2,1', 'Alquiler', 25, '""', '""', 1, 1, '2021-06-25 00:00:00', '2021-06-25 00:00:00'),
	(463, '462', '11001892', '2021-06-01', 'CDLA SAN ELIAS CALLES GARCIA MORENO Y 21 JULIO', 'CDLA SAN ELIAS', 'CDLA SAN ELIAS', '""', '""', '""', '""', '0968423793', '', 2, 1, 457, 'AVILEZ MARGOTH', '', 'MADRE', '0994271909', 'PROAÑO HOLGER ', '""', 'ESPOSO', '0968184239', 'Domestico', 0, '10 MB', '2,1', 'Alquiler', 25, '""', '""', 1, 1, '2021-06-25 00:00:00', '2021-06-25 00:00:00'),
	(464, '463', '11001893', '2021-06-02', 'CDLA XAVIER MARCOS CALLE Q Y S/N ATRÁS DEL DISTRITO POLICIAL', 'CDLA XAVIER MARCOS', 'CDLA XAVIER MARCOS', '""', '""', '""', '""', '0992400631', '', 2, 1, 458, 'ACOSTA PAOLA', '', 'SUEGRA', '0989506183', 'MORALES MELANIE', '""', 'CUÑADO', '0979954374', 'Domestico', 0, '10 MB', '2,1', 'Alquiler', 25, '""', '""', 1, 1, '2021-06-25 00:00:00', '2021-06-25 00:00:00'),
	(465, '464', '11001894', '2021-06-02', 'CDLA SAN ENRIQUE', 'CDLA SAN ENRIQUE ', 'CDLA SAN ENRIQUE ', '""', '""', '""', '""', '0939854194', '', 2, 1, 459, 'MACIAS VERONICA', '', 'CUÑADA', '0980257124', 'LLIGUIN ROSARIO', '""', 'SUEGRA', '0939627484', 'Domestico', 0, '20 MB', '2,1', 'Alquiler', 28, '""', '""', 1, 1, '2021-06-25 00:00:00', '2021-06-25 00:00:00'),
	(466, '465', '11001895', '2021-06-02', 'CDLA SAN ELIAS GENERAL CORDOVA Y LOJA', 'CDLA SAN ELIAS', 'CDLA SAN ELIAS', '""', '""', '""', '""', '0980687568', '', 2, 1, 460, 'VIÑANZACA JENNY', '', 'HERMANA', '0981197122', 'SANCHEZ NANCY', '""', 'AMIGA', '0981103838', 'Domestico', 0, '20 MB', '2,1', 'Alquiler', 28, '""', '""', 1, 1, '2021-06-25 00:00:00', '2021-06-25 00:00:00'),
	(467, '466', '11001896', '2021-06-02', 'CDLA ELIECER PEREZ FRENTE A LAS PISCINAS DE OXIDACION', 'CDLA ELIECER PEREZ ', 'CDLA ELIECER PEREZ ', '""', '""', '""', '""', '0980186411', '', 2, 1, 461, 'YAUCAN MARIA', '', 'CUÑADA', '0991920429', 'YAUCAN PATRICIA', '""', 'ESPOSA', '0981329335', 'Domestico', 1, '10 MB', '2,1', 'Alquiler', 25, '""', '""', 1, 1, '2021-06-25 00:00:00', '2021-06-25 00:00:00'),
	(468, '467', '11001897', '2021-06-03', 'CDLA SAN ELIAS ATRÁS DEL HOSPITAL PASANDO LA CARPINTERIA CARRASCO', 'CDLA SAN ELIAS', 'CDLA SAN ELIAS', '""', '""', '""', '""', '0990712914', '', 2, 1, 462, 'BARRETO JOHANNA', '', 'ESPOSA', '0969214507', 'REATEGUI LEOPOLDO', '""', 'SUEGRO', '0980590301', 'Domestico', 0, '10 MB', '2,1', 'Alquiler', 25, '""', '""', 1, 1, '2021-06-25 00:00:00', '2021-06-25 00:00:00'),
	(469, '468', '11001898', '2021-06-04', 'CDLA JAIME ROLDOS AV QUITO Y NICOLAS BARRERA ', 'CDLA JAIME ROLDOS', 'CDLA JAIME ROLDOS', '""', '""', '""', '""', '0967403787', '', 2, 1, 463, 'APULLON DARWIN', '', 'PRIMO', '0985750474', 'GUAMBO ENRIQUE', '""', 'AMIGO', '0991077052', 'Domestico', 0, '10 MB', '2,1', 'Alquiler', 25, '""', '""', 1, 1, '2021-06-25 00:00:00', '2021-06-25 00:00:00'),
	(470, '469', '11001899', '2021-06-04', 'CDLA XAVER MARCOS AV AGUSTO AYALA A LADO DE LA SEDE DE LOS JUBILADOS', 'CDLA XAVIER MARCOS', 'CDLA XAVIER MARCOS', '""', '""', '""', '""', '0991339406', '', 2, 1, 108, 'ROJAS CARLOS', '', 'HERMANO', '0996228039', 'PAREDES KARINA', '""', 'CUÑADA', '0960866747', 'Domestico', 0, '10 MB', '2,1', 'Alquiler', 25, '""', '""', 1, 1, '2021-06-25 00:00:00', '2021-06-25 00:00:00'),
	(471, '470', '11001900', '2021-06-04', 'CDLA XAVIER MARCOS AV JAIME ORTIZ Y EDWIN CHAVEZ', 'CDLA XAVIER MARCOS', 'CDLA XAVIER MARCOS', '""', '""', '""', '""', '0981376043', '', 2, 1, 464, 'CAISAGUANO CLAUDIO', '', 'JEFE', '0992235518', 'GUACHUN IVAN', '""', 'HIJO', '0989500878', 'Domestico', 0, '10 MB', '2,1', 'Alquiler', 25, '""', '""', 1, 1, '2021-06-25 00:00:00', '2021-06-25 00:00:00'),
	(472, '471', '11001901', '2021-06-04', 'CDLA JAIME ROLDOS PASANDO DOS CUADRAS DEL GIMNASIO DE PALOMINO', 'CDLA JAIME ROLDOS', 'CDLA JAIME ROLDOS', '""', '""', '""', '""', '0986896033', '', 2, 1, 465, 'SARCOS MARIBEL', '', 'AMIGA ', '0998124016', 'MOCHA FERNANDO', '""', 'AMIGO', '0944626701', 'Domestico', 0, '20 MB', '2,1', 'Alquiler', 28, '""', '""', 1, 1, '2021-06-25 00:00:00', '2021-06-25 00:00:00'),
	(473, '472', '11001902', '2021-06-07', 'CDLA SAN ENRIQUE ATRÁS DE LA CANCHA PORTON BLANCO', 'CDLA SAN ENRIQUE ', 'CDLA SAN ENRIQUE ', '""', '""', '""', '""', '0986400163', '', 2, 1, 466, 'LITARDO ALEX', '', 'AMIGO', '0959133904', 'COBO MANUEL', '""', 'AMIGO', '0969152131', 'Domestico', 0, '10 MB', '2,1', 'Alquiler', 25, '""', '""', 1, 1, '2021-06-25 00:00:00', '2021-06-25 00:00:00'),
	(474, '473', '11005455', '2021-05-29', 'CDLA SANTA MARGARITA CALLES CRISTOBAL COLON Y 24 DE MAYO', 'CDLA SANTA MARGARITA', 'CDLA SANTA MARGARITA', '""', '""', '""', '""', '0982852621', '', 1, 1, 467, 'LOJANO TERESA ', '', 'ESPOSA', '0990816361', '', '""', '', '', 'Domestico', 1, '6 MB', '2,1', 'Alquiler', 22, '""', '""', 1, 1, '2021-06-25 00:00:00', '2021-06-25 00:00:00'),
	(475, '474', '11002371', '2021-06-03', 'CDLA XAVIER MARCOS AV JAIME ORTIZ Y EDWIN CHAVEZ', 'CDLA XAVIER MARCOS', 'CDLA XAVIER MARCOS', '""', '""', '""', '""', '0982927235', '', 1, 1, 468, 'LLIVICOTA YARITZA', '', 'HIJA', '0978809015', 'ZAPATA CRUZ', '""', 'EX ESPOSA', '0959151248', 'Domestico', 1, '6 MB', '2,1', 'Alquiler', 22, '""', '""', 1, 1, '2021-06-25 00:00:00', '2021-06-25 00:00:00'),
	(476, '475', '11002234', '2021-06-08', 'CDLA ELIECER PEREZ ENTRANDO POR LA ESCUELA DE FUTBOL LOS KAISER', 'CDLA ELIECER PEREZ ', 'CDLA ELIECER PEREZ ', '""', '""', '""', '""', '0939941119', '', 1, 1, 469, 'LOPEZ JULEIDY', '', 'HIJA', '0980158097', '', '""', '', '', 'Domestico', 1, '6 MB', '2,1', 'Alquiler', 22, '""', '""', 1, 1, '2021-06-25 00:00:00', '2021-06-25 00:00:00'),
	(477, '476', '11002237', '2021-06-05', 'CDLA XAVIER MARCOS CALLE ABRAHAM BITAR Y EDWIN CHAVEZ', 'CDLA XAVIER MARCOS', 'CDLA XAVIER MARCOS', '""', '""', '""', '""', '0991828617', '', 1, 1, 470, 'QUETAL ALEXANDRA', '', 'ESPOSA', '0994788121', 'DOMICILIO', '""', 'DOMICILIO', '0987073343', 'Domestico', 1, '6 MB', '2,1', 'Alquiler', 22, '""', '""', 1, 1, '2021-06-25 00:00:00', '2021-06-25 00:00:00'),
	(478, '477', '11001903', '2021-06-21', 'CDLA XAVIER MARCOS CALLE 9 DE OCTUBRE PASANDO EL HOTEL MADRID', 'CDLA XAVIER MARCOS', 'CDLA XAVIER MARCOS', '""', '""', '""', '""', '0978947494', '', 2, 1, 471, 'CHILLOGALLO SEGUNDO', '', 'PADRE', '0979963442', 'CHILLOGALLO LUIS', '""', 'HERMANO', '0978262292', 'Domestico', 0, '20 MB', '2,1', 'Alquiler', 28, '""', '""', 1, 1, '2021-06-25 00:00:00', '2021-06-25 00:00:00'),
	(479, '478', '11001904', '2021-06-22', 'PARROQUIA ROBERTO ASTUDILLO SECTOR DIVINO NIÑO ENTRANDO POR LA VETERINARIA ', 'DIVINO NIÑO', 'DIVINO NIÑO', '""', '""', '""', '""', '0980245709', '', 1, 2, 472, 'ESPINOZA MELISSA', '', 'NUERA', '0939116895', 'CAYSABANDA EDUARDO', '""', 'HIJO', '0939419145', 'Domestico', 1, '6 MB', '2,1', 'Alquiler', 22, '""', '""', 1, 1, '2021-06-25 00:00:00', '2021-06-25 00:00:00');
/*!40000 ALTER TABLE `cclicontratoclientes` ENABLE KEYS */;

-- Volcando estructura para tabla appquantika.cclicontratotipoclientes
CREATE TABLE IF NOT EXISTS `cclicontratotipoclientes` (
  `id` bigint(20) unsigned NOT NULL AUTO_INCREMENT,
  `descripcion` varchar(200) COLLATE utf8mb4_unicode_ci NOT NULL,
  `created_at` timestamp NULL DEFAULT NULL,
  `updated_at` timestamp NULL DEFAULT NULL,
  PRIMARY KEY (`id`)
) ENGINE=InnoDB AUTO_INCREMENT=3 DEFAULT CHARSET=utf8mb4 COLLATE=utf8mb4_unicode_ci;

-- Volcando datos para la tabla appquantika.cclicontratotipoclientes: ~2 rows (aproximadamente)
/*!40000 ALTER TABLE `cclicontratotipoclientes` DISABLE KEYS */;
INSERT INTO `cclicontratotipoclientes` (`id`, `descripcion`, `created_at`, `updated_at`) VALUES
	(1, 'CONTRATO ABIERTO', '2021-04-28 11:15:41', '2021-06-25 14:22:21'),
	(2, 'CONTRATO 18 MESES', '2021-04-28 14:54:09', '2021-04-28 14:54:09');
/*!40000 ALTER TABLE `cclicontratotipoclientes` ENABLE KEYS */;

-- Volcando estructura para tabla appquantika.clientes
CREATE TABLE IF NOT EXISTS `clientes` (
  `id` bigint(20) unsigned NOT NULL AUTO_INCREMENT,
  `nombre` varchar(50) COLLATE utf8mb4_unicode_ci NOT NULL,
  `apellido` varchar(50) COLLATE utf8mb4_unicode_ci NOT NULL,
  `cedula` varchar(13) COLLATE utf8mb4_unicode_ci DEFAULT '000000',
  `fechanacimiento` date DEFAULT NULL,
  `email` varchar(60) COLLATE utf8mb4_unicode_ci DEFAULT NULL,
  `estado` tinyint(1) NOT NULL DEFAULT 1,
  `estadocivil` tinyint(1) NOT NULL DEFAULT 1,
  `sexo` tinyint(1) NOT NULL DEFAULT 1,
  `eliminar` tinyint(1) NOT NULL DEFAULT 1,
  `ffoto` varchar(255) COLLATE utf8mb4_unicode_ci DEFAULT '',
  `created_at` timestamp NULL DEFAULT NULL,
  `updated_at` timestamp NULL DEFAULT NULL,
  PRIMARY KEY (`id`)
) ENGINE=InnoDB AUTO_INCREMENT=474 DEFAULT CHARSET=utf8mb4 COLLATE=utf8mb4_unicode_ci;

-- Volcando datos para la tabla appquantika.clientes: ~472 rows (aproximadamente)
/*!40000 ALTER TABLE `clientes` DISABLE KEYS */;
INSERT INTO `clientes` (`id`, `nombre`, `apellido`, `cedula`, `fechanacimiento`, `email`, `estado`, `estadocivil`, `sexo`, `eliminar`, `ffoto`, `created_at`, `updated_at`) VALUES
	(1, 'MARCIA JAZMIN  ', 'CEREZO CASTRO', '0926614983', '1986-10-29', 'exampla@correo.com', 1, 1, 0, 1, '""', '2021-06-25 00:00:00', '2021-06-25 00:00:00'),
	(2, 'WAGNER JAVIER  ', 'COBO GARCIA', '0916578701', '1977-06-20', 'exampla@correo.com', 1, 1, 1, 1, '""', '2021-06-25 00:00:00', '2021-06-25 00:00:00'),
	(3, 'WALTER ENRIQUE  ', 'GONZALEZ QUITO', '0913185740', '1974-10-24', 'exampla@correo.com', 1, 1, 1, 1, '""', '2021-06-25 00:00:00', '2021-06-25 00:00:00'),
	(4, 'MARIA FERNANDA  ', 'LIMONES GALVEZ', '0918086570', '1978-09-19', 'exampla@correo.com', 1, 1, 0, 1, '""', '2021-06-25 00:00:00', '2021-06-25 00:00:00'),
	(5, 'VIVIANA KARINA  ', 'MARTINEZ SALCEDO', '0912085941', '1973-06-14', 'exampla@correo.com', 1, 1, 0, 1, '""', '2021-06-25 00:00:00', '2021-06-25 00:00:00'),
	(6, 'EMPRESA   ', 'COMITÉ DE', '0909815169', '1964-12-24', 'exampla@correo.com', 1, 1, 1, 1, '""', '2021-06-25 00:00:00', '2021-06-25 00:00:00'),
	(7, 'HECTOR GERMAN  ', 'VILLAO BUENO', '0915633374', '1969-05-13', 'exampla@correo.com', 1, 1, 1, 1, '""', '2021-06-25 00:00:00', '2021-06-25 00:00:00'),
	(8, 'CARLOS RODOLFO  ', 'BRIONES VITE', '1202374201', '1966-10-06', 'exampla@correo.com', 1, 1, 1, 1, '""', '2021-06-25 00:00:00', '2021-06-25 00:00:00'),
	(9, 'JULIO ALFONSO  ', 'MARIDUEÑA CORDOVA', '0921637336', '1981-05-30', 'exampla@correo.com', 1, 1, 1, 1, '""', '2021-06-25 00:00:00', '2021-06-25 00:00:00'),
	(10, 'DAVID LEONEL  ', 'ACOSTA CASTRO', '0958682726', '2000-06-28', 'exampla@correo.com', 1, 1, 1, 1, '""', '2021-06-25 00:00:00', '2021-06-25 00:00:00'),
	(11, 'MARIA EUGENIA  ', 'ALVARADO RODRIGUEZ', '0921602918', '1980-12-22', 'exampla@correo.com', 1, 1, 0, 1, '""', '2021-06-25 00:00:00', '2021-06-25 00:00:00'),
	(12, 'ALEXANDRA DEL CARMEN ', 'ALVARADO SALAZAR', '0917928004', '1979-04-29', 'exampla@correo.com', 1, 1, 0, 1, '""', '2021-06-25 00:00:00', '2021-06-25 00:00:00'),
	(13, 'MALU VERONICA  ', 'ANANGONO CAICEDO', '0915759740', '1972-03-14', 'exampla@correo.com', 1, 1, 0, 1, '""', '2021-06-25 00:00:00', '2021-06-25 00:00:00'),
	(14, 'JENNIFER ALEXANDRA  ', 'ANDALUZ RAMOS', '0940105869', '1996-01-22', 'exampla@correo.com', 1, 1, 0, 1, '""', '2021-06-25 00:00:00', '2021-06-25 00:00:00'),
	(15, 'GILBERTO GEOVANNY  ', 'ANDRADE VINUEZA', '0919108894', '1978-06-20', 'exampla@correo.com', 1, 1, 1, 1, '""', '2021-06-25 00:00:00', '2021-06-25 00:00:00'),
	(16, 'KATHERINE PILAR  ', 'ARANA REATEGUI', '0928181445', '1996-12-16', 'exampla@correo.com', 1, 1, 0, 1, '""', '2021-06-25 00:00:00', '2021-06-25 00:00:00'),
	(17, 'CARLOS GEOVANNY  ', 'ARGUDO CISNEROS', '0928640713', '1991-08-15', 'exampla@correo.com', 1, 1, 1, 1, '""', '2021-06-25 00:00:00', '2021-06-25 00:00:00'),
	(18, 'JAVIER CLAUDIO  ', 'BAJAÑA PALACIOS', '0942125162', '2000-03-21', 'exampla@correo.com', 1, 1, 1, 1, '""', '2021-06-25 00:00:00', '2021-06-25 00:00:00'),
	(19, 'SONNIA ARACELY  ', 'BARAHONA ALULEMA', '0914324330', '1973-05-14', 'exampla@correo.com', 1, 1, 0, 1, '""', '2021-06-25 00:00:00', '2021-06-25 00:00:00'),
	(20, 'DAVID SEGUNDO  ', 'BARAHONA VERA', '0921281093', '1989-08-03', 'exampla@correo.com', 1, 1, 1, 1, '""', '2021-06-25 00:00:00', '2021-06-25 00:00:00'),
	(21, 'ABEL JACINTO  ', 'BARRERA PERALTA', '0918864075', '1979-04-25', 'exampla@correo.com', 1, 1, 1, 1, '""', '2021-06-25 00:00:00', '2021-06-25 00:00:00'),
	(22, 'JENNY SUSANA  ', 'BERNITA ZUNIGA', '0920284122', '1980-09-29', 'exampla@correo.com', 1, 1, 0, 1, '""', '2021-06-25 00:00:00', '2021-06-25 00:00:00'),
	(23, 'MONICA ELIZABETH  ', 'CAISAGUANO ALVAREZ', '0940119902', '1990-07-01', 'exampla@correo.com', 1, 1, 0, 1, '""', '2021-06-25 00:00:00', '2021-06-25 00:00:00'),
	(24, 'MIGUEL GEOVANNY  ', 'CAJAS ESPINOZA', '0918779109', '1978-12-16', 'exampla@correo.com', 1, 1, 1, 1, '""', '2021-06-25 00:00:00', '2021-06-25 00:00:00'),
	(25, 'RAFAEL MARCO  ', 'CALLE LOPEZ', '0940154693', '1998-04-26', 'exampla@correo.com', 1, 1, 1, 1, '""', '2021-06-25 00:00:00', '2021-06-25 00:00:00'),
	(26, 'ROSA ANGELICA  ', 'CAMPOVERDE LLIVISUPA', '0928738996', '1998-02-16', 'exampla@correo.com', 1, 1, 0, 1, '""', '2021-06-25 00:00:00', '2021-06-25 00:00:00'),
	(27, 'JAIRON DAVID  ', 'CAMPUZANO BAZURTO', '0921636908', '1986-06-28', 'exampla@correo.com', 1, 1, 1, 1, '""', '2021-06-25 00:00:00', '2021-06-25 00:00:00'),
	(28, 'ROSA MERCEDES  ', 'CANDELARIO HOLGUIN', '0913323093', '1968-01-13', 'exampla@correo.com', 1, 1, 0, 1, '""', '2021-06-25 00:00:00', '2021-06-25 00:00:00'),
	(29, 'MARGARITA UBALDINA  ', 'CANTO HERNANDEZ', '0913598751', '1974-06-10', 'exampla@correo.com', 1, 1, 0, 1, '""', '2021-06-25 00:00:00', '2021-06-25 00:00:00'),
	(30, 'KENIA NATALY  ', 'CARBO ALVARIO', '0929265619', '1988-12-29', 'exampla@correo.com', 1, 1, 0, 1, '""', '2021-06-25 00:00:00', '2021-06-25 00:00:00'),
	(31, 'LENCY MARISOL  ', 'CARBO CEJIDO', '1203743297', '1973-11-14', 'exampla@correo.com', 1, 1, 0, 1, '""', '2021-06-25 00:00:00', '2021-06-25 00:00:00'),
	(32, 'CARLOS BLADIMIR  ', 'CARRASCO CARRASCO', '0919131946', '1977-05-20', 'exampla@correo.com', 1, 1, 1, 1, '""', '2021-06-25 00:00:00', '2021-06-25 00:00:00'),
	(33, 'MARTHA GRACIELA  ', 'CASTRO ANDRADE', '0919107359', '1978-09-21', 'exampla@correo.com', 1, 1, 0, 1, '""', '2021-06-25 00:00:00', '2021-06-25 00:00:00'),
	(34, 'JANELA AMPARITO  ', 'CASTRO VERA', '1206224105', '1980-01-21', 'exampla@correo.com', 1, 1, 0, 1, '""', '2021-06-25 00:00:00', '2021-06-25 00:00:00'),
	(35, 'LUIS EUDORO  ', 'CEDEÑO CASTILLO', '1203485956', '1972-10-07', 'exampla@correo.com', 1, 1, 1, 1, '""', '2021-06-25 00:00:00', '2021-06-25 00:00:00'),
	(36, 'RONNY STALIN  ', 'CEREZO HARO', '0942098609', '1995-05-13', 'exampla@correo.com', 1, 1, 1, 1, '""', '2021-06-25 00:00:00', '2021-06-25 00:00:00'),
	(37, 'LUIS ANTONIO  ', 'CHAVEZ REYES', '1203538895', '1973-09-10', 'exampla@correo.com', 1, 1, 1, 1, '""', '2021-06-25 00:00:00', '2021-06-25 00:00:00'),
	(38, 'EVELYN KAREN  ', 'COELLO CARBO', '0928541366', '1990-06-16', 'exampla@correo.com', 1, 1, 0, 1, '""', '2021-06-25 00:00:00', '2021-06-25 00:00:00'),
	(39, 'SANDRA RUBY  ', 'CONTRERAS TOBAR', '0940155542', '1993-12-02', 'exampla@correo.com', 1, 1, 0, 1, '""', '2021-06-25 00:00:00', '2021-06-25 00:00:00'),
	(40, 'JAVIER EDUARDO  ', 'CORTEZ MONCERRATE', '0917198988', '1975-05-03', 'exampla@correo.com', 1, 1, 1, 1, '""', '2021-06-25 00:00:00', '2021-06-25 00:00:00'),
	(41, 'EVA MARIUXY  ', 'CRUZ PACHAY', '0927002576', '1988-04-01', 'exampla@correo.com', 1, 1, 0, 1, '""', '2021-06-25 00:00:00', '2021-06-25 00:00:00'),
	(42, 'JORGE ENRIQUE  ', 'CRUZ PERALTA', '0928986496', '1987-07-14', 'exampla@correo.com', 1, 1, 1, 1, '""', '2021-06-25 00:00:00', '2021-06-25 00:00:00'),
	(43, 'BEATRIZ DEL CARMEN ', 'DIAZ ARIAS', '0925859738', '1984-06-30', 'exampla@correo.com', 1, 1, 0, 1, '""', '2021-06-25 00:00:00', '2021-06-25 00:00:00'),
	(44, 'JOSE MIGUEL  ', 'DIAZ BARAHONA', '0920942844', '1981-01-20', 'exampla@correo.com', 1, 1, 1, 1, '""', '2021-06-25 00:00:00', '2021-06-25 00:00:00'),
	(45, 'EMPERATRIZ ROCIO  ', 'ESCOBAR TACURI', '0920026309', '1983-01-14', 'exampla@correo.com', 1, 1, 0, 1, '""', '2021-06-25 00:00:00', '2021-06-25 00:00:00'),
	(46, 'MARJORIE MARIUXI  ', 'FRANCO FRANCO', '0923908636', '1990-12-19', 'exampla@correo.com', 1, 1, 0, 1, '""', '2021-06-25 00:00:00', '2021-06-25 00:00:00'),
	(47, 'VICTOR ALFONSO  ', 'GOROTIZA SAAVEDRA', '0919069047', '1990-04-21', 'exampla@correo.com', 1, 1, 1, 1, '""', '2021-06-25 00:00:00', '2021-06-25 00:00:00'),
	(48, 'GRACE YAMILE  ', 'GOYES SARAGUAYO', '0924679681', '1985-11-09', 'exampla@correo.com', 1, 1, 0, 1, '""', '2021-06-25 00:00:00', '2021-06-25 00:00:00'),
	(49, 'ELVIRA ALEXANDRA  ', 'GUAMAN RENTERIA', '0921639605', '1989-01-12', 'exampla@correo.com', 1, 1, 0, 1, '""', '2021-06-25 00:00:00', '2021-06-25 00:00:00'),
	(50, 'LUIS EDGAR  ', 'GUARANGA ORTIZ', '0602911794', '1975-10-28', 'exampla@correo.com', 1, 1, 1, 1, '""', '2021-06-25 00:00:00', '2021-06-25 00:00:00'),
	(51, 'PAMELA YADIRA  ', 'GUILLEN BERNITA', '0926476136', '1988-10-17', 'exampla@correo.com', 1, 1, 0, 1, '""', '2021-06-25 00:00:00', '2021-06-25 00:00:00'),
	(52, 'RUBEN DARIO  ', 'HERRERA ARISTEGA', '0925090946', '1988-11-21', 'exampla@correo.com', 1, 1, 1, 1, '""', '2021-06-25 00:00:00', '2021-06-25 00:00:00'),
	(53, 'MARIA ISABEL  ', 'HIGUERA OCHOA', '1204858144', '1981-04-18', 'exampla@correo.com', 1, 1, 0, 1, '""', '2021-06-25 00:00:00', '2021-06-25 00:00:00'),
	(54, 'MARTA CECILIA  ', 'IBARRA FREIRE', '0910448133', '1966-03-20', 'exampla@correo.com', 1, 1, 0, 1, '""', '2021-06-25 00:00:00', '2021-06-25 00:00:00'),
	(55, 'JUAN CARLOS  ', 'INTRIAGO ARIAS', '1310961691', '1985-09-25', 'exampla@correo.com', 1, 1, 1, 1, '""', '2021-06-25 00:00:00', '2021-06-25 00:00:00'),
	(56, 'DAVID FERNANDO  ', 'JONES MAISANCHE', '0944287796', '1994-04-04', 'exampla@correo.com', 1, 1, 1, 1, '""', '2021-06-25 00:00:00', '2021-06-25 00:00:00'),
	(57, 'GINA JANINA  ', 'JONES VASQUEZ', '0916037468', '1975-01-14', 'exampla@correo.com', 1, 1, 0, 1, '""', '2021-06-25 00:00:00', '2021-06-25 00:00:00'),
	(58, 'YENTHENNY MELISA  ', 'LEDESMA ASPIAZU', '0916877012', '1990-03-22', 'exampla@correo.com', 1, 1, 0, 1, '""', '2021-06-25 00:00:00', '2021-06-25 00:00:00'),
	(59, 'ANAHI SALOME  ', 'LEON MORENO', '0955667761', '1997-10-24', 'exampla@correo.com', 1, 1, 0, 1, '""', '2021-06-25 00:00:00', '2021-06-25 00:00:00'),
	(60, 'MARIANA DE JESUS ', 'LEON QUINTUÑA', '0924306822', '1987-10-22', 'exampla@correo.com', 1, 1, 0, 1, '""', '2021-06-25 00:00:00', '2021-06-25 00:00:00'),
	(61, 'CARMEN TERESA  ', 'LITUMA VASQUEZ', '0913250650', '1970-07-10', 'exampla@correo.com', 1, 1, 0, 1, '""', '2021-06-25 00:00:00', '2021-06-25 00:00:00'),
	(62, 'JOSE   ', 'LLIBRI YAURI', '0603610437', '1980-07-01', 'exampla@correo.com', 1, 1, 1, 1, '""', '2021-06-25 00:00:00', '2021-06-25 00:00:00'),
	(63, 'FELIX ANTONIO  ', 'LOJA LOJA', '1202730725', '1969-02-09', 'exampla@correo.com', 1, 1, 1, 1, '""', '2021-06-25 00:00:00', '2021-06-25 00:00:00'),
	(64, 'WALTER EDISON  ', 'LOPEZ LOPEZ', '1202518708', '1968-07-02', 'exampla@correo.com', 1, 1, 1, 1, '""', '2021-06-25 00:00:00', '2021-06-25 00:00:00'),
	(65, 'IVAN ORLANDO  ', 'LOPEZ QUINTUÑA', '0917803520', '1976-10-29', 'exampla@correo.com', 1, 1, 1, 1, '""', '2021-06-25 00:00:00', '2021-06-25 00:00:00'),
	(66, 'ROSITA AMPARITO  ', 'LOZANO ZARUMA', '0101739621', '1960-10-26', 'exampla@correo.com', 1, 1, 0, 1, '""', '2021-06-25 00:00:00', '2021-06-25 00:00:00'),
	(67, 'MOISES BENJAMIN  ', 'MACIAS LOPEZ', '0905572707', '1950-12-20', 'exampla@correo.com', 1, 1, 1, 1, '""', '2021-06-25 00:00:00', '2021-06-25 00:00:00'),
	(68, 'HECTOR WLADIMIR  ', 'MARTINEZ CABRERA', '0940814320', '1994-03-16', 'exampla@correo.com', 1, 1, 1, 1, '""', '2021-06-25 00:00:00', '2021-06-25 00:00:00'),
	(69, 'KLEBER ALCIDES  ', 'MENESES LOPEZ', '0913353348', '1969-09-19', 'exampla@correo.com', 1, 1, 1, 1, '""', '2021-06-25 00:00:00', '2021-06-25 00:00:00'),
	(70, 'RONALD JONATHAN  ', 'MERCHAN MENENDEZ', '0925090094', '1988-09-13', 'exampla@correo.com', 1, 1, 1, 1, '""', '2021-06-25 00:00:00', '2021-06-25 00:00:00'),
	(71, 'RAQUEL JACQUELINE  ', 'MEZA MORALES', '1201656137', '1961-12-04', 'exampla@correo.com', 1, 1, 0, 1, '""', '2021-06-25 00:00:00', '2021-06-25 00:00:00'),
	(72, 'JOSE CARLOS (CASA) ', 'MEZA ORELLANA', '0924058308', '1992-03-21', 'exampla@correo.com', 1, 1, 1, 1, '""', '2021-06-25 00:00:00', '2021-06-25 00:00:00'),
	(73, 'WALTER DARIO  ', 'MIRANDA PEREZ', '0922479571', '1982-09-09', 'exampla@correo.com', 1, 1, 1, 1, '""', '2021-06-25 00:00:00', '2021-06-25 00:00:00'),
	(74, 'CRISTINA DEL ROCIO ', 'MONCAYO ASITIMBAY', '0918863804', '1979-07-10', 'exampla@correo.com', 1, 1, 0, 1, '""', '2021-06-25 00:00:00', '2021-06-25 00:00:00'),
	(75, 'FELIX GEOVANNY  ', 'MONTIEL MORALES', '0919011759', '1983-07-06', 'exampla@correo.com', 1, 1, 1, 1, '""', '2021-06-25 00:00:00', '2021-06-25 00:00:00'),
	(76, 'PAUL EDUARDO  ', 'MORA BRAVO', '1721178141', '1986-03-22', 'exampla@correo.com', 1, 1, 1, 1, '""', '2021-06-25 00:00:00', '2021-06-25 00:00:00'),
	(77, 'ANA ROSALVA  ', 'MORA ESPINOZA', '0921651113', '1983-02-01', 'exampla@correo.com', 1, 1, 0, 1, '""', '2021-06-25 00:00:00', '2021-06-25 00:00:00'),
	(78, 'JULIO DAGOBERTO  ', 'MORETA ORAMA', '0940812811', '1992-03-17', 'exampla@correo.com', 1, 1, 1, 1, '""', '2021-06-25 00:00:00', '2021-06-25 00:00:00'),
	(79, 'BISMAR ALEXANDER  ', 'MOYANO OLVERA', '1205859216', '1983-07-26', 'exampla@correo.com', 1, 1, 1, 1, '""', '2021-06-25 00:00:00', '2021-06-25 00:00:00'),
	(80, 'LUIS ENRIQUE  ', 'NARANJO BARRERA', '0916861651', '1977-04-11', 'exampla@correo.com', 1, 1, 1, 1, '""', '2021-06-25 00:00:00', '2021-06-25 00:00:00'),
	(81, 'BAYRON RONALD  ', 'NARANJO JIMENEZ', '0919018002', '1983-12-10', 'exampla@correo.com', 1, 1, 1, 1, '""', '2021-06-25 00:00:00', '2021-06-25 00:00:00'),
	(82, 'LUIS ENRIQUE  ', 'NARVAEZ ROMERO', '0928476787', '1992-05-24', 'exampla@correo.com', 1, 1, 1, 1, '""', '2021-06-25 00:00:00', '2021-06-25 00:00:00'),
	(83, 'CESAR VICENTE  ', 'NILES ALCIVAR', '0925985608', '1992-04-05', 'exampla@correo.com', 1, 1, 1, 1, '""', '2021-06-25 00:00:00', '2021-06-25 00:00:00'),
	(84, 'BLANCA CECILIA  ', 'ORDOÑEZ BARRERA', '0920850948', '1979-01-25', 'exampla@correo.com', 1, 1, 0, 1, '""', '2021-06-25 00:00:00', '2021-06-25 00:00:00'),
	(85, 'CARTIER JOSELIN  ', 'ORELLANA VARGAS', '1206723734', '1991-06-09', 'exampla@correo.com', 1, 1, 0, 1, '""', '2021-06-25 00:00:00', '2021-06-25 00:00:00'),
	(86, 'MARIA VERONICA  ', 'PEÑAFIEL VERA', '0921656526', '1983-12-07', 'exampla@correo.com', 1, 1, 0, 1, '""', '2021-06-25 00:00:00', '2021-06-25 00:00:00'),
	(87, 'DENNIS ALONSO  ', 'PEÑARANDA ANZULES', '0928181932', '1995-12-02', 'exampla@correo.com', 1, 1, 1, 1, '""', '2021-06-25 00:00:00', '2021-06-25 00:00:00'),
	(88, 'VICTOR JAVIER  ', 'PEREZ POZO', '0913801239', '1972-12-03', 'exampla@correo.com', 1, 1, 1, 1, '""', '2021-06-25 00:00:00', '2021-06-25 00:00:00'),
	(89, 'ANGELICA KARINA  ', 'PINEDA MANJARRES', '0922221585', '1983-01-18', 'exampla@correo.com', 1, 1, 0, 1, '""', '2021-06-25 00:00:00', '2021-06-25 00:00:00'),
	(90, 'BLANCA SOLEDAD  ', 'PIÑA GUALPA', '0902794957', '1955-05-04', 'exampla@correo.com', 1, 1, 0, 1, '""', '2021-06-25 00:00:00', '2021-06-25 00:00:00'),
	(91, 'ANGELICA MARIA  ', 'PRIETO ORTIZ', '0920294949', '1984-05-20', 'exampla@correo.com', 1, 1, 0, 1, '""', '2021-06-25 00:00:00', '2021-06-25 00:00:00'),
	(92, 'ELOISA BEATRIZ  ', 'QUINDE SANANGO', '1205833872', '1988-04-11', 'exampla@correo.com', 1, 1, 0, 1, '""', '2021-06-25 00:00:00', '2021-06-25 00:00:00'),
	(93, 'JACINTO ABEL  ', 'QUINDE SANANGO', '0929262632', '1991-04-29', 'exampla@correo.com', 1, 1, 1, 1, '""', '2021-06-25 00:00:00', '2021-06-25 00:00:00'),
	(94, 'SANDRA VIVIANA  ', 'QUINDE SANANGO', '1207115732', '1994-01-14', 'exampla@correo.com', 1, 1, 0, 1, '""', '2021-06-25 00:00:00', '2021-06-25 00:00:00'),
	(95, 'DEYVIS CRISTOPHER  ', 'QUIROZ GUALPA', '0922839980', '1999-10-16', 'exampla@correo.com', 1, 1, 1, 1, '""', '2021-06-25 00:00:00', '2021-06-25 00:00:00'),
	(96, 'TELMO GENARO  ', 'QUISPE BAJAÑA', '0919411652', '1979-04-20', 'exampla@correo.com', 1, 1, 1, 1, '""', '2021-06-25 00:00:00', '2021-06-25 00:00:00'),
	(97, 'MARIA PIEDAD  ', 'QUISPE QUITO', '0914211842', '1970-01-18', 'exampla@correo.com', 1, 1, 0, 1, '""', '2021-06-25 00:00:00', '2021-06-25 00:00:00'),
	(98, 'TATIANA SUJEY  ', 'QUITO FAJARDO', '0928738392', '1990-07-10', 'exampla@correo.com', 1, 1, 0, 1, '""', '2021-06-25 00:00:00', '2021-06-25 00:00:00'),
	(99, 'CHRISTIAN JOEL  ', 'QUITO GONZALEZ', '0940352792', '1995-06-05', 'exampla@correo.com', 1, 1, 1, 1, '""', '2021-06-25 00:00:00', '2021-06-25 00:00:00'),
	(100, 'ELIZABETH ESTEFANIA  ', 'RAMIREZ SECAIRA', '0955303425', '1996-02-22', 'exampla@correo.com', 1, 1, 0, 1, '""', '2021-06-25 00:00:00', '2021-06-25 00:00:00'),
	(101, 'MARCO ANTONIO  ', 'REINOSO BARRENO', '0925090888', '1998-04-21', 'exampla@correo.com', 1, 1, 1, 1, '""', '2021-06-25 00:00:00', '2021-06-25 00:00:00'),
	(102, 'RIGOBERTO   ', 'REINOSO BARRERA', '0910301605', '1965-07-01', 'exampla@correo.com', 1, 1, 1, 1, '""', '2021-06-25 00:00:00', '2021-06-25 00:00:00'),
	(103, 'DANIEL ALEJANDRO  ', 'REYES CABRERA', '0927983668', '1994-03-23', 'exampla@correo.com', 1, 1, 1, 1, '""', '2021-06-25 00:00:00', '2021-06-25 00:00:00'),
	(104, 'ALONSO ROBERTO  ', 'RIERA TENEMASA', '0956157523', '1995-02-14', 'exampla@correo.com', 1, 1, 1, 1, '""', '2021-06-25 00:00:00', '2021-06-25 00:00:00'),
	(105, 'JUAN CARLOS  ', 'RODRIGUEZ CABRERA', '0907283295', '1958-10-31', 'exampla@correo.com', 1, 1, 1, 1, '""', '2021-06-25 00:00:00', '2021-06-25 00:00:00'),
	(106, 'ALEXANDER ABEL  ', 'RODRIGUEZ VEINTIMILLA', '0959297862', '1999-03-26', 'exampla@correo.com', 1, 1, 1, 1, '""', '2021-06-25 00:00:00', '2021-06-25 00:00:00'),
	(107, 'ALFREDO ROLANDO  ', 'ROJAS PEREIRA', '0917628471', '1975-11-23', 'exampla@correo.com', 1, 1, 1, 1, '""', '2021-06-25 00:00:00', '2021-06-25 00:00:00'),
	(108, 'JENNY PATRICIA  ', 'SACA TAPIA', '0919878744', '1979-05-24', 'exampla@correo.com', 1, 1, 0, 1, '""', '2021-06-25 00:00:00', '2021-06-25 00:00:00'),
	(109, 'ANGEL ISAIAS  ', 'SANCHEZ MORALES', '1701808279', '1944-11-26', 'exampla@correo.com', 1, 1, 1, 1, '""', '2021-06-25 00:00:00', '2021-06-25 00:00:00'),
	(110, 'LEYVIS DANIEL  ', 'SANTANA RODRIGUEZ', '0915852941', '1975-05-22', 'exampla@correo.com', 1, 1, 1, 1, '""', '2021-06-25 00:00:00', '2021-06-25 00:00:00'),
	(111, 'LUIS ANIBAL  ', 'SARMIENTO BOLAÑOS', '0909078883', '1958-08-30', 'exampla@correo.com', 1, 1, 1, 1, '""', '2021-06-25 00:00:00', '2021-06-25 00:00:00'),
	(112, 'TANYA ELIZABETH  ', 'SARMIENTO TELLO', '0955971882', '1996-11-18', 'exampla@correo.com', 1, 1, 0, 1, '""', '2021-06-25 00:00:00', '2021-06-25 00:00:00'),
	(113, 'ALEJANDRO MARCELO  ', 'SUAREZ URENA', '0924185846', '1984-12-26', 'exampla@correo.com', 1, 1, 1, 1, '""', '2021-06-25 00:00:00', '2021-06-25 00:00:00'),
	(114, 'BLANCA AZUCENA  ', 'SUMBA ARCENTALES', '0917717845', '1970-04-04', 'exampla@correo.com', 1, 1, 0, 1, '""', '2021-06-25 00:00:00', '2021-06-25 00:00:00'),
	(115, 'JOSE SIMON  ', 'TENECORA CONDO', '0916309008', '1974-05-05', 'exampla@correo.com', 1, 1, 1, 1, '""', '2021-06-25 00:00:00', '2021-06-25 00:00:00'),
	(116, 'MANUEL ERIBERTO  ', 'TENECORA CONDO', '0918473844', '1976-06-20', 'exampla@correo.com', 1, 1, 1, 1, '""', '2021-06-25 00:00:00', '2021-06-25 00:00:00'),
	(117, 'GLADYS ELITA  ', 'VALENCIA RAMIREZ', '1201354923', '1957-11-02', 'exampla@correo.com', 1, 1, 0, 1, '""', '2021-06-25 00:00:00', '2021-06-25 00:00:00'),
	(118, 'DANILO FABIAN  ', 'VALERO GUEVARA', '0917514150', '1979-01-01', 'exampla@correo.com', 1, 1, 1, 1, '""', '2021-06-25 00:00:00', '2021-06-25 00:00:00'),
	(119, 'ALBERTO JAIME PITER ', 'VASQUEZ ALVARADO', '0906416375', '1960-04-27', 'exampla@correo.com', 1, 1, 1, 1, '""', '2021-06-25 00:00:00', '2021-06-25 00:00:00'),
	(120, 'MANUEL ANTONIO  ', 'VILLA VILLA', '0601094493', '1953-02-22', 'exampla@correo.com', 1, 1, 1, 1, '""', '2021-06-25 00:00:00', '2021-06-25 00:00:00'),
	(121, 'JUAN PABLO  ', 'VILLA ZUMBA', '0925222697', '1985-02-10', 'exampla@correo.com', 1, 1, 1, 1, '""', '2021-06-25 00:00:00', '2021-06-25 00:00:00'),
	(122, 'BRIGIDA JANETH  ', 'VILLEGAS SOLIS', '1202492870', '1968-04-15', 'exampla@correo.com', 1, 1, 0, 1, '""', '2021-06-25 00:00:00', '2021-06-25 00:00:00'),
	(123, 'FIDEL ARTURO  ', 'ZAMBRANO PEÑAFIEL', '0917194870', '1976-04-24', 'exampla@correo.com', 1, 1, 1, 1, '""', '2021-06-25 00:00:00', '2021-06-25 00:00:00'),
	(124, 'STALIN EUGENIO  ', 'ZHANGALLIMBAY CARDENAS', '0940165384', '1990-04-29', 'exampla@correo.com', 1, 1, 1, 1, '""', '2021-06-25 00:00:00', '2021-06-25 00:00:00'),
	(125, 'TATIANA VANESSA  ', 'SANCHEZ OJEDA', '0921636114', '1987-11-25', 'exampla@correo.com', 1, 1, 0, 1, '""', '2021-06-25 00:00:00', '2021-06-25 00:00:00'),
	(126, 'ANGEL VICENTE  ', 'PILCO ILEMA', '0601855851', '1964-05-08', 'exampla@correo.com', 1, 1, 1, 1, '""', '2021-06-25 00:00:00', '2021-06-25 00:00:00'),
	(127, 'ANGEL   ', 'TENESACA YAMASCA', '0919109579', '1982-10-22', 'exampla@correo.com', 1, 1, 1, 1, '""', '2021-06-25 00:00:00', '2021-06-25 00:00:00'),
	(128, 'LISSETTE ADRIANA  ', 'ACOSTA SORIANO', '0927953596', '1994-06-29', 'exampla@correo.com', 1, 1, 0, 1, '""', '2021-06-25 00:00:00', '2021-06-25 00:00:00'),
	(129, 'JUSTINO ALBERTO  ', 'REINOSO TAMAYO', '0905606109', '1953-04-13', 'exampla@correo.com', 1, 1, 1, 1, '""', '2021-06-25 00:00:00', '2021-06-25 00:00:00'),
	(130, 'LUIS ALBERTO  ', 'RODRIGUEZ LOJA', '0921653754', '1985-01-01', 'exampla@correo.com', 1, 1, 1, 1, '""', '2021-06-25 00:00:00', '2021-06-25 00:00:00'),
	(131, 'EMILY STEFANIA  ', 'VALLEJO MORAN', '0954394839', '1998-08-01', 'exampla@correo.com', 1, 1, 0, 1, '""', '2021-06-25 00:00:00', '2021-06-25 00:00:00'),
	(132, 'SIOMARA MARLENE  ', 'ESPARZA URQUIZO', '0921651048', '1984-01-12', 'exampla@correo.com', 1, 1, 0, 1, '""', '2021-06-25 00:00:00', '2021-06-25 00:00:00'),
	(133, 'JEFFERSON RUBEN  ', 'SANCHEZ ARANA', '0941154510', '1999-07-08', 'exampla@correo.com', 1, 1, 1, 1, '""', '2021-06-25 00:00:00', '2021-06-25 00:00:00'),
	(134, 'CINTHIA MELISSA  ', 'MULLO CHUCHO', '0957901416', '1999-09-29', 'exampla@correo.com', 1, 1, 0, 1, '""', '2021-06-25 00:00:00', '2021-06-25 00:00:00'),
	(135, 'WELINGTON EDUARDO  ', 'ARISTEGA RAMOS', '0925407462', '1987-03-29', 'exampla@correo.com', 1, 1, 1, 1, '""', '2021-06-25 00:00:00', '2021-06-25 00:00:00'),
	(136, 'IRMA BEATRIZ  ', 'MIZHQUIRI GONZALEZ', '0913223152', '1980-04-21', 'exampla@correo.com', 1, 1, 0, 1, '""', '2021-06-25 00:00:00', '2021-06-25 00:00:00'),
	(137, 'MERCEDES JUANITA  ', 'SOLIS SOLIS', '0911571008', '1969-09-24', 'exampla@correo.com', 1, 1, 0, 1, '""', '2021-06-25 00:00:00', '2021-06-25 00:00:00'),
	(138, 'JHONATAN FAVIAN  ', 'BRIONES ROJAS', '0921651782', '1988-10-30', 'exampla@correo.com', 1, 1, 1, 1, '""', '2021-06-25 00:00:00', '2021-06-25 00:00:00'),
	(139, 'CARLOS FABIAN  ', 'CARRANZA MARTINEZ', '0941532426', '1995-11-05', 'exampla@correo.com', 1, 1, 1, 1, '""', '2021-06-25 00:00:00', '2021-06-25 00:00:00'),
	(140, 'WILMER ENRIQUE  ', 'ORAMAS BANDA', '0928548619', '1995-11-03', 'exampla@correo.com', 1, 1, 0, 1, '""', '2021-06-25 00:00:00', '2021-06-25 00:00:00'),
	(141, 'NORMA JULIANA  ', 'VALERO ORAMAS', '0925859399', '1987-07-10', 'exampla@correo.com', 1, 1, 0, 1, '""', '2021-06-25 00:00:00', '2021-06-25 00:00:00'),
	(142, 'HAIDE ALEXANDRA  ', 'TOALA ZUMBA', '0928425404', '2001-07-15', 'exampla@correo.com', 1, 1, 0, 1, '""', '2021-06-25 00:00:00', '2021-06-25 00:00:00'),
	(143, 'JESSICA ALEXANDRA  ', 'MOREJON SANCHEZ', '0918623786', '1980-05-12', 'exampla@correo.com', 1, 1, 0, 1, '""', '2021-06-25 00:00:00', '2021-06-25 00:00:00'),
	(144, 'GINGER ESTEFANIA  ', 'GOMEZ ARANA', '0942053935', '2000-07-25', 'exampla@correo.com', 1, 1, 1, 1, '""', '2021-06-25 00:00:00', '2021-06-25 00:00:00'),
	(145, 'HECTOR MIGUEL  ', 'ASTUDILLO LOPEZ', '0953135340', '1999-08-17', 'exampla@correo.com', 1, 1, 0, 1, '""', '2021-06-25 00:00:00', '2021-06-25 00:00:00'),
	(146, 'LORENA YOMAIRA  ', 'MORETA ORAMA', '0928732338', '1990-08-19', 'exampla@correo.com', 1, 1, 1, 1, '""', '2021-06-25 00:00:00', '2021-06-25 00:00:00'),
	(147, 'LUIS ALBERTO  ', 'MOROCHO REMACHE', '0602993073', '1978-01-31', 'exampla@correo.com', 1, 1, 1, 1, '""', '2021-06-25 00:00:00', '2021-06-25 00:00:00'),
	(148, 'ANGEL DANILO  ', 'FREIRE SANCHEZ', '0915762363', '1974-05-31', 'exampla@correo.com', 1, 1, 1, 1, '""', '2021-06-25 00:00:00', '2021-06-25 00:00:00'),
	(149, 'JUSTO ANIBAL  ', 'AREVALO TAIPE', '1203742398', '1974-08-25', 'exampla@correo.com', 1, 1, 0, 1, '""', '2021-06-25 00:00:00', '2021-06-25 00:00:00'),
	(150, 'JOHANNA ELIZABETH  ', 'COBO CALDERON', '0920659356', '1981-03-23', 'exampla@correo.com', 1, 1, 1, 1, '""', '2021-06-25 00:00:00', '2021-06-25 00:00:00'),
	(151, 'VICENTE RAUL  ', 'FLORES MACANCELA', '0913802005', '1971-11-25', 'exampla@correo.com', 1, 1, 1, 1, '""', '2021-06-25 00:00:00', '2021-06-25 00:00:00'),
	(152, 'BRAYAN CARLOS  ', 'ZARUMA ORDOÑEZ', '0922928718', '1993-04-09', 'exampla@correo.com', 1, 1, 0, 1, '""', '2021-06-25 00:00:00', '2021-06-25 00:00:00'),
	(153, 'KAREM FABIOLA  ', 'JARA FLORES', '0926611310', '1990-09-12', 'exampla@correo.com', 1, 1, 1, 1, '""', '2021-06-25 00:00:00', '2021-06-25 00:00:00'),
	(154, 'FAUSTO MESIAS  ', 'AUSHAY YUQUI', '0602725582', '1974-09-01', 'exampla@correo.com', 1, 1, 0, 1, '""', '2021-06-25 00:00:00', '2021-06-25 00:00:00'),
	(155, 'JULY VIVIANA  ', 'LOPEZ CORTEZ', '0927999243', '1989-11-27', 'exampla@correo.com', 1, 1, 0, 1, '""', '2021-06-25 00:00:00', '2021-06-25 00:00:00'),
	(156, 'LIZ DEL CARMEN ', 'RODRIGUEZ EVIA', '0921181202', '1982-07-26', 'exampla@correo.com', 1, 1, 1, 1, '""', '2021-06-25 00:00:00', '2021-06-25 00:00:00'),
	(157, 'DARWIN STIVEN  ', 'CRIOLLO VICUÑA', '0940358419', '1996-06-19', 'exampla@correo.com', 1, 1, 1, 1, '""', '2021-06-25 00:00:00', '2021-06-25 00:00:00'),
	(158, 'MARCO ALFONSO  ', 'ARROYO DURANGO', '1203298243', '1975-04-28', 'exampla@correo.com', 1, 1, 1, 1, '""', '2021-06-25 00:00:00', '2021-06-25 00:00:00'),
	(159, 'JORGE ENRIQUE  ', 'JAMA CORDOVA', '0928189497', '1994-02-15', 'exampla@correo.com', 1, 1, 1, 1, '""', '2021-06-25 00:00:00', '2021-06-25 00:00:00'),
	(160, 'ERNESTO AURELIO  ', 'RAMOS ROMERO', '0914879309', '1970-02-04', 'exampla@correo.com', 1, 1, 1, 1, '""', '2021-06-25 00:00:00', '2021-06-25 00:00:00'),
	(161, 'JENNIFER MARISOL  ', 'DUQUE VERA', '0958835100', '2000-09-17', 'exampla@correo.com', 1, 1, 0, 1, '""', '2021-06-25 00:00:00', '2021-06-25 00:00:00'),
	(162, 'PEDRO FERNANDO  ', 'BEJARANO SHAQUI', '0917714032', '1978-12-27', 'exampla@correo.com', 1, 1, 1, 1, '""', '2021-06-25 00:00:00', '2021-06-25 00:00:00'),
	(163, 'DEXI ALEXANDRA  ', 'ALVARADO CHIRIGUAYA', '0921283081', '1979-08-15', 'exampla@correo.com', 1, 1, 0, 1, '""', '2021-06-25 00:00:00', '2021-06-25 00:00:00'),
	(164, 'ANGIE ZULAY  ', 'FLORES SARCOS', '0929139434', '1997-07-19', 'exampla@correo.com', 1, 1, 0, 1, '""', '2021-06-25 00:00:00', '2021-06-25 00:00:00'),
	(165, 'KEVIN RICARDO  ', 'PLAZA FLORES', '0940357262', '1998-09-23', 'exampla@correo.com', 1, 1, 1, 1, '""', '2021-06-25 00:00:00', '2021-06-25 00:00:00'),
	(166, 'ADRIANA PATRICIA  ', 'ALVAREZ CONGACHA', '0927953992', '2000-12-28', 'exampla@correo.com', 1, 1, 0, 1, '""', '2021-06-25 00:00:00', '2021-06-25 00:00:00'),
	(167, 'SAUL MEDARDO  ', 'PERALTA ESPIN', '0913961405', '1970-06-08', 'exampla@correo.com', 1, 1, 1, 1, '""', '2021-06-25 00:00:00', '2021-06-25 00:00:00'),
	(168, 'GINGER VERONICA  ', 'CEVALLOS PALMA', '0927958405', '1999-08-21', 'exampla@correo.com', 1, 1, 0, 1, '""', '2021-06-25 00:00:00', '2021-06-25 00:00:00'),
	(169, 'FRANKLIN FREDDY  ', 'ORELLANA TENEZACA', '0924010564', '1988-10-09', 'exampla@correo.com', 1, 1, 1, 1, '""', '2021-06-25 00:00:00', '2021-06-25 00:00:00'),
	(170, 'RONALD RUSBEL  ', 'LAVAYEN VALAREZO', '1204947129', '1982-02-24', 'exampla@correo.com', 1, 1, 1, 1, '""', '2021-06-25 00:00:00', '2021-06-25 00:00:00'),
	(171, 'JHON MICHAEL  ', 'SANTANA DUTAN', '0942474933', '2000-11-10', 'exampla@correo.com', 1, 1, 1, 1, '""', '2021-06-25 00:00:00', '2021-06-25 00:00:00'),
	(172, 'MARIA PATRICIA  ', 'BANDA JUNCAL', '1203498033', '1974-09-01', 'exampla@correo.com', 1, 1, 0, 1, '""', '2021-06-25 00:00:00', '2021-06-25 00:00:00'),
	(173, 'ANGEL JUVENTINO  ', 'MEJIA BANDA', '0928548635', '1992-04-20', 'exampla@correo.com', 1, 1, 1, 1, '""', '2021-06-25 00:00:00', '2021-06-25 00:00:00'),
	(174, 'GEOVANNY LUIS  ', 'ZAPATA BARRETO', '0920606381', '1982-04-28', 'exampla@correo.com', 1, 1, 1, 1, '""', '2021-06-25 00:00:00', '2021-06-25 00:00:00'),
	(175, 'SORAIDA CAROLINA  ', 'ALVARADO RIVERA', '0919626101', '1981-09-24', 'exampla@correo.com', 1, 1, 0, 1, '""', '2021-06-25 00:00:00', '2021-06-25 00:00:00'),
	(176, 'HOLGER LIZANDRO  ', 'CHICAIZA ESPINOZA', '0940119449', '1996-04-16', 'exampla@correo.com', 1, 1, 1, 1, '""', '2021-06-25 00:00:00', '2021-06-25 00:00:00'),
	(177, 'GEOVANNY ALBERTO  ', 'MORENO ORAMAS', '0925048696', '1983-10-27', 'exampla@correo.com', 1, 1, 1, 1, '""', '2021-06-25 00:00:00', '2021-06-25 00:00:00'),
	(178, 'MARLENE   ', 'NIVELO BAJAÑA', '0909536591', '1961-12-23', 'exampla@correo.com', 1, 1, 0, 1, '""', '2021-06-25 00:00:00', '2021-06-25 00:00:00'),
	(179, 'JOHNNY SAMUEL  ', 'CEDEÑO RIOS', '0928067263', '2000-12-12', 'exampla@correo.com', 1, 1, 1, 1, '""', '2021-06-25 00:00:00', '2021-06-25 00:00:00'),
	(180, 'RENY WILFRIDO  ', 'PEREZ LANDA', '0941321986', '1998-05-14', 'exampla@correo.com', 1, 1, 1, 1, '""', '2021-06-25 00:00:00', '2021-06-25 00:00:00'),
	(181, 'FREDDY GEOVANNY  ', 'BARAHONA ASCENCIO', '0916951817', '1975-11-20', 'exampla@correo.com', 1, 1, 1, 1, '""', '2021-06-25 00:00:00', '2021-06-25 00:00:00'),
	(182, 'EPIFANIO   ', 'JIMENEZ ARISTEGA', '0902704956', '1951-03-04', 'exampla@correo.com', 1, 1, 1, 1, '""', '2021-06-25 00:00:00', '2021-06-25 00:00:00'),
	(183, 'MARIA FILOMENA  ', 'CUENCA GUALPA', '0904709839', '1951-06-30', 'exampla@correo.com', 1, 1, 0, 1, '""', '2021-06-25 00:00:00', '2021-06-25 00:00:00'),
	(184, 'MARIA CRISTINA  ', 'MONTIEL BARREIRO', '0929740587', '1999-06-22', 'exampla@correo.com', 1, 1, 0, 1, '""', '2021-06-25 00:00:00', '2021-06-25 00:00:00'),
	(185, 'JOSEFINA   ', 'BAJAÑA BERMEO', '0912482650', '1968-05-08', 'exampla@correo.com', 1, 1, 0, 1, '""', '2021-06-25 00:00:00', '2021-06-25 00:00:00'),
	(186, 'SARA BEATRIZ  ', 'VICUÑA URUCHIMA', '0918810706', '1977-11-20', 'exampla@correo.com', 1, 1, 0, 1, '""', '2021-06-25 00:00:00', '2021-06-25 00:00:00'),
	(187, 'GUSTAVO SIMON  ', 'CHICAIZA ESPINOZA', '0911523884', '1967-11-11', 'exampla@correo.com', 1, 1, 1, 1, '""', '2021-06-25 00:00:00', '2021-06-25 00:00:00'),
	(188, 'FELIX GILBERTO  ', 'BAJAÑA CORTEZ', '0913961132', '1971-02-03', 'exampla@correo.com', 1, 1, 1, 1, '""', '2021-06-25 00:00:00', '2021-06-25 00:00:00'),
	(189, 'VIVIANA ROCIO  ', 'MANTUANO MORA', '0942114661', '1999-11-29', 'exampla@correo.com', 1, 1, 0, 1, '""', '2021-06-25 00:00:00', '2021-06-25 00:00:00'),
	(190, 'VERONICA EDITH  ', 'CASTRO FRANCO', '0919011767', '1982-03-16', 'exampla@correo.com', 1, 1, 0, 1, '""', '2021-06-25 00:00:00', '2021-06-25 00:00:00'),
	(191, 'MARCO ANTONIO  ', 'GUALTAZACA JARA', '1206316505', '1988-06-10', 'exampla@correo.com', 1, 1, 1, 1, '""', '2021-06-25 00:00:00', '2021-06-25 00:00:00'),
	(192, 'CARLOS RAMIRO  ', 'PINCAY PAREDES', '0923363212', '1984-03-16', 'exampla@correo.com', 1, 1, 1, 1, '""', '2021-06-25 00:00:00', '2021-06-25 00:00:00'),
	(193, 'JUAN MANUEL  ', 'CANDO MILAN', '0201348299', '1974-01-13', 'exampla@correo.com', 1, 1, 1, 1, '""', '2021-06-25 00:00:00', '2021-06-25 00:00:00'),
	(194, 'LUIS ALBERTO  ', 'BEJARANO SEFLA', '0603886417', '1979-08-05', 'exampla@correo.com', 1, 1, 1, 1, '""', '2021-06-25 00:00:00', '2021-06-25 00:00:00'),
	(195, 'OSCAR ANDRES  ', 'BARAHONA PEREZ', '0905380283', '1955-08-19', 'exampla@correo.com', 1, 1, 1, 1, '""', '2021-06-25 00:00:00', '2021-06-25 00:00:00'),
	(196, 'MANUEL ROLANDO  ', 'ARGUDO VALENCIA', '0914414842', '1972-12-18', 'exampla@correo.com', 1, 1, 1, 1, '""', '2021-06-25 00:00:00', '2021-06-25 00:00:00'),
	(197, 'EDUARDO ENRIQUE  ', 'FRANCO IZA', '1203553563', '1968-07-31', 'exampla@correo.com', 1, 1, 1, 1, '""', '2021-06-25 00:00:00', '2021-06-25 00:00:00'),
	(198, 'CRISTHIAN GEOVANNY  ', 'GONZALEZ LUNA', '0921693222', '1984-09-24', 'exampla@correo.com', 1, 1, 1, 1, '""', '2021-06-25 00:00:00', '2021-06-25 00:00:00'),
	(199, 'MAXIMO JESUS  ', 'MENDOZA ZUÑIGA', '0703619890', '1977-06-02', 'exampla@correo.com', 1, 1, 1, 1, '""', '2021-06-25 00:00:00', '2021-06-25 00:00:00'),
	(200, 'LUIS ALFREDO  ', 'ORTIZ NAULA', '1206320945', '1989-06-21', 'exampla@correo.com', 1, 1, 1, 1, '""', '2021-06-25 00:00:00', '2021-06-25 00:00:00'),
	(201, 'AMADA JAZMIN  ', 'VILLALTA ALEMAN', '0927953919', '2001-11-21', 'exampla@correo.com', 1, 1, 0, 1, '""', '2021-06-25 00:00:00', '2021-06-25 00:00:00'),
	(202, 'HILDA MARIA (PARROQUIA) ', 'PINTAG ORTIZ', '0920652633', '1984-12-19', 'exampla@correo.com', 1, 1, 0, 1, '""', '2021-06-25 00:00:00', '2021-06-25 00:00:00'),
	(203, 'ADAMARIS ELIZABETH  ', 'ZUMBA MENENDEZ', '0940748692', '2001-09-12', 'exampla@correo.com', 1, 1, 0, 1, '""', '2021-06-25 00:00:00', '2021-06-25 00:00:00'),
	(204, 'TONY WILLIAMS  ', 'TOBAR YUVI', '0921630174', '1984-12-02', 'exampla@correo.com', 1, 1, 1, 1, '""', '2021-06-25 00:00:00', '2021-06-25 00:00:00'),
	(205, 'LUZ MARIA  ', 'YZA ARISTEGA', '1203553860', '1974-03-17', 'exampla@correo.com', 1, 1, 0, 1, '""', '2021-06-25 00:00:00', '2021-06-25 00:00:00'),
	(206, 'REBECA   ', 'NEGRETE MORAN', '0902798941', '1940-11-13', 'exampla@correo.com', 1, 1, 0, 1, '""', '2021-06-25 00:00:00', '2021-06-25 00:00:00'),
	(207, 'SEGUNDO FELIX  ', 'NARANJO NEGRETE', '0912552510', '1970-11-21', 'exampla@correo.com', 1, 1, 1, 1, '""', '2021-06-25 00:00:00', '2021-06-25 00:00:00'),
	(208, 'LUIS ABELARDO  ', 'PEREZ LASCANO', '1201749254', '1963-08-28', 'exampla@correo.com', 1, 1, 1, 1, '""', '2021-06-25 00:00:00', '2021-06-25 00:00:00'),
	(209, 'CARLOS ALFREDO  ', 'ARISTEGA RAMIREZ', '0929765204', '1998-03-03', 'exampla@correo.com', 1, 1, 1, 1, '""', '2021-06-25 00:00:00', '2021-06-25 00:00:00'),
	(210, 'NELSON GERARDO  ', 'CALI VILEMA', '0602793341', '1975-10-22', 'exampla@correo.com', 1, 1, 1, 1, '""', '2021-06-25 00:00:00', '2021-06-25 00:00:00'),
	(211, 'JEFFERSON ALFREDO  ', 'RIVERA ACURIO', '0924012297', '1987-11-06', 'exampla@correo.com', 1, 1, 1, 1, '""', '2021-06-25 00:00:00', '2021-06-25 00:00:00'),
	(212, 'TANNIA LISBETH  ', 'JAQUE ROCERO', '0606258754', '1994-10-02', 'exampla@correo.com', 1, 1, 0, 1, '""', '2021-06-25 00:00:00', '2021-06-25 00:00:00'),
	(213, 'JOHN MANUEL  ', 'CRIOLLO ESPINOZA', '0926842832', '1987-01-08', 'exampla@correo.com', 1, 1, 1, 1, '""', '2021-06-25 00:00:00', '2021-06-25 00:00:00'),
	(214, 'SANDRA LISSETH  ', 'PALACIOS GILER', '1312591918', '1988-05-22', 'exampla@correo.com', 1, 1, 0, 1, '""', '2021-06-25 00:00:00', '2021-06-25 00:00:00'),
	(215, 'MAURICIO AUGUSTO  ', 'CASTRO ANGUISACA', '0911804425', '1969-09-15', 'exampla@correo.com', 1, 1, 1, 1, '""', '2021-06-25 00:00:00', '2021-06-25 00:00:00'),
	(216, 'GLORIA MARIA  ', 'ACURIO MIRANDA', '0901938662', '1930-06-20', 'exampla@correo.com', 1, 1, 0, 1, '""', '2021-06-25 00:00:00', '2021-06-25 00:00:00'),
	(217, 'DANIEL WILFRIDO  ', 'PIGUAVE ZAMBRANO', '1204807208', '1980-12-18', 'exampla@correo.com', 1, 1, 1, 1, '""', '2021-06-25 00:00:00', '2021-06-25 00:00:00'),
	(218, 'HUGO JAVIER  ', 'SAMANIEGO SELLAN', '0604122200', '1989-08-28', 'exampla@correo.com', 1, 1, 1, 1, '""', '2021-06-25 00:00:00', '2021-06-25 00:00:00'),
	(219, 'MERY AZUCENA  ', 'ROJAS FLOR', '0909133712', '1962-06-05', 'exampla@correo.com', 1, 1, 0, 1, '""', '2021-06-25 00:00:00', '2021-06-25 00:00:00'),
	(220, 'MIGUEL DAVID  ', 'CHUEZ ESPIN', '0925007437', '1987-02-01', 'exampla@correo.com', 1, 1, 1, 1, '""', '2021-06-25 00:00:00', '2021-06-25 00:00:00'),
	(221, 'MELANIA ESMERALDA  ', 'LEMA AMON', '0605933316', '1999-08-31', 'exampla@correo.com', 1, 1, 0, 1, '""', '2021-06-25 00:00:00', '2021-06-25 00:00:00'),
	(222, 'MARTHA BEATRIZ  ', 'RAMIREZ REINOSO', '0925711848', '1987-07-29', 'exampla@correo.com', 1, 1, 0, 1, '""', '2021-06-25 00:00:00', '2021-06-25 00:00:00'),
	(223, 'VICTOR HUGO  ', 'REINOSO POAQUIZA', '0909579237', '1964-05-06', 'exampla@correo.com', 1, 1, 1, 1, '""', '2021-06-25 00:00:00', '2021-06-25 00:00:00'),
	(224, 'MANUEL VICTOR  ', 'MORQUECHO CARANGUI', '0300983822', '1967-04-01', 'exampla@correo.com', 1, 1, 1, 1, '""', '2021-06-25 00:00:00', '2021-06-25 00:00:00'),
	(225, 'JULIO CESAR  ', 'CASTRO CUEVA', '0904638608', '1951-02-25', 'exampla@correo.com', 1, 1, 1, 1, '""', '2021-06-25 00:00:00', '2021-06-25 00:00:00'),
	(226, 'VICTOR FELIPE  ', 'BAIDAL ALVARADO', '0926401639', '1989-05-22', 'exampla@correo.com', 1, 1, 1, 1, '""', '2021-06-25 00:00:00', '2021-06-25 00:00:00'),
	(227, 'CLARA ROMELIA  ', 'ORELLANA ASQUI', '0907012439', '1960-08-28', 'exampla@correo.com', 1, 1, 0, 1, '""', '2021-06-25 00:00:00', '2021-06-25 00:00:00'),
	(228, 'DIANA MARIBEL  ', 'ARIAS SOLANO', '0920134814', '1980-08-14', 'exampla@correo.com', 1, 1, 0, 1, '""', '2021-06-25 00:00:00', '2021-06-25 00:00:00'),
	(229, 'JENNIFER PAOLA  ', 'GUAMAN MEZA', '0940742927', '1994-05-28', 'exampla@correo.com', 1, 1, 0, 1, '""', '2021-06-25 00:00:00', '2021-06-25 00:00:00'),
	(230, 'SILVIA DEL ROCIO ', 'RAMOS LEON', '1203301088', '1972-08-03', 'exampla@correo.com', 1, 1, 0, 1, '""', '2021-06-25 00:00:00', '2021-06-25 00:00:00'),
	(231, 'LUIS MIGUEL  ', 'RIVERA ACURIO', '0921694675', '1983-09-23', 'exampla@correo.com', 1, 1, 1, 1, '""', '2021-06-25 00:00:00', '2021-06-25 00:00:00'),
	(232, 'LORENZO   ', 'CAJILEMA CAISAGUANO', '1202861561', '1965-11-27', 'exampla@correo.com', 1, 1, 1, 1, '""', '2021-06-25 00:00:00', '2021-06-25 00:00:00'),
	(233, 'ALEXANDRA ELIZABETH  ', 'JERES LEON', '0916569320', '1978-09-09', 'exampla@correo.com', 1, 1, 0, 1, '""', '2021-06-25 00:00:00', '2021-06-25 00:00:00'),
	(234, 'NANCI CARMITA  ', 'ALTAMIRANO BORJA', '0912585536', '1967-07-21', 'exampla@correo.com', 1, 1, 0, 1, '""', '2021-06-25 00:00:00', '2021-06-25 00:00:00'),
	(235, 'DIXON ARIEL  ', 'ZELI AREVALO', '0942239864', '2000-04-26', 'exampla@correo.com', 1, 1, 1, 1, '""', '2021-06-25 00:00:00', '2021-06-25 00:00:00'),
	(236, 'MARIA DELIA  ', 'VERA VALLEJO', '0917034324', '1974-08-21', 'exampla@correo.com', 1, 1, 0, 1, '""', '2021-06-25 00:00:00', '2021-06-25 00:00:00'),
	(237, 'ROLANDO ENRIQUE  ', 'NAULA CEPEDA', '0917443764', '1976-06-28', 'exampla@correo.com', 1, 1, 1, 1, '""', '2021-06-25 00:00:00', '2021-06-25 00:00:00'),
	(238, 'RONAL REINALDO  ', 'POAQUIZA POAQUIZA', '0941317497', '1991-08-22', 'exampla@correo.com', 1, 1, 1, 1, '""', '2021-06-25 00:00:00', '2021-06-25 00:00:00'),
	(239, 'MAYDI KATHERINE  ', 'CHAUCA DELGADO', '0922989355', '1992-06-15', 'exampla@correo.com', 1, 1, 0, 1, '""', '2021-06-25 00:00:00', '2021-06-25 00:00:00'),
	(240, 'JORGE ALONSO  ', 'CASTILLO MEDINA', '0916767866', '1975-01-24', 'exampla@correo.com', 1, 1, 1, 1, '""', '2021-06-25 00:00:00', '2021-06-25 00:00:00'),
	(241, 'LIZ ROXANA  ', 'RIVERA CORO', '0941146623', '1991-05-07', 'exampla@correo.com', 1, 1, 0, 1, '""', '2021-06-25 00:00:00', '2021-06-25 00:00:00'),
	(242, 'ELIANA NANCY  ', 'PASTUIZACA FERNANDEZ', '0914710074', '1973-04-05', 'exampla@correo.com', 1, 1, 0, 1, '""', '2021-06-25 00:00:00', '2021-06-25 00:00:00'),
	(243, 'JUNIOR GASTON  ', 'DELGADO MITE', '1206289553', '1986-04-23', 'exampla@correo.com', 1, 1, 1, 1, '""', '2021-06-25 00:00:00', '2021-06-25 00:00:00'),
	(244, 'SONIA IVEE  ', 'SILVA DE LA ROSA', '0929501096', '1993-04-29', 'exampla@correo.com', 1, 1, 0, 1, '""', '2021-06-25 00:00:00', '2021-06-25 00:00:00'),
	(245, 'HILDA MATILDE  ', 'MARTINEZ SOLIS', '0920895471', '1978-06-30', 'exampla@correo.com', 1, 1, 0, 1, '""', '2021-06-25 00:00:00', '2021-06-25 00:00:00'),
	(246, 'NANCY FERNANDA  ', 'BERMEO VELIZ', '0927893495', '1989-06-17', 'exampla@correo.com', 1, 1, 0, 1, '""', '2021-06-25 00:00:00', '2021-06-25 00:00:00'),
	(247, 'JAVIER DELFIN  ', 'CASTRO ANGUISACA', '0911883940', '1966-09-20', 'exampla@correo.com', 1, 1, 1, 1, '""', '2021-06-25 00:00:00', '2021-06-25 00:00:00'),
	(248, 'DOLORES ANGELICA  ', 'FLORES RIOS', '0907888259', '1960-03-11', 'exampla@correo.com', 1, 1, 0, 1, '""', '2021-06-25 00:00:00', '2021-06-25 00:00:00'),
	(249, 'DANIEL ENRIQUE  ', 'CASTRO FRANCO', '0929763084', '1991-04-22', 'exampla@correo.com', 1, 1, 1, 1, '""', '2021-06-25 00:00:00', '2021-06-25 00:00:00'),
	(250, 'JOAN JULIAN  ', 'SUAREZ PALACIOS', '0923903769', '1987-07-21', 'exampla@correo.com', 1, 1, 1, 1, '""', '2021-06-25 00:00:00', '2021-06-25 00:00:00'),
	(251, 'FLAVIO GABRIEL  ', 'BARRIO BONE', '0802721563', '1987-09-26', 'exampla@correo.com', 1, 1, 1, 1, '""', '2021-06-25 00:00:00', '2021-06-25 00:00:00'),
	(252, 'MIRIAM MARIBEL  ', 'LUCAS ANCHUNDIA', '0941764698', '1989-11-17', 'exampla@correo.com', 1, 1, 0, 1, '""', '2021-06-25 00:00:00', '2021-06-25 00:00:00'),
	(253, 'MELBA ALBERTINA  ', 'MOREIRA TOMALA', '0909710279', '1966-12-15', 'exampla@correo.com', 1, 1, 0, 1, '""', '2021-06-25 00:00:00', '2021-06-25 00:00:00'),
	(254, 'ADRIAN ALEXANDER  ', 'AVELINO ALVARADO', '0953135464', '2000-01-23', 'exampla@correo.com', 1, 1, 1, 1, '""', '2021-06-25 00:00:00', '2021-06-25 00:00:00'),
	(255, 'ANGEL JESUS  ', 'GUACHAMBOZA RUIZ', '0926406117', '1994-01-21', 'exampla@correo.com', 1, 1, 1, 1, '""', '2021-06-25 00:00:00', '2021-06-25 00:00:00'),
	(256, 'JOSSELYN LEONOR  ', 'CASTRO VERA', '0927158592', '1998-04-30', 'exampla@correo.com', 1, 1, 0, 1, '""', '2021-06-25 00:00:00', '2021-06-25 00:00:00'),
	(257, 'MARITZA PRISCILA  ', 'PEREZ VIVEROS', '0929857167', '1993-03-10', 'exampla@correo.com', 1, 1, 0, 1, '""', '2021-06-25 00:00:00', '2021-06-25 00:00:00'),
	(258, 'ALFREDO GEOVANNY  ', 'CAIZA MASABANDA', '0916218886', '1977-05-17', 'exampla@correo.com', 1, 1, 1, 1, '""', '2021-06-25 00:00:00', '2021-06-25 00:00:00'),
	(259, 'ANGELA DALILA  ', 'ALEMAN YZA', '1206679936', '1993-02-20', 'exampla@correo.com', 1, 1, 0, 1, '""', '2021-06-25 00:00:00', '2021-06-25 00:00:00'),
	(260, 'ELVA DEL ROCIO ', 'FRANCO IZA', '0914883582', '1970-03-28', 'exampla@correo.com', 1, 1, 0, 1, '""', '2021-06-25 00:00:00', '2021-06-25 00:00:00'),
	(261, 'KAREN GABRIELA  ', 'VELOZ FLORES', '0928640622', '1991-09-08', 'exampla@correo.com', 1, 1, 0, 1, '""', '2021-06-25 00:00:00', '2021-06-25 00:00:00'),
	(262, 'JUAN CARLOS  ', 'ANGULO AVILA', '1720612736', '1985-03-06', 'exampla@correo.com', 1, 1, 1, 1, '""', '2021-06-25 00:00:00', '2021-06-25 00:00:00'),
	(263, 'CARLOS EULOGIO  ', 'VERA LLERENA', '0915209563', '1973-07-10', 'exampla@correo.com', 1, 1, 1, 1, '""', '2021-06-25 00:00:00', '2021-06-25 00:00:00'),
	(264, 'WILMER ROLANDO  ', 'MORENO MENECES', '0922983812', '1981-06-11', 'exampla@correo.com', 1, 1, 1, 1, '""', '2021-06-25 00:00:00', '2021-06-25 00:00:00'),
	(265, 'LAURA MELISA  ', 'ZUÑIGA CANTOS', '0941150716', '1995-07-10', 'exampla@correo.com', 1, 1, 0, 1, '""', '2021-06-25 00:00:00', '2021-06-25 00:00:00'),
	(266, 'PEDRO PABLO  ', 'ARANA MORENO', '0912740198', '1970-06-29', 'exampla@correo.com', 1, 1, 1, 1, '""', '2021-06-25 00:00:00', '2021-06-25 00:00:00'),
	(267, 'VICTOR HUGO  ', 'ACOSTA FIALLOS', '0917383911', '1976-11-02', 'exampla@correo.com', 1, 1, 1, 1, '""', '2021-06-25 00:00:00', '2021-06-25 00:00:00'),
	(268, 'SEGUNDO ALBERTO  ', 'QUITO QUITO', '1201926415', '1965-09-04', 'exampla@correo.com', 1, 1, 1, 1, '""', '2021-06-25 00:00:00', '2021-06-25 00:00:00'),
	(269, 'LUIS ANGEL  ', 'TENECORA CORONEL', '0901697748', '1954-09-29', 'exampla@correo.com', 1, 1, 1, 1, '""', '2021-06-25 00:00:00', '2021-06-25 00:00:00'),
	(270, 'ARISTEDES ALFREDO  ', 'ARISTEGA CEPEDA', '0926846999', '1988-10-27', 'exampla@correo.com', 1, 1, 1, 1, '""', '2021-06-25 00:00:00', '2021-06-25 00:00:00'),
	(271, 'NELLY ARACELY  ', 'ARISTEGA CEPEDA', '0940810484', '1995-10-30', 'exampla@correo.com', 1, 1, 0, 1, '""', '2021-06-25 00:00:00', '2021-06-25 00:00:00'),
	(272, 'GLORIA ESPERANZA  ', 'QUINTUÑA PAIDA', '0917804908', '1974-05-29', 'exampla@correo.com', 1, 1, 0, 1, '""', '2021-06-25 00:00:00', '2021-06-25 00:00:00'),
	(273, 'BLANCA CLEOTILDE  ', 'CUMBE BUESTAN', '1202930721', '1971-02-07', 'exampla@correo.com', 1, 1, 0, 1, '""', '2021-06-25 00:00:00', '2021-06-25 00:00:00'),
	(274, 'ANITA DEL ROCIO ', 'TIGRE CISNEROS', '0909251902', '1962-11-13', 'exampla@correo.com', 1, 1, 0, 1, '""', '2021-06-25 00:00:00', '2021-06-25 00:00:00'),
	(275, 'ISAURA CRISTINA  ', 'PONCE ARRIAGA', '0921368106', '1980-09-01', 'exampla@correo.com', 1, 1, 0, 1, '""', '2021-06-25 00:00:00', '2021-06-25 00:00:00'),
	(276, 'MANUEL MESIAS  ', 'VEINTIMILLA YALAMA', '0955316633', '1996-12-03', 'exampla@correo.com', 1, 1, 1, 1, '""', '2021-06-25 00:00:00', '2021-06-25 00:00:00'),
	(277, 'ALEJANDRINA DE JESUS ', 'MEZA ORELLANA', '0924058266', '1985-11-20', 'exampla@correo.com', 1, 1, 1, 1, '""', '2021-06-25 00:00:00', '2021-06-25 00:00:00'),
	(278, 'LUIS EDISON  ', 'CASTRO QUILLIGANA', '0921651667', '1982-07-01', 'exampla@correo.com', 1, 1, 1, 1, '""', '2021-06-25 00:00:00', '2021-06-25 00:00:00'),
	(279, 'JOFFRE EDUARDO  ', 'REYES PIÑA', '0925225245', '1985-03-24', 'exampla@correo.com', 1, 1, 1, 1, '""', '2021-06-25 00:00:00', '2021-06-25 00:00:00'),
	(280, 'DAVID ENRIQUE  ', 'ALEMAN CEPEDA', '0929748044', '1997-02-28', 'exampla@correo.com', 1, 1, 1, 1, '""', '2021-06-25 00:00:00', '2021-06-25 00:00:00'),
	(281, 'MARIELA DEL ROCIO ', 'PIÑA BAJAÑA', '1204608531', '1979-10-29', 'exampla@correo.com', 1, 1, 0, 1, '""', '2021-06-25 00:00:00', '2021-06-25 00:00:00'),
	(282, 'JOSE ANTONIO  ', 'LEON FREIRE', '0924509037', '1986-06-16', 'exampla@correo.com', 1, 1, 1, 1, '""', '2021-06-25 00:00:00', '2021-06-25 00:00:00'),
	(283, 'LUCY ROCIO  ', 'ARISTEGA ZUÑIGA', '0919131433', '1980-12-29', 'exampla@correo.com', 1, 1, 0, 1, '""', '2021-06-25 00:00:00', '2021-06-25 00:00:00'),
	(284, 'DIANA MERCEDES  ', 'PELAEZ CORONEL', '0925566960', '1988-08-05', 'exampla@correo.com', 1, 1, 0, 1, '""', '2021-06-25 00:00:00', '2021-06-25 00:00:00'),
	(285, 'VICTOR MANUEL  ', 'RAMIREZ LOOR', '0928809805', '2001-04-30', 'exampla@correo.com', 1, 1, 1, 1, '""', '2021-06-25 00:00:00', '2021-06-25 00:00:00'),
	(286, 'JESUS ALBERTO (ABUELITA) ', 'CLAVIJO SUAREZ', '0929606911', '1998-04-10', 'exampla@correo.com', 1, 1, 1, 1, '""', '2021-06-25 00:00:00', '2021-06-25 00:00:00'),
	(287, 'LEONOR NATALIA  ', 'AGUIRRE HERRERA', '0926300336', '1984-11-30', 'exampla@correo.com', 1, 1, 0, 1, '""', '2021-06-25 00:00:00', '2021-06-25 00:00:00'),
	(288, 'CARMEN LEONOR  ', 'LEON QUINTUÑA', '1203642671', '1975-07-08', 'exampla@correo.com', 1, 1, 0, 1, '""', '2021-06-25 00:00:00', '2021-06-25 00:00:00'),
	(289, 'JOSELYN CAROLINA  ', 'MONTIEL REYES', '0929600849', '1992-06-02', 'exampla@correo.com', 1, 1, 0, 1, '""', '2021-06-25 00:00:00', '2021-06-25 00:00:00'),
	(290, 'JONATHAN JOEL  ', 'MONTESDEOCA PERALTA', '0928182922', '1995-05-12', 'exampla@correo.com', 1, 1, 1, 1, '""', '2021-06-25 00:00:00', '2021-06-25 00:00:00'),
	(291, 'PEDRO PABLO  ', 'CUMBE BUESTAN', '0907253975', '1960-06-11', 'exampla@correo.com', 1, 1, 1, 1, '""', '2021-06-25 00:00:00', '2021-06-25 00:00:00'),
	(292, 'MERY CORINA  ', 'POAQUIZA MAYORGA', '1204130114', '1978-09-29', 'exampla@correo.com', 1, 1, 0, 1, '""', '2021-06-25 00:00:00', '2021-06-25 00:00:00'),
	(293, 'JERSON DAVID  ', 'GAVILANES YUQUI', '0923902944', '1984-11-21', 'exampla@correo.com', 1, 1, 1, 1, '""', '2021-06-25 00:00:00', '2021-06-25 00:00:00'),
	(294, 'WALTER MESIAS  ', 'BAÑO RUIZ', '1203290562', '1974-11-25', 'exampla@correo.com', 1, 1, 1, 1, '""', '2021-06-25 00:00:00', '2021-06-25 00:00:00'),
	(295, 'EVELYN ANABELLE  ', 'ORTIZ LEON', '0919069948', '1993-02-09', 'exampla@correo.com', 1, 1, 0, 1, '""', '2021-06-25 00:00:00', '2021-06-25 00:00:00'),
	(296, 'NATALY ANAI  ', 'BUSTAMANTE MENDOZA', '0928883933', '1998-05-18', 'exampla@correo.com', 1, 1, 0, 1, '""', '2021-06-25 00:00:00', '2021-06-25 00:00:00'),
	(297, 'KAREN GABRIELA  ', 'LOZADA DIAZ', '0941609927', '1996-10-09', 'exampla@correo.com', 1, 1, 0, 1, '""', '2021-06-25 00:00:00', '2021-06-25 00:00:00'),
	(298, 'DORIS GEORGINA  ', 'LEON POAQUIZA', '1206055988', '1989-05-26', 'exampla@correo.com', 1, 1, 0, 1, '""', '2021-06-25 00:00:00', '2021-06-25 00:00:00'),
	(299, 'OLGUER EDUARDO  ', 'CHAVEZ GUADALUPE', '1203163678', '1972-11-16', 'exampla@correo.com', 1, 1, 1, 1, '""', '2021-06-25 00:00:00', '2021-06-25 00:00:00'),
	(300, 'SIMON BOLIVAR  ', 'PARRA ', '1202846117', '1972-11-05', 'exampla@correo.com', 1, 1, 1, 1, '""', '2021-06-25 00:00:00', '2021-06-25 00:00:00'),
	(301, 'SILVIA IRENE  ', 'RAMOS GALLEGOS', '0953137924', '1996-05-24', 'exampla@correo.com', 1, 1, 0, 1, '""', '2021-06-25 00:00:00', '2021-06-25 00:00:00'),
	(302, 'BYRON SANTIAGO  ', 'FLORES BUENAÑO', '0926590829', '1988-06-18', 'exampla@correo.com', 1, 1, 1, 1, '""', '2021-06-25 00:00:00', '2021-06-25 00:00:00'),
	(303, 'NEY ROBINSON  ', 'SAUCE VERA', '0918860727', '1981-11-13', 'exampla@correo.com', 1, 1, 1, 1, '""', '2021-06-25 00:00:00', '2021-06-25 00:00:00'),
	(304, 'MANUEL JAVIER  ', 'ALVARIO VASQUEZ', '0907748941', '1959-07-18', 'exampla@correo.com', 1, 1, 1, 1, '""', '2021-06-25 00:00:00', '2021-06-25 00:00:00'),
	(305, 'MIGUEL ANGEL  ', 'CRIOLLO ESPINOZA', '0928475870', '1988-10-11', 'exampla@correo.com', 1, 1, 1, 1, '""', '2021-06-25 00:00:00', '2021-06-25 00:00:00'),
	(306, 'ROSA CATHERINE  ', 'TIGRE RIVERA', '0929763431', '1991-10-04', 'exampla@correo.com', 1, 1, 0, 1, '""', '2021-06-25 00:00:00', '2021-06-25 00:00:00'),
	(307, 'VALERIA GENARA  ', 'PALACIOS LEAL', '1207709716', '1991-10-24', 'exampla@correo.com', 1, 1, 0, 1, '""', '2021-06-25 00:00:00', '2021-06-25 00:00:00'),
	(308, 'NINO EDUARDO  ', 'CRIOLLO ESPINOZA', '0926845512', '1982-04-11', 'exampla@correo.com', 1, 1, 1, 1, '""', '2021-06-25 00:00:00', '2021-06-25 00:00:00'),
	(309, 'MIRYAN ALICIA  ', 'RAMOS ANDALUZ', '0917711780', '1977-03-19', 'exampla@correo.com', 1, 1, 0, 1, '""', '2021-06-25 00:00:00', '2021-06-25 00:00:00'),
	(310, 'JOSE CARLOS  ', 'SECAIRA ZURITA', '1802517381', '1971-02-28', 'exampla@correo.com', 1, 1, 1, 1, '""', '2021-06-25 00:00:00', '2021-06-25 00:00:00'),
	(311, 'FABIAN ALEXANDER  ', 'ALVARADO FRANCO', '0942439969', '1994-01-21', 'exampla@correo.com', 1, 1, 1, 1, '""', '2021-06-25 00:00:00', '2021-06-25 00:00:00'),
	(312, 'JEAN CARLOS  ', 'CALDERON AUCANCELA', '0942471616', '2000-07-13', 'exampla@correo.com', 1, 1, 1, 1, '""', '2021-06-25 00:00:00', '2021-06-25 00:00:00'),
	(313, 'JOSE GERGORIO  ', 'GALLARDO ORAMA', '0954265187', '1995-11-22', 'exampla@correo.com', 1, 1, 1, 1, '""', '2021-06-25 00:00:00', '2021-06-25 00:00:00'),
	(314, 'HOLGER ALBERTO  ', 'FREIRE NUÑEZ', '1200830519', '1955-02-06', 'exampla@correo.com', 1, 1, 1, 1, '""', '2021-06-25 00:00:00', '2021-06-25 00:00:00'),
	(315, 'NATHALY MELINA  ', 'MAYORGA NARANJO', '0917284598', '1995-02-06', 'exampla@correo.com', 1, 1, 0, 1, '""', '2021-06-25 00:00:00', '2021-06-25 00:00:00'),
	(316, 'BLANCA PATRICIA  ', 'INGUILLAY CEPEDA', '1205684754', '1997-10-01', 'exampla@correo.com', 1, 1, 0, 1, '""', '2021-06-25 00:00:00', '2021-06-25 00:00:00'),
	(317, 'JEAN CARLOS  ', 'TIGRE CHANGO', '0921637237', '1996-09-18', 'exampla@correo.com', 1, 1, 1, 1, '""', '2021-06-25 00:00:00', '2021-06-25 00:00:00'),
	(318, 'SHIRLEY PAOLA  ', 'CEPEDA MOROCHO', '0942071317', '1998-02-06', 'exampla@correo.com', 1, 1, 0, 1, '""', '2021-06-25 00:00:00', '2021-06-25 00:00:00'),
	(319, 'VINICIO ALEJANDRO  ', 'MASAQUIZA ZURITA', '1803748142', '1983-11-06', 'exampla@correo.com', 1, 1, 0, 1, '""', '2021-06-25 00:00:00', '2021-06-25 00:00:00'),
	(320, 'RAFAEL REINALDO  ', 'HUASCO SUAREZ', '0914976808', '1972-10-24', 'exampla@correo.com', 1, 1, 1, 1, '""', '2021-06-25 00:00:00', '2021-06-25 00:00:00'),
	(321, 'BEATRIZ DEL ROCIO ', 'ARIAS MOSQUERA', '0917922908', '1978-07-31', 'exampla@correo.com', 1, 1, 0, 1, '""', '2021-06-25 00:00:00', '2021-06-25 00:00:00'),
	(322, 'VERONICA MABEL  ', 'PILCO ARIZABAL', '0923781066', '1983-09-07', 'exampla@correo.com', 1, 1, 0, 1, '""', '2021-06-25 00:00:00', '2021-06-25 00:00:00'),
	(323, 'ANA MARIA  ', 'MOROCHO MOROCHO', '0602975401', '1979-12-08', 'exampla@correo.com', 1, 1, 0, 1, '""', '2021-06-25 00:00:00', '2021-06-25 00:00:00'),
	(324, 'MARIA EDELMIRA  ', 'MOINA GUALPA', '0920024643', '1981-12-18', 'exampla@correo.com', 1, 1, 0, 1, '""', '2021-06-25 00:00:00', '2021-06-25 00:00:00'),
	(325, 'OLGA MARILU  ', 'ALTAMIRANO BORJA', '1203251028', '1974-03-06', 'exampla@correo.com', 1, 1, 0, 1, '""', '2021-06-25 00:00:00', '2021-06-25 00:00:00'),
	(326, 'AQUILES ARNOLDO  ', 'FRANCO CASTILLO', '0906578216', '1959-07-01', 'exampla@correo.com', 1, 1, 1, 1, '""', '2021-06-25 00:00:00', '2021-06-25 00:00:00'),
	(327, 'GABRIEL   ', 'ASEICHA AVENDAÑO', '1204991770', '1977-09-26', 'exampla@correo.com', 1, 1, 1, 1, '""', '2021-06-25 00:00:00', '2021-06-25 00:00:00'),
	(328, 'CESAR ISRAEL  ', 'DELGADO CAGUANA', '0918452301', '1986-11-05', 'exampla@correo.com', 1, 1, 1, 1, '""', '2021-06-25 00:00:00', '2021-06-25 00:00:00'),
	(329, 'EDGAR JACINTO  ', 'BUENAÑO LOPEZ', '0908384357', '1962-09-15', 'exampla@correo.com', 1, 1, 1, 1, '""', '2021-06-25 00:00:00', '2021-06-25 00:00:00'),
	(330, 'KATIUSKA JACKELINE  ', 'RUIZ PEÑA', '0918779927', '1977-07-06', 'exampla@correo.com', 1, 1, 0, 1, '""', '2021-06-25 00:00:00', '2021-06-25 00:00:00'),
	(331, 'BLANCA ISABEL  ', 'SANCHEZ PAREDES', '0916868466', '1974-04-23', 'exampla@correo.com', 1, 1, 0, 1, '""', '2021-06-25 00:00:00', '2021-06-25 00:00:00'),
	(332, 'REYNA LUCIA  ', 'RAMIREZ REINOSO', '0922665161', '1984-12-30', 'exampla@correo.com', 1, 1, 0, 1, '""', '2021-06-25 00:00:00', '2021-06-25 00:00:00'),
	(333, 'CARMEN CECIBEL  ', 'NAVAS SEGURA', '0940000425', '1997-08-24', 'exampla@correo.com', 1, 1, 0, 1, '""', '2021-06-25 00:00:00', '2021-06-25 00:00:00'),
	(334, 'RODRIGO BENJAMIN  ', 'ORDOÑEZ BARRERA', '1203480692', '1972-05-26', 'exampla@correo.com', 1, 1, 1, 1, '""', '2021-06-25 00:00:00', '2021-06-25 00:00:00'),
	(335, 'IVAN GUSTAVO  ', 'LEON BASTIDAS', '0604029231', '1988-01-23', 'exampla@correo.com', 1, 1, 1, 1, '""', '2021-06-25 00:00:00', '2021-06-25 00:00:00'),
	(336, 'JENIFFER CAROLINA  ', 'OLIVEROS AVILES', '0928732627', '1994-10-20', 'exampla@correo.com', 1, 1, 0, 1, '""', '2021-06-25 00:00:00', '2021-06-25 00:00:00'),
	(337, 'ALICIA GRIMANESA  ', 'ROJAS PINOS', '0910127091', '1962-07-02', 'exampla@correo.com', 1, 1, 0, 1, '""', '2021-06-25 00:00:00', '2021-06-25 00:00:00'),
	(338, 'JEAN CHRISTOPHER  ', 'MORA TIGRE', '0923905269', '1996-09-06', 'exampla@correo.com', 1, 1, 1, 1, '""', '2021-06-25 00:00:00', '2021-06-25 00:00:00'),
	(339, 'PRISCILA LISSETTE  ', 'VEGA MONSERRATE', '0954397816', '2002-05-12', 'exampla@correo.com', 1, 1, 0, 1, '""', '2021-06-25 00:00:00', '2021-06-25 00:00:00'),
	(340, 'FANY ROSARIO  ', 'CASTILLO ARGUDO', '1203656119', '1972-02-05', 'exampla@correo.com', 1, 1, 0, 1, '""', '2021-06-25 00:00:00', '2021-06-25 00:00:00'),
	(341, 'ANGELICA YOMAIRA  ', 'HERRERA ARISTEGA', '0953647377', '1999-04-19', 'exampla@correo.com', 1, 1, 0, 1, '""', '2021-06-25 00:00:00', '2021-06-25 00:00:00'),
	(342, 'JANETH MARIA  ', 'VERA LLERENA', '0918692476', '1977-07-29', 'exampla@correo.com', 1, 1, 0, 1, '""', '2021-06-25 00:00:00', '2021-06-25 00:00:00'),
	(343, 'LINDA GRACE  ', 'GUEVARA BARAHONA', '1203058530', '1969-06-30', 'exampla@correo.com', 1, 1, 0, 1, '""', '2021-06-25 00:00:00', '2021-06-25 00:00:00'),
	(344, 'FILOMENA AMERICA  ', 'LEON QUINTUÑA', '0920373198', '1998-07-05', 'exampla@correo.com', 1, 1, 0, 1, '""', '2021-06-25 00:00:00', '2021-06-25 00:00:00'),
	(345, 'TATIANA CAROLINA  ', 'TORAL PITA', '0941349391', '1994-01-01', 'exampla@correo.com', 1, 1, 0, 1, '""', '2021-06-25 00:00:00', '2021-06-25 00:00:00'),
	(346, 'LENIN OMAR  ', 'SANCHEZ ZUÑA', '0929139145', '1993-06-18', 'exampla@correo.com', 1, 1, 1, 1, '""', '2021-06-25 00:00:00', '2021-06-25 00:00:00'),
	(347, 'ELIZABETH DIANA  ', 'GARCIA SORIANO', '0916951551', '1981-07-27', 'exampla@correo.com', 1, 1, 0, 1, '""', '2021-06-25 00:00:00', '2021-06-25 00:00:00'),
	(348, 'RODOLFO PATRICIO  ', 'AGUIRRE AGUIRRE', '0911861359', '1969-06-03', 'exampla@correo.com', 1, 1, 1, 1, '""', '2021-06-25 00:00:00', '2021-06-25 00:00:00'),
	(349, 'BRYAN STEVEN  ', 'TRIANA SORIANO', '0928812395', '2001-07-08', 'exampla@correo.com', 1, 1, 1, 1, '""', '2021-06-25 00:00:00', '2021-06-25 00:00:00'),
	(350, 'LUIS FRANCISCO  ', 'POAQUIZA LLIGUIN', '0920550282', '1979-10-14', 'exampla@correo.com', 1, 1, 1, 1, '""', '2021-06-25 00:00:00', '2021-06-25 00:00:00'),
	(351, 'LUIS GABRIEL  ', 'PEREZ RODRIGUEZ', '0919067181', '1984-05-30', 'exampla@correo.com', 1, 1, 1, 1, '""', '2021-06-25 00:00:00', '2021-06-25 00:00:00'),
	(352, 'JESUS ELIAS  ', 'POAQUIZA LLIGUIN', '0912740065', '1968-06-16', 'exampla@correo.com', 1, 1, 1, 1, '""', '2021-06-25 00:00:00', '2021-06-25 00:00:00'),
	(353, 'MARCO ANTONIO  ', 'VILLACRES ERAZO', '0601811151', '1962-11-21', 'exampla@correo.com', 1, 1, 1, 1, '""', '2021-06-25 00:00:00', '2021-06-25 00:00:00'),
	(354, 'JONATHAN STEVEN  ', 'ORDOÑEZ ALVAREZ', '0943574137', '2002-05-20', 'exampla@correo.com', 1, 1, 1, 1, '""', '2021-06-25 00:00:00', '2021-06-25 00:00:00'),
	(355, 'LILIAN ARACELLY  ', 'TOCA ANILEMA', '0928188069', '1996-06-23', 'exampla@correo.com', 1, 1, 0, 1, '""', '2021-06-25 00:00:00', '2021-06-25 00:00:00'),
	(356, 'EDISON XAVIER  ', 'MENDEZ NUÑEZ', '0920179553', '1991-07-19', 'exampla@correo.com', 1, 1, 1, 1, '""', '2021-06-25 00:00:00', '2021-06-25 00:00:00'),
	(357, 'ADRIANA MAGDALENA  ', 'LOOR ARISTEGA', '0942346826', '1997-02-11', 'exampla@correo.com', 1, 1, 0, 1, '""', '2021-06-25 00:00:00', '2021-06-25 00:00:00'),
	(358, 'DANIEL DAVID  ', 'AYALA LEON', '0928181635', '1994-12-06', 'exampla@correo.com', 1, 1, 1, 1, '""', '2021-06-25 00:00:00', '2021-06-25 00:00:00'),
	(359, 'RICHARD ISRAEL  ', 'VIJAY MIZHQUIRI', '0942475294', '2000-08-13', 'exampla@correo.com', 1, 1, 1, 1, '""', '2021-06-25 00:00:00', '2021-06-25 00:00:00'),
	(360, 'TONY ROBERTO  ', 'VERA BALLADARES', '0928641257', '1987-09-13', 'exampla@correo.com', 1, 1, 1, 1, '""', '2021-06-25 00:00:00', '2021-06-25 00:00:00'),
	(361, 'FATIMA LUCIA  ', 'MIRANDA BURGOS', '0929442325', '1993-05-01', 'exampla@correo.com', 1, 1, 0, 1, '""', '2021-06-25 00:00:00', '2021-06-25 00:00:00'),
	(362, 'ISMAEL RIGOBERTO  ', 'REINOSO VILLAVICENCIO', '0953371978', '2000-10-30', 'exampla@correo.com', 1, 1, 1, 1, '""', '2021-06-25 00:00:00', '2021-06-25 00:00:00'),
	(363, 'MILTON ALEJANDRO  ', 'NUÑEZ LANDA', '0704393651', '1993-05-14', 'exampla@correo.com', 1, 1, 1, 1, '""', '2021-06-25 00:00:00', '2021-06-25 00:00:00'),
	(364, 'LUIS ALBERTO  ', 'LANDA SARMIENTO', '0911722395', '1965-07-23', 'exampla@correo.com', 1, 1, 1, 1, '""', '2021-06-25 00:00:00', '2021-06-25 00:00:00'),
	(365, 'VERONICA ELIZABETH  ', 'PEÑAFIEL CEREZO', '0943219626', '1999-09-29', 'exampla@correo.com', 1, 1, 0, 1, '""', '2021-06-25 00:00:00', '2021-06-25 00:00:00'),
	(366, 'JOHN ERNESTO  ', 'BAYAS MEJIA', '0920793445', '1979-11-08', 'exampla@correo.com', 1, 1, 1, 1, '""', '2021-06-25 00:00:00', '2021-06-25 00:00:00'),
	(367, 'CARLOS ERNESTO  ', 'RIVERA CHIRIGUAYO', '0911238202', '1966-11-23', 'exampla@correo.com', 1, 1, 1, 1, '""', '2021-06-25 00:00:00', '2021-06-25 00:00:00'),
	(368, 'LUIS ALFREDO  ', 'RIVERA ARIZABAL', '0940320062', '1995-09-15', 'exampla@correo.com', 1, 1, 1, 1, '""', '2021-06-25 00:00:00', '2021-06-25 00:00:00'),
	(369, 'HECTOR IVAN  ', 'ALBARADO MURILLO', '0928184266', '1998-10-09', 'exampla@correo.com', 1, 1, 1, 1, '""', '2021-06-25 00:00:00', '2021-06-25 00:00:00'),
	(370, 'GREGORIO ISIDRO  ', 'VEINTIMILLA NAZARENO', '0914809710', '1971-09-21', 'exampla@correo.com', 1, 1, 1, 1, '""', '2021-06-25 00:00:00', '2021-06-25 00:00:00'),
	(371, 'ANGEL MARIA  ', 'FREIRE CASTRO', '0915354229', '1972-02-27', 'exampla@correo.com', 1, 1, 1, 1, '""', '2021-06-25 00:00:00', '2021-06-25 00:00:00'),
	(372, 'HIDALGO   ', 'YUNGAIZACA FAUSTO', '0300648029', '1962-04-16', 'exampla@correo.com', 1, 1, 1, 1, '""', '2021-06-25 00:00:00', '2021-06-25 00:00:00'),
	(373, 'VICTOR RAFAEL  ', 'LANDA SARMIENTO', '0905362976', '1951-11-27', 'exampla@correo.com', 1, 1, 1, 1, '""', '2021-06-25 00:00:00', '2021-06-25 00:00:00'),
	(374, 'ESTEBAN RAMIRO  ', 'PAZMIÑO MORALES', '0916407372', '1980-12-26', 'exampla@correo.com', 1, 1, 1, 1, '""', '2021-06-25 00:00:00', '2021-06-25 00:00:00'),
	(375, 'CARLOS FRANCISCO  ', 'ZAMORA MORENO', '0921733796', '1981-04-30', 'exampla@correo.com', 1, 1, 1, 1, '""', '2021-06-25 00:00:00', '2021-06-25 00:00:00'),
	(376, 'MELISSA ALEXANDRA  ', 'PINEDA CASTRO', '0929745842', '1998-04-23', 'exampla@correo.com', 1, 1, 0, 1, '""', '2021-06-25 00:00:00', '2021-06-25 00:00:00'),
	(377, 'GUILBERT ISAIAS  ', 'SANCHEZ REINO', '0915030852', '1972-01-07', 'exampla@correo.com', 1, 1, 1, 1, '""', '2021-06-25 00:00:00', '2021-06-25 00:00:00'),
	(378, 'CHRISTIAN MARLON  ', 'RAMIREZ LOOR', '0928983295', '1990-06-14', 'exampla@correo.com', 1, 1, 1, 1, '""', '2021-06-25 00:00:00', '2021-06-25 00:00:00'),
	(379, 'VICENTE MANUEL  ', 'ARANA PAREDES', '1204638181', '1979-10-28', 'exampla@correo.com', 1, 1, 1, 1, '""', '2021-06-25 00:00:00', '2021-06-25 00:00:00'),
	(380, 'GABRIELA ALEXANDRA  ', 'SARMIENTO ORTIZ', '0926148958', '1987-11-30', 'exampla@correo.com', 1, 1, 0, 1, '""', '2021-06-25 00:00:00', '2021-06-25 00:00:00'),
	(381, 'MILTON ALFONSO  ', 'SILVA ROLDAN', '0605859503', '1995-02-02', 'exampla@correo.com', 1, 1, 1, 1, '""', '2021-06-25 00:00:00', '2021-06-25 00:00:00'),
	(382, 'NANCY ELOISA  ', 'BARZOLA MATAMOROS', '0910336858', '1963-07-20', 'exampla@correo.com', 1, 1, 0, 1, '""', '2021-06-25 00:00:00', '2021-06-25 00:00:00'),
	(383, 'MARTHA PATRICIA  ', 'SIGUENCIA GRANIZO', '0923781116', '1976-05-11', 'exampla@correo.com', 1, 1, 0, 1, '""', '2021-06-25 00:00:00', '2021-06-25 00:00:00'),
	(384, 'NOE HUMBERTO  ', 'BUESTAN GUAYLLAS', '0927310995', '1988-10-24', 'exampla@correo.com', 1, 1, 1, 1, '""', '2021-06-25 00:00:00', '2021-06-25 00:00:00'),
	(385, 'SEGUNDO ERNESTO  ', 'GUERRERO FRANCO', '0905300851', '1950-10-27', 'exampla@correo.com', 1, 1, 1, 1, '""', '2021-06-25 00:00:00', '2021-06-25 00:00:00'),
	(386, 'CESILIA DEL PILAR ', 'VALERO MANJARRES', '0911986867', '1967-10-12', 'exampla@correo.com', 1, 1, 0, 1, '""', '2021-06-25 00:00:00', '2021-06-25 00:00:00'),
	(387, 'GILBERTO LEONARDO  ', 'GUTIERREZ SALAZAR', '1102275037', '1961-11-21', 'exampla@correo.com', 1, 1, 1, 1, '""', '2021-06-25 00:00:00', '2021-06-25 00:00:00'),
	(388, 'EVELYN CAROLINA  ', 'CHAVEZ CHICA', '0928188333', '1995-07-21', 'exampla@correo.com', 1, 1, 0, 1, '""', '2021-06-25 00:00:00', '2021-06-25 00:00:00'),
	(389, 'JESSICA PRISCILA  ', 'MORA ALMEIDA', '0921636163', '1977-09-19', 'exampla@correo.com', 1, 1, 0, 1, '""', '2021-06-25 00:00:00', '2021-06-25 00:00:00'),
	(390, 'JOSELYN ANDREA  ', 'SIGUENCIA CASTRO', '0940810351', '1997-05-31', 'exampla@correo.com', 1, 1, 0, 1, '""', '2021-06-25 00:00:00', '2021-06-25 00:00:00'),
	(391, 'MARIANITA DE JESUS ', 'PEREZ MOLINA', '1201428834', '1959-01-18', 'exampla@correo.com', 1, 1, 0, 1, '""', '2021-06-25 00:00:00', '2021-06-25 00:00:00'),
	(392, 'LUIS ORLANDO  ', 'GUACHAMBOZA BARRERA', '1202397798', '1968-08-29', 'exampla@correo.com', 1, 1, 1, 1, '""', '2021-06-25 00:00:00', '2021-06-25 00:00:00'),
	(393, 'MILTON EDUARDO  ', 'ARANA ARANA', '0927314971', '1989-08-13', 'exampla@correo.com', 1, 1, 1, 1, '""', '2021-06-25 00:00:00', '2021-06-25 00:00:00'),
	(394, 'CELIA PIEDAD  ', 'ARENILLAS ZURITA', '0905589784', '1960-06-28', 'exampla@correo.com', 1, 1, 0, 1, '""', '2021-06-25 00:00:00', '2021-06-25 00:00:00'),
	(395, 'PAOLA DE JESUS ', 'PALAGUACHI QUIROZ', '0928988310', '1994-02-15', 'exampla@correo.com', 1, 1, 0, 1, '""', '2021-06-25 00:00:00', '2021-06-25 00:00:00'),
	(396, 'JAIME PATRICIO  ', 'MORENO CARRION', '0918867409', '1983-07-08', 'exampla@correo.com', 1, 1, 1, 1, '""', '2021-06-25 00:00:00', '2021-06-25 00:00:00'),
	(397, 'JOEL ANDRES  ', 'VELASQUEZ VITE', '1207107804', '1990-09-19', 'exampla@correo.com', 1, 1, 1, 1, '""', '2021-06-25 00:00:00', '2021-06-25 00:00:00'),
	(398, 'MARCIA PAOLA  ', 'VILLAMAR GONZALEZ', '0804317121', '1982-06-17', 'exampla@correo.com', 1, 1, 0, 1, '""', '2021-06-25 00:00:00', '2021-06-25 00:00:00'),
	(399, 'LUIS HERNAN  ', 'HOLGUIN MENDOZA', '0915423768', '1976-12-23', 'exampla@correo.com', 1, 1, 1, 1, '""', '2021-06-25 00:00:00', '2021-06-25 00:00:00'),
	(400, 'ROXANA CAROLA  ', 'VALENCIA DONOSO', '0927740019', '1992-03-27', 'exampla@correo.com', 1, 1, 0, 1, '""', '2021-06-25 00:00:00', '2021-06-25 00:00:00'),
	(401, 'JOSE   ', 'FONSECA LOPEZ', '0901573451', '1951-08-31', 'exampla@correo.com', 1, 1, 1, 1, '""', '2021-06-25 00:00:00', '2021-06-25 00:00:00'),
	(402, 'LUIS ALBERTO  ', 'YUQUILEMA ASOMA', '0917349953', '1978-04-26', 'exampla@correo.com', 1, 1, 1, 1, '""', '2021-06-25 00:00:00', '2021-06-25 00:00:00'),
	(403, 'MARIA VERONICA  ', 'ZAMORA DUCHITANGA', '0919017541', '1979-05-26', 'exampla@correo.com', 1, 1, 0, 1, '""', '2021-06-25 00:00:00', '2021-06-25 00:00:00'),
	(404, 'MIGUEL ANGEL  ', 'VASQUEZ PEREZ', '0940328370', '1991-08-02', 'exampla@correo.com', 1, 1, 1, 1, '""', '2021-06-25 00:00:00', '2021-06-25 00:00:00'),
	(405, 'MAXIMO ROBERTO  ', 'VERA ACOSTA', '0922560818', '1986-09-11', 'exampla@correo.com', 1, 1, 1, 1, '""', '2021-06-25 00:00:00', '2021-06-25 00:00:00'),
	(406, 'JOHM DOTLI  ', 'MARTINEZ ROMERO', '1201897392', '1963-12-30', 'exampla@correo.com', 1, 1, 1, 1, '""', '2021-06-25 00:00:00', '2021-06-25 00:00:00'),
	(407, 'LOURDES DEL ROCIO ', 'CRUZ VERA', '0922003223', '1983-04-09', 'exampla@correo.com', 1, 1, 0, 1, '""', '2021-06-25 00:00:00', '2021-06-25 00:00:00'),
	(408, 'LUIS ARMANDO  ', 'LOPEZ ', '0903650737', '1934-12-18', 'exampla@correo.com', 1, 1, 1, 1, '""', '2021-06-25 00:00:00', '2021-06-25 00:00:00'),
	(409, 'ROSA DE LOS ANGELES', 'PARRA VARGAS', '0906726690', '1954-01-06', 'exampla@correo.com', 1, 1, 0, 1, '""', '2021-06-25 00:00:00', '2021-06-25 00:00:00'),
	(410, 'XIOMARA CAROLINA  ', 'RIOFRIO ICAZA', '0928189638', '2001-02-11', 'exampla@correo.com', 1, 1, 0, 1, '""', '2021-06-25 00:00:00', '2021-06-25 00:00:00'),
	(411, 'JUAN CARLOS  ', 'INGUILLAY ORTEGA', '1207215763', '1942-03-19', 'exampla@correo.com', 1, 1, 1, 1, '""', '2021-06-25 00:00:00', '2021-06-25 00:00:00'),
	(412, 'OSCAR WELLINGTON  ', 'BARAHONA CHAMORRO', '0921129557', '1983-09-28', 'exampla@correo.com', 1, 1, 1, 1, '""', '2021-06-25 00:00:00', '2021-06-25 00:00:00'),
	(413, 'ROSA ANGELICA  ', 'SANCHEZ ICAZA', '0942070004', '1993-05-06', 'exampla@correo.com', 1, 1, 0, 1, '""', '2021-06-25 00:00:00', '2021-06-25 00:00:00'),
	(414, 'SANTIAGO DANIEL  ', 'GARCIA LEON', '0929601516', '1993-06-05', 'exampla@correo.com', 1, 1, 1, 1, '""', '2021-06-25 00:00:00', '2021-06-25 00:00:00'),
	(415, 'TERESA MARJORIE  ', 'GUACHAMBOZA ESPINOZA', '0956240451', '1999-02-16', 'exampla@correo.com', 1, 1, 0, 1, '""', '2021-06-25 00:00:00', '2021-06-25 00:00:00'),
	(416, 'MAYRA MAROLA  ', 'CASTRO MORENO', '0928983675', '1989-12-07', 'exampla@correo.com', 1, 1, 0, 1, '""', '2021-06-25 00:00:00', '2021-06-25 00:00:00'),
	(417, 'ANGIE CAROLINA  ', 'ORDOÑEZ MOLINA', '1729906477', '2002-05-23', 'exampla@correo.com', 1, 1, 0, 1, '""', '2021-06-25 00:00:00', '2021-06-25 00:00:00'),
	(418, 'CARMEN AMELIA  ', 'PAGUAY LEMA', '0603871609', '1986-01-02', 'exampla@correo.com', 1, 1, 0, 1, '""', '2021-06-25 00:00:00', '2021-06-25 00:00:00'),
	(419, 'JOSE EFRAIN  ', 'DUCHI MENDOZA', '1729916294', '2000-12-21', 'exampla@correo.com', 1, 1, 1, 1, '""', '2021-06-25 00:00:00', '2021-06-25 00:00:00'),
	(420, 'NATALI JAZMIN  ', 'GUAMAN ROSERO', '0942070079', '1999-09-27', 'exampla@correo.com', 1, 1, 0, 1, '""', '2021-06-25 00:00:00', '2021-06-25 00:00:00'),
	(421, 'MARINA MERCEDES  ', 'PEÑAFIEL MANCERO', '0940155575', '1995-12-17', 'exampla@correo.com', 1, 1, 0, 1, '""', '2021-06-25 00:00:00', '2021-06-25 00:00:00'),
	(422, 'RAQUEL DEL ROCIO ', 'BARCO GUAMAN', '1205159096', '1985-10-30', 'exampla@correo.com', 1, 1, 0, 1, '""', '2021-06-25 00:00:00', '2021-06-25 00:00:00'),
	(423, 'RICARDO STALIN  ', 'LOJANO ROMERO', '0928185016', '1994-03-05', 'exampla@correo.com', 1, 1, 1, 1, '""', '2021-06-25 00:00:00', '2021-06-25 00:00:00'),
	(424, 'JOFFRE EFRAIN  ', 'LEON CABAY', '0603630807', '1987-04-18', 'exampla@correo.com', 1, 1, 1, 1, '""', '2021-06-25 00:00:00', '2021-06-25 00:00:00'),
	(425, 'CECILIA ESTHER  ', 'SUAREZ VINUEZA', '0942095753', '1994-07-15', 'exampla@correo.com', 1, 1, 0, 1, '""', '2021-06-25 00:00:00', '2021-06-25 00:00:00'),
	(426, 'GUADALUPE ELIZABETH  ', 'PITA ESPINOZA', '0914184437', '1972-07-10', 'exampla@correo.com', 1, 1, 0, 1, '""', '2021-06-25 00:00:00', '2021-06-25 00:00:00'),
	(427, 'ALEX ISRAEL  ', 'CACERES CHANGO', '0940149396', '1992-11-26', 'exampla@correo.com', 1, 1, 0, 1, '""', '2021-06-25 00:00:00', '2021-06-25 00:00:00'),
	(428, 'LEIDY ADRIANA  ', 'MARTINEZ CALLE', '0928542562', '1993-10-15', 'exampla@correo.com', 1, 1, 0, 1, '""', '2021-06-25 00:00:00', '2021-06-25 00:00:00'),
	(429, 'GISSELA MARIBEL  ', 'VILLAMAR MORAN', '0941535908', '1991-07-22', 'exampla@correo.com', 1, 1, 0, 1, '""', '2021-06-25 00:00:00', '2021-06-25 00:00:00'),
	(430, 'VICTORIA TATIANA  ', 'CORREA VIVAR', '0928185974', '1994-08-03', 'exampla@correo.com', 1, 1, 0, 1, '""', '2021-06-25 00:00:00', '2021-06-25 00:00:00'),
	(431, 'ORLANDO SEGUNDO  ', 'MORA YAGUAL', '0914854955', '1978-03-17', 'exampla@correo.com', 1, 1, 1, 1, '""', '2021-06-25 00:00:00', '2021-06-25 00:00:00'),
	(432, 'JOHANNA ISABEL  ', 'ZAMBRANO VALENCIA', '0921233243', '1982-06-14', 'exampla@correo.com', 1, 1, 0, 1, '""', '2021-06-25 00:00:00', '2021-06-25 00:00:00'),
	(433, 'GERMAN RIGOBERTO  ', 'GUAMAN MOSQUERA', '0925404154', '1985-10-09', 'exampla@correo.com', 1, 1, 1, 1, '""', '2021-06-25 00:00:00', '2021-06-25 00:00:00'),
	(434, 'MARGARITA ALESANDRA  ', 'MENDEZ GONZALEZ', '0919068403', '1969-02-28', 'exampla@correo.com', 1, 1, 0, 1, '""', '2021-06-25 00:00:00', '2021-06-25 00:00:00'),
	(435, 'ANA GABRIELA  ', 'CORDOVA VERA', '0928731769', '1990-03-22', 'exampla@correo.com', 1, 1, 0, 1, '""', '2021-06-25 00:00:00', '2021-06-25 00:00:00'),
	(436, 'MARJORIE DEL ROCIO ', 'SALAZAR HIDALGO', '0921650370', '1981-10-07', 'exampla@correo.com', 1, 1, 0, 1, '""', '2021-06-25 00:00:00', '2021-06-25 00:00:00'),
	(437, 'BALERIA DE LOS ANGELES', 'ALCIVAR MONCERRATE', '0917920407', '1971-07-08', 'exampla@correo.com', 1, 1, 0, 1, '""', '2021-06-25 00:00:00', '2021-06-25 00:00:00'),
	(438, 'CAROLINA ROCIO  ', 'SARCO GOMEZ', '0955767298', '1997-12-16', 'exampla@correo.com', 1, 1, 0, 1, '""', '2021-06-25 00:00:00', '2021-06-25 00:00:00'),
	(439, 'ALFREDO   ', 'YAUCAN YAGLOA', '0602478455', '1971-03-04', 'exampla@correo.com', 1, 1, 1, 1, '""', '2021-06-25 00:00:00', '2021-06-25 00:00:00'),
	(440, 'KERLY DENNISSE  ', 'MENDEZ VALENCIA', '0921634291', '1995-09-26', 'exampla@correo.com', 1, 1, 0, 1, '""', '2021-06-25 00:00:00', '2021-06-25 00:00:00'),
	(441, 'KATIUSCA NICOLE  ', 'REA ZAMBRANO', '0940158017', '2001-05-01', 'exampla@correo.com', 1, 1, 0, 1, '""', '2021-06-25 00:00:00', '2021-06-25 00:00:00'),
	(442, 'KLEBER GLADIMIR  ', 'RICACHI LEON', '1802528990', '1971-12-21', 'exampla@correo.com', 1, 1, 1, 1, '""', '2021-06-25 00:00:00', '2021-06-25 00:00:00'),
	(443, 'ANGEL ALBERTO  ', 'ALVAREZ TORRES', '1207932284', '1986-01-16', 'exampla@correo.com', 1, 1, 1, 1, '""', '2021-06-25 00:00:00', '2021-06-25 00:00:00'),
	(444, 'JOSE RODOLFO  ', 'PEÑAFIEL MURILLO', '0927319350', '1989-01-26', 'exampla@correo.com', 1, 1, 1, 1, '""', '2021-06-25 00:00:00', '2021-06-25 00:00:00'),
	(445, 'FRANKLIN RAMIRO  ', 'CHAVEZ ZUMBA', '0605510510', '1994-03-01', 'exampla@correo.com', 1, 1, 1, 1, '""', '2021-06-25 00:00:00', '2021-06-25 00:00:00'),
	(446, 'YAMANUA JESSICA  ', 'PITIUR WAMPUTSRIK', '2250170657', '2004-05-03', 'exampla@correo.com', 1, 1, 0, 1, '""', '2021-06-25 00:00:00', '2021-06-25 00:00:00'),
	(447, 'MARIA EUGENIA  ', 'ANTEPARA AGUDO', '0954640785', '1995-12-09', 'exampla@correo.com', 1, 1, 0, 1, '""', '2021-06-25 00:00:00', '2021-06-25 00:00:00'),
	(448, 'DIGNA EMERITA  ', 'MORAN MORA', '0911678597', '1967-10-14', 'exampla@correo.com', 1, 1, 0, 1, '""', '2021-06-25 00:00:00', '2021-06-25 00:00:00'),
	(449, 'ZOILA MERCEDES  ', 'INGA CONDO', '0103251732', '1972-07-01', 'exampla@correo.com', 1, 1, 0, 1, '""', '2021-06-25 00:00:00', '2021-06-25 00:00:00'),
	(450, 'CARLOS ENRIQUE  ', 'OROZCO JIMENEZ', '0906909809', '1958-08-01', 'exampla@correo.com', 1, 1, 1, 1, '""', '2021-06-25 00:00:00', '2021-06-25 00:00:00'),
	(451, 'MARIA BEATRIZ  ', 'PARRA ALVAREZ', '1202916795', '1971-07-29', 'exampla@correo.com', 1, 1, 0, 1, '""', '2021-06-25 00:00:00', '2021-06-25 00:00:00'),
	(452, 'CARMEN MARIA  ', 'DUMANCELA UZHCA', '0922871009', '1986-06-10', 'exampla@correo.com', 1, 1, 0, 1, '""', '2021-06-25 00:00:00', '2021-06-25 00:00:00'),
	(453, 'LUISA FRANCISCA  ', 'CABRERA GAMBOA', '1205864414', '1984-10-11', 'exampla@correo.com', 1, 1, 0, 1, '""', '2021-06-25 00:00:00', '2021-06-25 00:00:00'),
	(454, 'ANA PIEDAD  ', 'VALENCIA ', '0913690863', '1955-01-27', 'exampla@correo.com', 1, 1, 0, 1, '""', '2021-06-25 00:00:00', '2021-06-25 00:00:00'),
	(455, 'JULIO VICENTE  ', 'ARGUDO VALENCIA', '0911392652', '1967-02-19', 'exampla@correo.com', 1, 1, 1, 1, '""', '2021-06-25 00:00:00', '2021-06-25 00:00:00'),
	(456, 'MIRIAN MAGALY  ', 'CAMAS BUENO', '0940383623', '1991-11-12', 'exampla@correo.com', 1, 1, 0, 1, '""', '2021-06-25 00:00:00', '2021-06-25 00:00:00'),
	(457, 'LISSETH KATHERINE  ', 'ORELLANA AVILEZ', '0929132140', '1990-03-30', 'exampla@correo.com', 1, 1, 0, 1, '""', '2021-06-25 00:00:00', '2021-06-25 00:00:00'),
	(458, 'MELANIE MISHELLE  ', 'SANCHEZ VALENCIA', '0940011950', '2000-03-11', 'exampla@correo.com', 1, 1, 0, 1, '""', '2021-06-25 00:00:00', '2021-06-25 00:00:00'),
	(459, 'GERMAN ALEJANDRO  ', 'VELEZ LOPEZ', '0941336166', '1992-10-29', 'exampla@correo.com', 1, 1, 1, 1, '""', '2021-06-25 00:00:00', '2021-06-25 00:00:00'),
	(460, 'JOSE CARLOS  ', 'MIRANDA VIÑANZACA', '0928067867', '1998-06-20', 'exampla@correo.com', 1, 1, 1, 1, '""', '2021-06-25 00:00:00', '2021-06-25 00:00:00'),
	(461, 'PEDRO GEOVARY  ', 'AREVALO MIRANDA', '0940720055', '1993-12-17', 'exampla@correo.com', 1, 1, 1, 1, '""', '2021-06-25 00:00:00', '2021-06-25 00:00:00'),
	(462, 'RAFAEL MESIAS  ', 'ZURITA VALENCIA', '1205589474', '1986-12-15', 'exampla@correo.com', 1, 1, 1, 1, '""', '2021-06-25 00:00:00', '2021-06-25 00:00:00'),
	(463, 'ALEXANDRA MARIBEL  ', 'MOYOLEMA GAMARRA', '0604827600', '1990-02-20', 'exampla@correo.com', 1, 1, 0, 1, '""', '2021-06-25 00:00:00', '2021-06-25 00:00:00'),
	(464, 'JOSE MIGUEL  ', 'GUACHUN SUMBA', '0102494358', '1966-12-26', 'exampla@correo.com', 1, 1, 1, 1, '""', '2021-06-25 00:00:00', '2021-06-25 00:00:00'),
	(465, 'EDUARDO JUNIOR  ', 'GONZALEZ CORREA', '0912639697', '1972-10-27', 'exampla@correo.com', 1, 1, 1, 1, '""', '2021-06-25 00:00:00', '2021-06-25 00:00:00'),
	(466, 'NURY GISELLA  ', 'VERA LEON', '0930666839', '1988-07-27', 'exampla@correo.com', 1, 1, 0, 1, '""', '2021-06-25 00:00:00', '2021-06-25 00:00:00'),
	(467, 'PEDRO   ', 'ASITIMBAY TOABANDA', '0913232617', '1973-03-10', 'exampla@correo.com', 1, 1, 1, 1, '""', '2021-06-25 00:00:00', '2021-06-25 00:00:00'),
	(468, 'LUIS ALCIVIADES  ', 'LLIVICOTA MIRANDA', '0916767841', '1970-05-15', 'exampla@correo.com', 1, 1, 1, 1, '""', '2021-06-25 00:00:00', '2021-06-25 00:00:00'),
	(469, 'FATIMA EDITH  ', 'GUERRA PACHECO', '0917225591', '1979-03-03', 'exampla@correo.com', 1, 1, 0, 1, '""', '2021-06-25 00:00:00', '2021-06-25 00:00:00'),
	(470, 'FELIX EDUARDO  ', 'LLIVISUPA INGA', '0912578986', '1972-12-21', 'exampla@correo.com', 1, 1, 1, 1, '""', '2021-06-25 00:00:00', '2021-06-25 00:00:00'),
	(471, 'MANUEL ALFONSO  ', 'CHILLOGALLO PARRA', '0942449760', '1996-06-03', 'exampla@correo.com', 1, 1, 1, 1, '""', '2021-06-25 00:00:00', '2021-06-25 00:00:00'),
	(472, 'SEGUNDO RAUL  ', 'CAYSABANDA GUAHAMBOZA', '0907107775', '1956-05-01', 'exampla@correo.com', 1, 1, 1, 1, '""', '2021-06-25 00:00:00', '2021-06-25 00:00:00'),
	(473, 'rewrw', 'erweeer', '4534534', '2021-06-10', '345345@erweer', 1, 1, 1, 0, '/storage/image/yPRQ9NMwmpLF4uAYALhSJvN1eyuGSaHXs9uM9I4L.png', '2021-06-28 15:09:30', '2021-06-28 15:37:28');
/*!40000 ALTER TABLE `clientes` ENABLE KEYS */;

-- Volcando estructura para tabla appquantika.compras
CREATE TABLE IF NOT EXISTS `compras` (
  `id` bigint(20) unsigned NOT NULL AUTO_INCREMENT,
  `factura` varchar(50) COLLATE utf8mb4_unicode_ci DEFAULT '00000',
  `iva` double(8,2) DEFAULT 0.00,
  `fecha` date DEFAULT current_timestamp(),
  `subtotal` double(8,2) DEFAULT 0.00,
  `total` double(8,2) DEFAULT 0.00,
  `proveedor_id` bigint(20) unsigned NOT NULL,
  `created_at` timestamp NULL DEFAULT NULL,
  `updated_at` timestamp NULL DEFAULT NULL,
  `status` tinyint(1) DEFAULT 1,
  PRIMARY KEY (`id`),
  KEY `compras_proveedor_id_foreign` (`proveedor_id`),
  CONSTRAINT `compras_proveedor_id_foreign` FOREIGN KEY (`proveedor_id`) REFERENCES `proveedors` (`id`) ON DELETE CASCADE
) ENGINE=InnoDB DEFAULT CHARSET=utf8mb4 COLLATE=utf8mb4_unicode_ci;

-- Volcando datos para la tabla appquantika.compras: ~0 rows (aproximadamente)
/*!40000 ALTER TABLE `compras` DISABLE KEYS */;
/*!40000 ALTER TABLE `compras` ENABLE KEYS */;

-- Volcando estructura para tabla appquantika.cuentasporcobrars
CREATE TABLE IF NOT EXISTS `cuentasporcobrars` (
  `id` bigint(20) unsigned NOT NULL AUTO_INCREMENT,
  `cclicontratocliente_id` bigint(20) unsigned NOT NULL,
  `saldo` double(8,2) DEFAULT 0.00,
  `abonado` double(8,2) DEFAULT 0.00,
  `fecha` date DEFAULT current_timestamp(),
  `status` tinyint(1) DEFAULT 1,
  `created_at` timestamp NULL DEFAULT NULL,
  `updated_at` timestamp NULL DEFAULT NULL,
  PRIMARY KEY (`id`),
  KEY `cuentasporcobrars_cclicontratocliente_id_foreign` (`cclicontratocliente_id`),
  CONSTRAINT `cuentasporcobrars_cclicontratocliente_id_foreign` FOREIGN KEY (`cclicontratocliente_id`) REFERENCES `cclicontratoclientes` (`id`)
) ENGINE=InnoDB AUTO_INCREMENT=7 DEFAULT CHARSET=utf8mb4 COLLATE=utf8mb4_unicode_ci;

-- Volcando datos para la tabla appquantika.cuentasporcobrars: ~1 rows (aproximadamente)
/*!40000 ALTER TABLE `cuentasporcobrars` DISABLE KEYS */;
INSERT INTO `cuentasporcobrars` (`id`, `cclicontratocliente_id`, `saldo`, `abonado`, `fecha`, `status`, `created_at`, `updated_at`) VALUES
	(4, 3, 7.00, 0.00, '2021-06-29', 0, '2021-06-29 10:03:51', '2021-06-29 10:03:51'),
	(5, 2, 0.00, 5.00, '2021-06-30', 1, '2021-06-29 10:45:57', '2021-06-29 10:45:57'),
	(6, 2, 0.00, 4.00, '2021-07-02', 0, '2021-07-02 11:33:20', '2021-07-02 11:33:20');
/*!40000 ALTER TABLE `cuentasporcobrars` ENABLE KEYS */;

-- Volcando estructura para tabla appquantika.detallecompras
CREATE TABLE IF NOT EXISTS `detallecompras` (
  `id` bigint(20) unsigned NOT NULL AUTO_INCREMENT,
  `cantidad` bigint(20) DEFAULT 0,
  `precio` double(8,2) DEFAULT 0.00,
  `totalprecio` double(8,2) DEFAULT 0.00,
  `compra_id` bigint(20) unsigned NOT NULL,
  `articulo_id` bigint(20) unsigned NOT NULL,
  `created_at` timestamp NULL DEFAULT NULL,
  `updated_at` timestamp NULL DEFAULT NULL,
  PRIMARY KEY (`id`),
  KEY `detallecompras_compra_id_foreign` (`compra_id`),
  KEY `detallecompras_articulo_id_foreign` (`articulo_id`),
  CONSTRAINT `detallecompras_articulo_id_foreign` FOREIGN KEY (`articulo_id`) REFERENCES `articulos` (`id`),
  CONSTRAINT `detallecompras_compra_id_foreign` FOREIGN KEY (`compra_id`) REFERENCES `compras` (`id`)
) ENGINE=InnoDB DEFAULT CHARSET=utf8mb4 COLLATE=utf8mb4_unicode_ci;

-- Volcando datos para la tabla appquantika.detallecompras: ~0 rows (aproximadamente)
/*!40000 ALTER TABLE `detallecompras` DISABLE KEYS */;
/*!40000 ALTER TABLE `detallecompras` ENABLE KEYS */;

-- Volcando estructura para tabla appquantika.detallecuentasporcobrars
CREATE TABLE IF NOT EXISTS `detallecuentasporcobrars` (
  `id` bigint(20) unsigned NOT NULL AUTO_INCREMENT,
  `cuentasporcobrar_id` bigint(20) unsigned NOT NULL,
  `recibo` varchar(255) COLLATE utf8mb4_unicode_ci DEFAULT '00000',
  `online` varchar(255) COLLATE utf8mb4_unicode_ci DEFAULT 'Online',
  `factura` varchar(255) COLLATE utf8mb4_unicode_ci DEFAULT 'Vacío',
  `observacion` varchar(255) COLLATE utf8mb4_unicode_ci DEFAULT 'Vacío',
  `banco` varchar(255) COLLATE utf8mb4_unicode_ci DEFAULT 'Vacío',
  `documento` varchar(255) COLLATE utf8mb4_unicode_ci DEFAULT 'Vacío',
  `fechadeposito` date DEFAULT current_timestamp(),
  `valorpagado` double(8,2) DEFAULT 0.00,
  `fechaapagar` varchar(255) COLLATE utf8mb4_unicode_ci DEFAULT 'Vacío',
  `archivo` varchar(255) COLLATE utf8mb4_unicode_ci DEFAULT 'Vacío',
  `parentezco` varchar(255) COLLATE utf8mb4_unicode_ci DEFAULT 'Familiar',
  `created_at` timestamp NULL DEFAULT NULL,
  `updated_at` timestamp NULL DEFAULT NULL,
  PRIMARY KEY (`id`),
  KEY `detallecuentasporcobrars_cuentasporcobrar_id_foreign` (`cuentasporcobrar_id`),
  CONSTRAINT `detallecuentasporcobrars_cuentasporcobrar_id_foreign` FOREIGN KEY (`cuentasporcobrar_id`) REFERENCES `cuentasporcobrars` (`id`)
) ENGINE=InnoDB AUTO_INCREMENT=7 DEFAULT CHARSET=utf8mb4 COLLATE=utf8mb4_unicode_ci;

-- Volcando datos para la tabla appquantika.detallecuentasporcobrars: ~1 rows (aproximadamente)
/*!40000 ALTER TABLE `detallecuentasporcobrars` DISABLE KEYS */;
INSERT INTO `detallecuentasporcobrars` (`id`, `cuentasporcobrar_id`, `recibo`, `online`, `factura`, `observacion`, `banco`, `documento`, `fechadeposito`, `valorpagado`, `fechaapagar`, `archivo`, `parentezco`, `created_at`, `updated_at`) VALUES
	(4, 4, '34', '4534', '34534', '34534', '435', '345', '2021-06-10', 15.00, 'Vacío', '/storage/documentos/g8fsnTLgJJrILks1FjNYa8WlULTSXJ1b0rrlGvfs.png', '34534', '2021-06-29 10:03:51', '2021-06-29 10:03:51'),
	(5, 5, '4543', '34534', '34534', '34534', '3453', '345', '2021-06-02', 22.00, 'Vacío', '/storage/documentos/HHQHuwH2qQPiSdPHhWGjiWwIksWQNZTVYxj6d9pa.jpg', NULL, '2021-06-29 10:45:57', '2021-06-29 10:45:57'),
	(6, 6, '656', NULL, NULL, NULL, NULL, NULL, NULL, 12.00, 'Vacío', 'Vacío', NULL, '2021-07-02 11:33:20', '2021-07-02 11:33:20');
/*!40000 ALTER TABLE `detallecuentasporcobrars` ENABLE KEYS */;

-- Volcando estructura para tabla appquantika.failed_jobs
CREATE TABLE IF NOT EXISTS `failed_jobs` (
  `id` bigint(20) unsigned NOT NULL AUTO_INCREMENT,
  `uuid` varchar(255) COLLATE utf8mb4_unicode_ci NOT NULL,
  `connection` text COLLATE utf8mb4_unicode_ci NOT NULL,
  `queue` text COLLATE utf8mb4_unicode_ci NOT NULL,
  `payload` longtext COLLATE utf8mb4_unicode_ci NOT NULL,
  `exception` longtext COLLATE utf8mb4_unicode_ci NOT NULL,
  `failed_at` timestamp NOT NULL DEFAULT current_timestamp(),
  PRIMARY KEY (`id`),
  UNIQUE KEY `failed_jobs_uuid_unique` (`uuid`)
) ENGINE=InnoDB DEFAULT CHARSET=utf8mb4 COLLATE=utf8mb4_unicode_ci;

-- Volcando datos para la tabla appquantika.failed_jobs: ~0 rows (aproximadamente)
/*!40000 ALTER TABLE `failed_jobs` DISABLE KEYS */;
/*!40000 ALTER TABLE `failed_jobs` ENABLE KEYS */;

-- Volcando estructura para tabla appquantika.gastocajas
CREATE TABLE IF NOT EXISTS `gastocajas` (
  `id` bigint(20) unsigned NOT NULL AUTO_INCREMENT,
  `descripcion` varchar(200) COLLATE utf8mb4_unicode_ci DEFAULT '',
  `nombre` varchar(200) COLLATE utf8mb4_unicode_ci DEFAULT '',
  `caja_id` bigint(20) unsigned NOT NULL,
  `monto` double(8,2) DEFAULT 0.00,
  `image` varchar(200) COLLATE utf8mb4_unicode_ci DEFAULT '',
  `observacion` varchar(100) COLLATE utf8mb4_unicode_ci DEFAULT '',
  `factura` varchar(100) COLLATE utf8mb4_unicode_ci DEFAULT '',
  `soporte` varchar(100) COLLATE utf8mb4_unicode_ci DEFAULT '',
  `created_at` timestamp NULL DEFAULT NULL,
  `updated_at` timestamp NULL DEFAULT NULL,
  PRIMARY KEY (`id`),
  KEY `gastocajas_caja_id_foreign` (`caja_id`),
  CONSTRAINT `gastocajas_caja_id_foreign` FOREIGN KEY (`caja_id`) REFERENCES `cajas` (`id`)
) ENGINE=InnoDB AUTO_INCREMENT=5 DEFAULT CHARSET=utf8mb4 COLLATE=utf8mb4_unicode_ci;

-- Volcando datos para la tabla appquantika.gastocajas: ~1 rows (aproximadamente)
/*!40000 ALTER TABLE `gastocajas` DISABLE KEYS */;
INSERT INTO `gastocajas` (`id`, `descripcion`, `nombre`, `caja_id`, `monto`, `image`, `observacion`, `factura`, `soporte`, `created_at`, `updated_at`) VALUES
	(2, 'Agua', 'VEHICULO', 5, 34.36, '/storage/gastoimage/EJvYcofjft5XhmISjWzdT50zccnKWt0S1gaZNvZ2.jpg', 'Fibra', '04544', 'FACTURA', '2021-06-29 10:16:06', '2021-06-29 10:16:06'),
	(4, '878', 'VEHICULO', 6, 34.36, '/storage/gastoimage/AX83lKTfT3hgPvQDVWKYHgwgErov5dSomxrqPq7e.png', '89', NULL, 'FACTURA', '2021-06-30 11:14:13', '2021-06-30 11:14:13');
/*!40000 ALTER TABLE `gastocajas` ENABLE KEYS */;

-- Volcando estructura para tabla appquantika.inventarios
CREATE TABLE IF NOT EXISTS `inventarios` (
  `id` bigint(20) unsigned NOT NULL AUTO_INCREMENT,
  `factura` varchar(50) COLLATE utf8mb4_unicode_ci DEFAULT '00000',
  `fecha` date DEFAULT current_timestamp(),
  `articulo_id` bigint(20) unsigned NOT NULL,
  `descripcion` text COLLATE utf8mb4_unicode_ci DEFAULT '',
  `incial` bigint(20) DEFAULT 0,
  `ingreso` bigint(20) DEFAULT 0,
  `articulosalida` bigint(20) DEFAULT 0,
  `existencia` bigint(20) DEFAULT 0,
  `usercrear` varchar(50) COLLATE utf8mb4_unicode_ci DEFAULT 'Aún sin dato',
  `usermodifica` varchar(50) COLLATE utf8mb4_unicode_ci DEFAULT 'Aún sin dato',
  `precio` double(8,2) DEFAULT 0.00,
  `created_at` timestamp NULL DEFAULT NULL,
  `updated_at` timestamp NULL DEFAULT NULL,
  PRIMARY KEY (`id`),
  KEY `inventarios_articulo_id_foreign` (`articulo_id`),
  CONSTRAINT `inventarios_articulo_id_foreign` FOREIGN KEY (`articulo_id`) REFERENCES `articulos` (`id`)
) ENGINE=InnoDB DEFAULT CHARSET=utf8mb4 COLLATE=utf8mb4_unicode_ci;

-- Volcando datos para la tabla appquantika.inventarios: ~0 rows (aproximadamente)
/*!40000 ALTER TABLE `inventarios` DISABLE KEYS */;
/*!40000 ALTER TABLE `inventarios` ENABLE KEYS */;

-- Volcando estructura para tabla appquantika.marcas
CREATE TABLE IF NOT EXISTS `marcas` (
  `id` bigint(20) unsigned NOT NULL AUTO_INCREMENT,
  `nombres` varchar(60) COLLATE utf8mb4_unicode_ci DEFAULT '',
  `status` tinyint(1) DEFAULT 1,
  `created_at` timestamp NULL DEFAULT NULL,
  `updated_at` timestamp NULL DEFAULT NULL,
  PRIMARY KEY (`id`)
) ENGINE=InnoDB DEFAULT CHARSET=utf8mb4 COLLATE=utf8mb4_unicode_ci;

-- Volcando datos para la tabla appquantika.marcas: ~0 rows (aproximadamente)
/*!40000 ALTER TABLE `marcas` DISABLE KEYS */;
/*!40000 ALTER TABLE `marcas` ENABLE KEYS */;

-- Volcando estructura para tabla appquantika.migrations
CREATE TABLE IF NOT EXISTS `migrations` (
  `id` int(10) unsigned NOT NULL AUTO_INCREMENT,
  `migration` varchar(255) COLLATE utf8mb4_unicode_ci NOT NULL,
  `batch` int(11) NOT NULL,
  PRIMARY KEY (`id`)
) ENGINE=InnoDB AUTO_INCREMENT=6 DEFAULT CHARSET=utf8mb4 COLLATE=utf8mb4_unicode_ci;

-- Volcando datos para la tabla appquantika.migrations: ~5 rows (aproximadamente)
/*!40000 ALTER TABLE `migrations` DISABLE KEYS */;
INSERT INTO `migrations` (`id`, `migration`, `batch`) VALUES
	(1, '2014_10_12_000000_create_users_table', 1),
	(2, '2014_10_12_100000_create_password_resets_table', 1),
	(3, '2019_08_19_000000_create_failed_jobs_table', 1),
	(4, '2021_03_29_143947_create_clientes_table', 1),
	(5, '2021_03_29_215445_create_permission_tables', 1);
/*!40000 ALTER TABLE `migrations` ENABLE KEYS */;

-- Volcando estructura para tabla appquantika.model_has_permissions
CREATE TABLE IF NOT EXISTS `model_has_permissions` (
  `permission_id` bigint(20) unsigned NOT NULL,
  `model_type` varchar(255) COLLATE utf8mb4_unicode_ci NOT NULL,
  `model_id` bigint(20) unsigned NOT NULL,
  PRIMARY KEY (`permission_id`,`model_id`,`model_type`),
  KEY `model_has_permissions_model_id_model_type_index` (`model_id`,`model_type`),
  CONSTRAINT `model_has_permissions_permission_id_foreign` FOREIGN KEY (`permission_id`) REFERENCES `permissions` (`id`) ON DELETE CASCADE
) ENGINE=InnoDB DEFAULT CHARSET=utf8mb4 COLLATE=utf8mb4_unicode_ci;

-- Volcando datos para la tabla appquantika.model_has_permissions: ~0 rows (aproximadamente)
/*!40000 ALTER TABLE `model_has_permissions` DISABLE KEYS */;
/*!40000 ALTER TABLE `model_has_permissions` ENABLE KEYS */;

-- Volcando estructura para tabla appquantika.model_has_roles
CREATE TABLE IF NOT EXISTS `model_has_roles` (
  `role_id` bigint(20) unsigned NOT NULL,
  `model_type` varchar(255) COLLATE utf8mb4_unicode_ci NOT NULL,
  `model_id` bigint(20) unsigned NOT NULL,
  PRIMARY KEY (`role_id`,`model_id`,`model_type`),
  KEY `model_has_roles_model_id_model_type_index` (`model_id`,`model_type`),
  CONSTRAINT `model_has_roles_role_id_foreign` FOREIGN KEY (`role_id`) REFERENCES `roles` (`id`) ON DELETE CASCADE
) ENGINE=InnoDB DEFAULT CHARSET=utf8mb4 COLLATE=utf8mb4_unicode_ci;

-- Volcando datos para la tabla appquantika.model_has_roles: ~7 rows (aproximadamente)
/*!40000 ALTER TABLE `model_has_roles` DISABLE KEYS */;
INSERT INTO `model_has_roles` (`role_id`, `model_type`, `model_id`) VALUES
	(2, 'App\\Models\\User', 1),
	(2, 'App\\Models\\User', 6),
	(3, 'App\\Models\\User', 4),
	(4, 'App\\Models\\User', 2),
	(4, 'App\\Models\\User', 3),
	(4, 'App\\Models\\User', 5),
	(4, 'App\\Models\\User', 7);
/*!40000 ALTER TABLE `model_has_roles` ENABLE KEYS */;

-- Volcando estructura para tabla appquantika.nominapagos
CREATE TABLE IF NOT EXISTS `nominapagos` (
  `id` bigint(20) unsigned NOT NULL AUTO_INCREMENT,
  `sueldo` varchar(255) COLLATE utf8mb4_unicode_ci DEFAULT '',
  `horasextras` varchar(255) COLLATE utf8mb4_unicode_ci DEFAULT '',
  `comisiones` varchar(255) COLLATE utf8mb4_unicode_ci DEFAULT '',
  `dialaborales` varchar(255) COLLATE utf8mb4_unicode_ci DEFAULT '',
  `liquido` varchar(255) COLLATE utf8mb4_unicode_ci DEFAULT '',
  `prestamosquirogramaiess` varchar(255) COLLATE utf8mb4_unicode_ci DEFAULT '',
  `descuentosinternet` varchar(255) COLLATE utf8mb4_unicode_ci DEFAULT '',
  `aporteiess` varchar(255) COLLATE utf8mb4_unicode_ci DEFAULT '',
  `prestamosyanticipos` varchar(255) COLLATE utf8mb4_unicode_ci DEFAULT '',
  `totaldescuentos` varchar(255) COLLATE utf8mb4_unicode_ci DEFAULT '',
  `rrhempleado_id` bigint(20) unsigned NOT NULL,
  `estado` tinyint(1) NOT NULL DEFAULT 1,
  `archivo` varchar(255) COLLATE utf8mb4_unicode_ci DEFAULT '',
  `created_at` timestamp NULL DEFAULT NULL,
  `updated_at` timestamp NULL DEFAULT NULL,
  PRIMARY KEY (`id`),
  KEY `nominapagos_rrhempleado_id_foreign` (`rrhempleado_id`),
  CONSTRAINT `nominapagos_rrhempleado_id_foreign` FOREIGN KEY (`rrhempleado_id`) REFERENCES `rrhempleados` (`id`) ON DELETE CASCADE
) ENGINE=InnoDB DEFAULT CHARSET=utf8mb4 COLLATE=utf8mb4_unicode_ci;

-- Volcando datos para la tabla appquantika.nominapagos: ~0 rows (aproximadamente)
/*!40000 ALTER TABLE `nominapagos` DISABLE KEYS */;
/*!40000 ALTER TABLE `nominapagos` ENABLE KEYS */;

-- Volcando estructura para tabla appquantika.novedads
CREATE TABLE IF NOT EXISTS `novedads` (
  `id` bigint(20) unsigned NOT NULL AUTO_INCREMENT,
  `horainciar` datetime NOT NULL,
  `fechavisita` date DEFAULT current_timestamp(),
  `horavisita` time DEFAULT current_timestamp(),
  `novedadopercance` tinyint(1) NOT NULL,
  `cclicontratocliente_id` bigint(20) unsigned NOT NULL,
  `created_at` timestamp NULL DEFAULT NULL,
  `updated_at` timestamp NULL DEFAULT NULL,
  `especificar` text COLLATE utf8mb4_unicode_ci DEFAULT NULL,
  `nombre` varchar(255) COLLATE utf8mb4_unicode_ci DEFAULT 'Sin Dato',
  `parentesco` varchar(100) COLLATE utf8mb4_unicode_ci DEFAULT 'Sin Dato',
  `tecnico` varchar(255) COLLATE utf8mb4_unicode_ci DEFAULT '0000000000',
  `celular` varchar(10) COLLATE utf8mb4_unicode_ci DEFAULT '0000000000',
  `estado` tinyint(1) NOT NULL DEFAULT 1,
  `eliminar` tinyint(1) NOT NULL DEFAULT 1,
  PRIMARY KEY (`id`),
  KEY `novedads_cclicontratocliente_id_foreign` (`cclicontratocliente_id`),
  CONSTRAINT `novedads_cclicontratocliente_id_foreign` FOREIGN KEY (`cclicontratocliente_id`) REFERENCES `cclicontratoclientes` (`id`) ON DELETE CASCADE
) ENGINE=InnoDB AUTO_INCREMENT=5 DEFAULT CHARSET=utf8mb4 COLLATE=utf8mb4_unicode_ci;

-- Volcando datos para la tabla appquantika.novedads: ~2 rows (aproximadamente)
/*!40000 ALTER TABLE `novedads` DISABLE KEYS */;
INSERT INTO `novedads` (`id`, `horainciar`, `fechavisita`, `horavisita`, `novedadopercance`, `cclicontratocliente_id`, `created_at`, `updated_at`, `especificar`, `nombre`, `parentesco`, `tecnico`, `celular`, `estado`, `eliminar`) VALUES
	(2, '2021-07-05 09:10:00', '2021-07-12', '00:09:00', 10, 2, '2021-07-05 09:10:00', '2021-07-08 17:35:41', 'Sin especificar', 'VEHICULO', '454545', 'ANGELO MARCOS AVILES VALENZUELA', '0927990242', 1, 0),
	(3, '2021-07-05 09:10:50', '2021-07-05', '11:10:00', 10, 472, '2021-07-05 09:10:50', '2021-07-14 11:04:39', 'Sin especificar', 'VEHICULO', '454545', 'ANGELO MARCOS AVILES VALENZUELA', '0927990242', 1, 0),
	(4, '2021-07-05 09:11:28', '2021-07-05', '12:15:00', 5, 2, '2021-07-05 09:11:28', '2021-07-14 10:34:58', 'Sin especificar', 'VEHICULO', '454545', 'ANGELO MARCOS AVILES VALENZUELA', '0927990242', 1, 0);
/*!40000 ALTER TABLE `novedads` ENABLE KEYS */;

-- Volcando estructura para tabla appquantika.password_resets
CREATE TABLE IF NOT EXISTS `password_resets` (
  `email` varchar(255) COLLATE utf8mb4_unicode_ci NOT NULL,
  `token` varchar(255) COLLATE utf8mb4_unicode_ci NOT NULL,
  `created_at` timestamp NULL DEFAULT NULL,
  KEY `password_resets_email_index` (`email`)
) ENGINE=InnoDB DEFAULT CHARSET=utf8mb4 COLLATE=utf8mb4_unicode_ci;

-- Volcando datos para la tabla appquantika.password_resets: ~0 rows (aproximadamente)
/*!40000 ALTER TABLE `password_resets` DISABLE KEYS */;
/*!40000 ALTER TABLE `password_resets` ENABLE KEYS */;

-- Volcando estructura para tabla appquantika.permissions
CREATE TABLE IF NOT EXISTS `permissions` (
  `id` bigint(20) unsigned NOT NULL AUTO_INCREMENT,
  `name` varchar(255) COLLATE utf8mb4_unicode_ci NOT NULL,
  `guard_name` varchar(255) COLLATE utf8mb4_unicode_ci NOT NULL,
  `created_at` timestamp NULL DEFAULT NULL,
  `updated_at` timestamp NULL DEFAULT NULL,
  PRIMARY KEY (`id`),
  UNIQUE KEY `permissions_name_guard_name_unique` (`name`,`guard_name`)
) ENGINE=InnoDB AUTO_INCREMENT=27 DEFAULT CHARSET=utf8mb4 COLLATE=utf8mb4_unicode_ci;

-- Volcando datos para la tabla appquantika.permissions: ~26 rows (aproximadamente)
/*!40000 ALTER TABLE `permissions` DISABLE KEYS */;
INSERT INTO `permissions` (`id`, `name`, `guard_name`, `created_at`, `updated_at`) VALUES
	(1, 'provincias.provincialistar', 'web', '2021-06-25 11:10:53', '2021-06-25 11:10:53'),
	(2, 'provincias.create', 'web', '2021-06-25 11:10:53', '2021-06-25 11:10:53'),
	(3, 'provincias.ingresar', 'web', '2021-06-25 11:10:53', '2021-06-25 11:10:53'),
	(4, 'provincias.editar', 'web', '2021-06-25 11:10:53', '2021-06-25 11:10:53'),
	(5, 'provincias.update', 'web', '2021-06-25 11:10:53', '2021-06-25 11:10:53'),
	(6, 'cantons.cantonlistar', 'web', '2021-06-25 11:10:53', '2021-06-25 11:10:53'),
	(7, 'cantons.create', 'web', '2021-06-25 11:10:53', '2021-06-25 11:10:53'),
	(8, 'cantons.ingresar', 'web', '2021-06-25 11:10:53', '2021-06-25 11:10:53'),
	(9, 'cantons.editar', 'web', '2021-06-25 11:10:53', '2021-06-25 11:10:53'),
	(10, 'cantons.update', 'web', '2021-06-25 11:10:53', '2021-06-25 11:10:53'),
	(11, 'clientes.index', 'web', '2021-06-25 11:10:53', '2021-06-25 11:10:53'),
	(12, 'clientes.create', 'web', '2021-06-25 11:10:53', '2021-06-25 11:10:53'),
	(13, 'clientes.edit', 'web', '2021-06-25 11:10:53', '2021-06-25 11:10:53'),
	(14, 'clientes.destroy', 'web', '2021-06-25 11:10:53', '2021-06-25 11:10:53'),
	(15, 'pdfclieente.clientespdfall', 'web', '2021-06-25 11:10:53', '2021-06-25 11:10:53'),
	(16, 'pdfclieente.clientegetone', 'web', '2021-06-25 11:10:53', '2021-06-25 11:10:53'),
	(17, 'novedads.index', 'web', '2021-06-25 11:10:53', '2021-06-25 11:10:53'),
	(18, 'novedads.create', 'web', '2021-06-25 11:10:53', '2021-06-25 11:10:53'),
	(19, 'novedads.edit', 'web', '2021-06-25 11:10:53', '2021-06-25 11:10:53'),
	(20, 'novedads.destroy', 'web', '2021-06-25 11:10:53', '2021-06-25 11:10:53'),
	(21, 'pdfnovedad.novedadall', 'web', '2021-06-25 11:10:53', '2021-06-25 11:10:53'),
	(22, 'pdfnovedad.novedadgetone', 'web', '2021-06-25 11:10:53', '2021-06-25 11:10:53'),
	(23, 'soportes.index', 'web', '2021-06-25 11:10:53', '2021-06-25 11:10:53'),
	(24, 'soportes.create', 'web', '2021-06-25 11:10:53', '2021-06-25 11:10:53'),
	(25, 'soportes.edit', 'web', '2021-06-25 11:10:53', '2021-06-25 11:10:53'),
	(26, 'soportes.destroy', 'web', '2021-06-25 11:10:53', '2021-06-25 11:10:53');
/*!40000 ALTER TABLE `permissions` ENABLE KEYS */;

-- Volcando estructura para tabla appquantika.promociondetalles
CREATE TABLE IF NOT EXISTS `promociondetalles` (
  `id` bigint(20) unsigned NOT NULL AUTO_INCREMENT,
  `promocion_id` bigint(20) unsigned NOT NULL,
  `cclicontratocliente_id` bigint(20) unsigned NOT NULL,
  `created_at` timestamp NULL DEFAULT NULL,
  `updated_at` timestamp NULL DEFAULT NULL,
  PRIMARY KEY (`id`) USING BTREE,
  KEY `promociondetalles_promocion_id_foreign` (`promocion_id`) USING BTREE,
  KEY `promociondetalles_cclicontratocliente_id_foreign` (`cclicontratocliente_id`) USING BTREE,
  CONSTRAINT `promociondetalles_cclicontratocliente_id_foreign` FOREIGN KEY (`cclicontratocliente_id`) REFERENCES `cclicontratoclientes` (`id`),
  CONSTRAINT `promociondetalles_promocion_id_foreign` FOREIGN KEY (`promocion_id`) REFERENCES `promocions` (`id`)
) ENGINE=InnoDB AUTO_INCREMENT=7 DEFAULT CHARSET=utf8mb4 COLLATE=utf8mb4_unicode_ci;

-- Volcando datos para la tabla appquantika.promociondetalles: ~2 rows (aproximadamente)
/*!40000 ALTER TABLE `promociondetalles` DISABLE KEYS */;
INSERT INTO `promociondetalles` (`id`, `promocion_id`, `cclicontratocliente_id`, `created_at`, `updated_at`) VALUES
	(3, 2, 2, '2021-07-09 14:50:07', '2021-07-09 14:50:08'),
	(6, 1, 1, '2021-07-09 15:08:58', '2021-07-09 15:08:59');
/*!40000 ALTER TABLE `promociondetalles` ENABLE KEYS */;

-- Volcando estructura para tabla appquantika.promocions
CREATE TABLE IF NOT EXISTS `promocions` (
  `id` bigint(20) unsigned NOT NULL AUTO_INCREMENT,
  `titulo` varchar(60) COLLATE utf8mb4_unicode_ci DEFAULT '',
  `descripcion` text COLLATE utf8mb4_unicode_ci DEFAULT '',
  `fechainicio` date DEFAULT current_timestamp(),
  `fechafinal` date DEFAULT current_timestamp(),
  `servicio` tinyint(1) DEFAULT 1,
  `contratocliente` bigint(20) unsigned DEFAULT 0,
  `status` tinyint(1) DEFAULT 1,
  `created_at` timestamp NULL DEFAULT NULL,
  `updated_at` timestamp NULL DEFAULT NULL,
  PRIMARY KEY (`id`) USING BTREE
) ENGINE=InnoDB AUTO_INCREMENT=3 DEFAULT CHARSET=utf8mb4 COLLATE=utf8mb4_unicode_ci;

-- Volcando datos para la tabla appquantika.promocions: ~0 rows (aproximadamente)
/*!40000 ALTER TABLE `promocions` DISABLE KEYS */;
INSERT INTO `promocions` (`id`, `titulo`, `descripcion`, `fechainicio`, `fechafinal`, `servicio`, `contratocliente`, `status`, `created_at`, `updated_at`) VALUES
	(1, 'peñafiel', 'roja', '2021-07-08', '2021-07-10', 0, 0, 1, '2021-07-08 15:53:48', '2021-07-09 11:46:06'),
	(2, 'reteret', '34534534', '2021-07-08', '2021-09-29', 0, 1, 1, '2021-07-08 16:00:07', '2021-07-08 16:00:07');
/*!40000 ALTER TABLE `promocions` ENABLE KEYS */;

-- Volcando estructura para tabla appquantika.proveedors
CREATE TABLE IF NOT EXISTS `proveedors` (
  `id` bigint(20) unsigned NOT NULL AUTO_INCREMENT,
  `nombres` varchar(70) COLLATE utf8mb4_unicode_ci DEFAULT 'Sin Valor',
  `direccion` varchar(80) COLLATE utf8mb4_unicode_ci DEFAULT 'Sin Valor',
  `cedula` varchar(13) COLLATE utf8mb4_unicode_ci DEFAULT '0000000',
  `email` varchar(50) COLLATE utf8mb4_unicode_ci DEFAULT '@',
  `status` tinyint(1) DEFAULT 1,
  `telefono` varchar(10) COLLATE utf8mb4_unicode_ci DEFAULT '0000000',
  `created_at` timestamp NULL DEFAULT NULL,
  `updated_at` timestamp NULL DEFAULT NULL,
  PRIMARY KEY (`id`)
) ENGINE=InnoDB DEFAULT CHARSET=utf8mb4 COLLATE=utf8mb4_unicode_ci;

-- Volcando datos para la tabla appquantika.proveedors: ~0 rows (aproximadamente)
/*!40000 ALTER TABLE `proveedors` DISABLE KEYS */;
/*!40000 ALTER TABLE `proveedors` ENABLE KEYS */;

-- Volcando estructura para tabla appquantika.provincias
CREATE TABLE IF NOT EXISTS `provincias` (
  `id` bigint(20) unsigned NOT NULL AUTO_INCREMENT,
  `name` varchar(50) COLLATE utf8mb4_unicode_ci NOT NULL,
  `created_at` timestamp NULL DEFAULT NULL,
  `updated_at` timestamp NULL DEFAULT NULL,
  PRIMARY KEY (`id`),
  UNIQUE KEY `provincias_name_unique` (`name`)
) ENGINE=InnoDB AUTO_INCREMENT=2 DEFAULT CHARSET=utf8mb4 COLLATE=utf8mb4_unicode_ci;

-- Volcando datos para la tabla appquantika.provincias: ~0 rows (aproximadamente)
/*!40000 ALTER TABLE `provincias` DISABLE KEYS */;
INSERT INTO `provincias` (`id`, `name`, `created_at`, `updated_at`) VALUES
	(1, 'GUAYAS', '2021-04-28 11:20:50', '2021-04-28 11:20:50');
/*!40000 ALTER TABLE `provincias` ENABLE KEYS */;

-- Volcando estructura para tabla appquantika.roles
CREATE TABLE IF NOT EXISTS `roles` (
  `id` bigint(20) unsigned NOT NULL AUTO_INCREMENT,
  `name` varchar(255) COLLATE utf8mb4_unicode_ci NOT NULL,
  `guard_name` varchar(255) COLLATE utf8mb4_unicode_ci NOT NULL,
  `created_at` timestamp NULL DEFAULT NULL,
  `updated_at` timestamp NULL DEFAULT NULL,
  PRIMARY KEY (`id`),
  UNIQUE KEY `roles_name_guard_name_unique` (`name`,`guard_name`)
) ENGINE=InnoDB AUTO_INCREMENT=5 DEFAULT CHARSET=utf8mb4 COLLATE=utf8mb4_unicode_ci;

-- Volcando datos para la tabla appquantika.roles: ~4 rows (aproximadamente)
/*!40000 ALTER TABLE `roles` DISABLE KEYS */;
INSERT INTO `roles` (`id`, `name`, `guard_name`, `created_at`, `updated_at`) VALUES
	(1, 'Gerente', 'web', '2021-06-25 11:10:53', '2021-06-25 11:10:53'),
	(2, 'Administrativo', 'web', '2021-06-25 11:10:53', '2021-06-25 11:10:53'),
	(3, 'Soporte', 'web', '2021-06-25 11:10:53', '2021-06-25 11:10:53'),
	(4, 'Soporte1', 'web', '2021-06-25 11:10:53', '2021-06-25 11:10:53');
/*!40000 ALTER TABLE `roles` ENABLE KEYS */;

-- Volcando estructura para tabla appquantika.role_has_permissions
CREATE TABLE IF NOT EXISTS `role_has_permissions` (
  `permission_id` bigint(20) unsigned NOT NULL,
  `role_id` bigint(20) unsigned NOT NULL,
  PRIMARY KEY (`permission_id`,`role_id`),
  KEY `role_has_permissions_role_id_foreign` (`role_id`),
  CONSTRAINT `role_has_permissions_permission_id_foreign` FOREIGN KEY (`permission_id`) REFERENCES `permissions` (`id`) ON DELETE CASCADE,
  CONSTRAINT `role_has_permissions_role_id_foreign` FOREIGN KEY (`role_id`) REFERENCES `roles` (`id`) ON DELETE CASCADE
) ENGINE=InnoDB DEFAULT CHARSET=utf8mb4 COLLATE=utf8mb4_unicode_ci;

-- Volcando datos para la tabla appquantika.role_has_permissions: ~66 rows (aproximadamente)
/*!40000 ALTER TABLE `role_has_permissions` DISABLE KEYS */;
INSERT INTO `role_has_permissions` (`permission_id`, `role_id`) VALUES
	(1, 1),
	(1, 2),
	(2, 1),
	(2, 2),
	(3, 1),
	(3, 2),
	(4, 1),
	(4, 2),
	(5, 1),
	(5, 2),
	(6, 1),
	(6, 2),
	(7, 1),
	(7, 2),
	(8, 1),
	(8, 2),
	(9, 1),
	(9, 2),
	(10, 1),
	(10, 2),
	(11, 1),
	(11, 2),
	(12, 1),
	(12, 2),
	(13, 1),
	(13, 2),
	(14, 1),
	(14, 2),
	(15, 1),
	(15, 2),
	(16, 1),
	(16, 2),
	(17, 1),
	(17, 2),
	(17, 3),
	(18, 1),
	(18, 2),
	(18, 3),
	(19, 1),
	(19, 2),
	(19, 3),
	(20, 1),
	(20, 2),
	(20, 3),
	(21, 1),
	(21, 2),
	(21, 3),
	(22, 1),
	(22, 2),
	(22, 3),
	(23, 1),
	(23, 2),
	(23, 3),
	(23, 4),
	(24, 1),
	(24, 2),
	(24, 3),
	(24, 4),
	(25, 1),
	(25, 2),
	(25, 3),
	(25, 4),
	(26, 1),
	(26, 2),
	(26, 3),
	(26, 4);
/*!40000 ALTER TABLE `role_has_permissions` ENABLE KEYS */;

-- Volcando estructura para tabla appquantika.rrhareas
CREATE TABLE IF NOT EXISTS `rrhareas` (
  `id` bigint(20) unsigned NOT NULL AUTO_INCREMENT,
  `nombre` varchar(50) COLLATE utf8mb4_unicode_ci NOT NULL,
  `estado` tinyint(1) NOT NULL DEFAULT 1,
  `created_at` timestamp NULL DEFAULT NULL,
  `updated_at` timestamp NULL DEFAULT NULL,
  PRIMARY KEY (`id`)
) ENGINE=InnoDB AUTO_INCREMENT=4 DEFAULT CHARSET=utf8mb4 COLLATE=utf8mb4_unicode_ci;

-- Volcando datos para la tabla appquantika.rrhareas: ~3 rows (aproximadamente)
/*!40000 ALTER TABLE `rrhareas` DISABLE KEYS */;
INSERT INTO `rrhareas` (`id`, `nombre`, `estado`, `created_at`, `updated_at`) VALUES
	(1, 'Departamento de Sistemas', 1, '2021-04-28 11:43:58', '2021-04-28 11:43:58'),
	(2, 'Departamento de Atención al Cliente', 1, '2021-04-28 11:44:13', '2021-04-28 11:44:13'),
	(3, 'Departamento de Soporte', 1, '2021-04-28 11:44:25', '2021-04-28 11:44:32');
/*!40000 ALTER TABLE `rrhareas` ENABLE KEYS */;

-- Volcando estructura para tabla appquantika.rrhasistencias
CREATE TABLE IF NOT EXISTS `rrhasistencias` (
  `id` bigint(20) unsigned NOT NULL AUTO_INCREMENT,
  `fecha` date DEFAULT current_timestamp(),
  `horaentrada` time DEFAULT NULL,
  `horasalidaalmuerzo` time DEFAULT NULL,
  `horaentralmuezo` time DEFAULT NULL,
  `horasalida` time DEFAULT NULL,
  `rrhempleado_id` bigint(20) unsigned NOT NULL,
  `estado` tinyint(1) NOT NULL DEFAULT 1,
  `totalhoras` time DEFAULT NULL,
  `created_at` timestamp NULL DEFAULT NULL,
  `updated_at` timestamp NULL DEFAULT NULL,
  PRIMARY KEY (`id`),
  KEY `rrhasistencias_rrhempleado_id_foreign` (`rrhempleado_id`),
  CONSTRAINT `rrhasistencias_rrhempleado_id_foreign` FOREIGN KEY (`rrhempleado_id`) REFERENCES `rrhempleados` (`id`) ON DELETE CASCADE
) ENGINE=InnoDB AUTO_INCREMENT=291 DEFAULT CHARSET=utf8mb4 COLLATE=utf8mb4_unicode_ci;

-- Volcando datos para la tabla appquantika.rrhasistencias: ~258 rows (aproximadamente)
/*!40000 ALTER TABLE `rrhasistencias` DISABLE KEYS */;
INSERT INTO `rrhasistencias` (`id`, `fecha`, `horaentrada`, `horasalidaalmuerzo`, `horaentralmuezo`, `horasalida`, `rrhempleado_id`, `estado`, `totalhoras`, `created_at`, `updated_at`) VALUES
	(33, '2021-05-10', '09:00:00', '14:06:15', NULL, NULL, 1, 1, '00:00:05', '2021-05-10 14:04:53', '2021-05-10 14:06:15'),
	(34, '2021-05-11', '08:55:24', '13:23:26', '14:17:36', '17:39:40', 5, 1, '07:50:07', '2021-05-11 08:55:24', '2021-05-11 17:39:40'),
	(35, '2021-05-11', '08:55:43', '12:53:40', '13:55:43', '17:48:24', 3, 1, '07:49:06', '2021-05-11 08:55:43', '2021-05-11 17:48:24'),
	(36, '2021-05-11', '08:58:01', '12:31:56', '13:29:30', '17:39:06', 2, 1, '07:42:07', '2021-05-11 08:58:01', '2021-05-11 17:39:06'),
	(37, '2021-05-11', '08:58:55', '12:32:25', '13:28:50', '17:40:44', 7, 1, '07:44:07', '2021-05-11 08:58:55', '2021-05-11 17:40:44'),
	(38, '2021-05-11', '08:59:56', '13:04:47', '13:50:54', '17:34:46', 1, 1, '07:47:07', '2021-05-11 08:59:56', '2021-05-11 17:34:46'),
	(39, '2021-05-11', '09:00:37', '12:09:11', '13:14:02', '17:38:47', 4, 1, '07:32:07', '2021-05-11 09:00:37', '2021-05-11 17:38:47'),
	(40, '2021-05-12', '08:46:37', '13:06:01', '14:05:07', '17:31:59', 5, 1, '07:46:16', '2021-05-12 08:46:37', '2021-05-12 17:31:59'),
	(41, '2021-05-12', '08:51:53', '13:35:10', '14:33:49', '18:08:03', 2, 1, '08:17:31', '2021-05-12 08:51:53', '2021-05-12 18:08:03'),
	(42, '2021-05-12', '08:54:12', '13:00:02', '13:51:01', '17:33:04', 1, 1, '07:47:53', '2021-05-12 08:54:12', '2021-05-12 17:33:04'),
	(43, '2021-05-12', '09:00:17', '12:06:40', '12:58:54', '17:36:14', 4, 1, '07:43:43', '2021-05-12 09:00:17', '2021-05-12 17:36:14'),
	(44, '2021-05-12', '09:00:31', '13:36:04', '14:32:27', '18:08:17', 7, 1, '08:11:23', '2021-05-12 09:00:31', '2021-05-12 18:08:17'),
	(45, '2021-05-12', '09:01:55', '12:19:26', '13:28:02', '18:07:46', 3, 1, '07:57:15', '2021-05-12 09:01:55', '2021-05-12 18:07:46'),
	(46, '2021-05-13', '08:51:49', '13:08:00', '13:59:37', '17:35:19', 5, 1, '07:51:53', '2021-05-13 08:51:49', '2021-05-13 17:35:19'),
	(47, '2021-05-13', '08:52:13', '14:19:27', '15:16:32', '18:12:34', 2, 1, '08:23:16', '2021-05-13 08:52:13', '2021-05-13 18:12:34'),
	(48, '2021-05-13', '08:53:13', '13:00:21', '13:55:14', '17:31:16', 1, 1, '07:43:10', '2021-05-13 08:53:13', '2021-05-13 17:31:16'),
	(49, '2021-05-13', '09:00:36', '14:19:07', '15:17:54', '18:12:56', 7, 1, '08:13:33', '2021-05-13 09:00:36', '2021-05-13 18:12:56'),
	(50, '2021-05-13', '09:02:29', '12:02:24', '13:00:09', '17:34:25', 4, 1, '07:34:11', '2021-05-13 09:02:29', '2021-05-13 17:34:25'),
	(51, '2021-05-13', '09:05:18', '14:14:44', '15:13:30', '18:13:52', 3, 1, '08:09:48', '2021-05-13 09:05:18', '2021-05-13 18:13:52'),
	(52, '2021-05-13', '09:00:00', '14:18:06', '15:14:01', '18:14:20', 8, 1, '08:18:25', '2021-05-13 09:00:00', '2021-05-13 18:14:20'),
	(53, '2021-05-14', '08:49:56', '13:16:23', '14:17:22', '17:31:24', 5, 1, '07:40:29', '2021-05-14 08:49:56', '2021-05-14 17:31:24'),
	(54, '2021-05-14', '08:55:38', '13:15:36', '14:14:53', '17:30:06', 2, 1, '07:35:11', '2021-05-14 08:55:38', '2021-05-14 17:30:06'),
	(55, '2021-05-14', '08:58:05', '13:16:02', '14:11:03', '17:30:26', 8, 1, '07:37:20', '2021-05-14 08:58:05', '2021-05-14 17:30:26'),
	(56, '2021-05-14', '08:58:23', '13:15:22', '14:12:01', '17:30:05', 7, 1, '07:35:03', '2021-05-14 08:58:23', '2021-05-14 17:30:05'),
	(57, '2021-05-14', '08:58:51', '13:16:05', '14:18:53', '17:30:46', 1, 1, '07:29:07', '2021-05-14 08:58:51', '2021-05-14 17:30:46'),
	(58, '2021-05-14', '09:05:33', '12:11:05', '13:07:45', '17:30:40', 4, 1, '07:28:27', '2021-05-14 09:05:33', '2021-05-14 17:30:40'),
	(59, '2021-05-14', '09:08:19', '13:15:06', '14:18:40', '17:30:19', 3, 1, '07:18:26', '2021-05-14 09:08:19', '2021-05-14 17:30:19'),
	(60, '2021-05-15', '08:50:02', '13:24:24', '13:24:35', '13:24:53', 5, 1, '04:34:40', '2021-05-15 08:50:02', '2021-05-15 13:24:53'),
	(61, '2021-05-15', '08:59:45', '12:35:23', '13:32:36', '17:37:14', 2, 1, '07:40:16', '2021-05-15 08:59:45', '2021-05-15 17:37:14'),
	(62, '2021-05-15', '09:04:28', '12:34:29', '13:30:17', '17:37:30', 7, 1, '07:37:14', '2021-05-15 09:04:28', '2021-05-15 17:37:30'),
	(63, '2021-05-15', '09:11:56', '12:36:37', '13:32:12', '17:36:58', 8, 1, '07:29:27', '2021-05-15 09:11:56', '2021-05-15 17:36:58'),
	(64, '2021-05-15', '09:12:09', '12:36:14', '13:31:13', '17:36:36', 3, 1, '07:29:28', '2021-05-15 09:12:09', '2021-05-15 17:36:36'),
	(65, '2021-05-16', '08:53:27', '13:41:32', '14:26:02', '17:39:42', 2, 1, '08:01:45', '2021-05-16 08:53:27', '2021-05-16 17:39:42'),
	(66, '2021-05-16', '08:53:49', '13:41:04', '14:25:23', '17:38:58', 3, 1, '08:00:50', '2021-05-16 08:53:49', '2021-05-16 17:38:58'),
	(67, '2021-05-16', '08:54:07', '13:41:17', '14:25:40', '17:39:12', 8, 1, '08:00:42', '2021-05-16 08:54:07', '2021-05-16 17:39:12'),
	(68, '2021-05-16', '08:54:29', '13:41:51', '14:26:20', '17:39:57', 7, 1, '08:00:59', '2021-05-16 08:54:29', '2021-05-16 17:39:57'),
	(69, '2021-05-17', '08:53:44', '13:21:58', '14:19:40', '17:50:23', 5, 1, '07:58:57', '2021-05-17 08:53:44', '2021-05-17 17:50:23'),
	(70, '2021-05-17', '08:58:57', '13:05:50', '14:01:01', NULL, 1, 1, '04:06:53', '2021-05-17 08:58:57', '2021-05-17 15:01:01'),
	(71, '2021-05-17', '08:59:13', '13:46:24', '14:45:57', '17:49:54', 2, 1, '07:51:08', '2021-05-17 08:59:13', '2021-05-17 17:49:54'),
	(72, '2021-05-17', '08:59:39', '13:45:44', '14:47:07', '17:50:22', 7, 1, '07:49:20', '2021-05-17 08:59:39', '2021-05-17 17:50:22'),
	(73, '2021-05-17', '09:01:58', '13:47:29', '14:49:33', '17:51:25', 3, 1, '07:47:23', '2021-05-17 09:01:58', '2021-05-17 17:51:25'),
	(74, '2021-05-17', '09:03:15', '12:07:46', '13:15:48', '17:50:01', 4, 1, '07:38:44', '2021-05-17 09:03:15', '2021-05-17 17:50:01'),
	(75, '2021-05-17', '09:06:51', '13:47:00', '14:48:59', '17:50:53', 8, 1, '07:42:03', '2021-05-17 09:06:51', '2021-05-17 17:50:53'),
	(76, '2021-05-18', '08:59:47', '13:21:29', '14:17:37', '17:59:00', 2, 1, '08:03:05', '2021-05-18 09:00:02', '2021-05-18 17:59:00'),
	(77, '2021-05-18', '09:00:23', '13:21:14', '14:24:00', '17:58:49', 7, 1, '07:55:40', '2021-05-18 09:00:28', '2021-05-18 17:58:49'),
	(78, '2021-05-18', '09:00:20', '13:22:47', '14:23:31', '18:40:14', 8, 1, '08:39:10', '2021-05-18 09:01:13', '2021-05-18 18:40:14'),
	(79, '2021-05-18', '08:58:00', '12:59:14', '13:55:51', '17:33:20', 1, 1, '07:38:43', '2021-05-18 09:02:14', '2021-05-18 17:33:20'),
	(80, '2021-05-18', '09:00:00', '12:04:42', '13:04:06', '17:34:49', 4, 1, '07:35:25', '2021-05-18 09:03:54', '2021-05-18 17:34:49'),
	(81, '2021-05-18', '09:00:00', '13:24:12', '14:25:27', '18:40:28', 3, 1, '08:39:13', '2021-05-18 09:04:25', '2021-05-18 18:40:28'),
	(82, '2021-05-18', '09:05:09', '13:12:02', '14:15:29', '17:36:11', 5, 1, '07:27:35', '2021-05-18 09:05:09', '2021-05-18 17:36:11'),
	(83, '2021-05-19', '08:51:52', '13:21:00', '14:22:20', '17:32:49', 5, 1, '07:39:37', '2021-05-19 08:51:52', '2021-05-19 17:32:49'),
	(84, '2021-05-19', '08:58:02', '12:46:07', '13:47:01', '18:10:12', 7, 1, '08:11:16', '2021-05-19 08:58:02', '2021-05-19 18:10:12'),
	(85, '2021-05-19', '08:58:02', '12:45:41', '13:46:43', '18:08:50', 2, 1, '08:09:46', '2021-05-19 08:58:02', '2021-05-19 18:08:50'),
	(86, '2021-05-19', '08:58:09', '12:56:59', '13:57:02', '17:32:44', 1, 1, '07:34:32', '2021-05-19 08:58:09', '2021-05-19 17:32:44'),
	(87, '2021-05-19', '09:00:55', '12:15:16', '13:17:10', '18:40:27', 8, 1, '08:37:38', '2021-05-19 09:00:55', '2021-05-19 18:40:27'),
	(88, '2021-05-19', '09:05:55', '12:15:39', '13:18:36', '17:32:13', 4, 1, '07:23:21', '2021-05-19 09:05:55', '2021-05-19 17:32:13'),
	(89, '2021-05-19', '09:06:05', '12:14:56', '13:22:34', '18:40:55', 3, 1, '08:27:12', '2021-05-19 09:06:05', '2021-05-19 18:40:55'),
	(90, '2021-05-20', '08:49:37', '13:17:40', '14:16:45', '17:30:54', 5, 1, '07:42:12', '2021-05-20 08:49:37', '2021-05-20 17:30:54'),
	(91, '2021-05-20', '08:50:39', '12:10:07', '13:11:18', '17:30:19', 4, 1, '07:38:29', '2021-05-20 08:50:39', '2021-05-20 17:30:19'),
	(92, '2021-05-20', '08:54:27', '12:53:54', '13:50:24', '17:30:51', 1, 1, '07:39:54', '2021-05-20 08:54:27', '2021-05-20 17:30:51'),
	(93, '2021-05-20', '08:56:05', '13:17:44', '14:14:36', '17:47:39', 2, 1, '07:54:42', '2021-05-20 08:56:05', '2021-05-20 17:47:39'),
	(94, '2021-05-20', '08:59:01', '13:18:25', '14:18:16', '17:46:32', 7, 1, '07:47:40', '2021-05-20 08:59:01', '2021-05-20 17:46:32'),
	(95, '2021-05-20', '09:00:47', '14:32:50', '15:37:59', '17:45:25', 3, 1, '07:39:29', '2021-05-20 09:00:47', '2021-05-20 17:45:25'),
	(96, '2021-05-20', '09:02:10', '14:33:02', '15:35:41', '17:45:10', 8, 1, '07:40:21', '2021-05-20 09:02:10', '2021-05-20 17:45:10'),
	(97, '2021-05-21', '08:53:34', '13:22:27', '14:18:34', '17:32:56', 5, 1, '07:43:15', '2021-05-21 08:53:34', '2021-05-21 17:32:56'),
	(98, '2021-05-21', '08:54:30', '12:38:21', '13:36:28', '18:11:51', 2, 1, '08:19:14', '2021-05-21 08:54:30', '2021-05-21 18:11:51'),
	(99, '2021-05-21', '08:57:39', '12:39:17', '13:32:00', '17:46:45', 1, 1, '07:56:23', '2021-05-21 08:57:39', '2021-05-21 17:46:45'),
	(100, '2021-05-21', '08:59:30', '12:38:51', '13:47:27', '17:50:23', 3, 1, '07:42:17', '2021-05-21 08:59:30', '2021-05-21 17:50:23'),
	(101, '2021-05-21', '08:59:52', '12:37:52', '14:03:28', '17:51:06', 7, 1, '07:25:38', '2021-05-21 08:59:52', '2021-05-21 17:51:06'),
	(102, '2021-05-21', '09:01:58', '12:38:48', '13:50:24', '17:50:44', 8, 1, '07:37:10', '2021-05-21 09:01:58', '2021-05-21 17:50:44'),
	(103, '2021-05-21', '09:08:42', '12:04:41', '13:18:02', '17:32:24', 4, 1, '07:10:21', '2021-05-21 09:08:42', '2021-05-21 17:32:24'),
	(104, '2021-05-22', '08:52:27', '13:01:08', '13:01:17', '13:01:29', 5, 1, '04:08:53', '2021-05-22 08:52:27', '2021-05-22 13:01:29'),
	(105, '2021-05-25', '08:54:09', '13:00:00', '14:00:00', '17:30:08', 5, 1, '07:30:00', '2021-05-25 08:54:09', '2021-05-25 08:54:09'),
	(106, '2021-05-25', '08:55:18', '12:47:09', '13:48:13', '17:25:38', 2, 1, '07:29:16', '2021-05-25 08:55:18', '2021-05-25 17:25:38'),
	(107, '2021-05-25', '08:56:16', '12:47:37', '13:43:59', '17:34:11', 7, 1, '07:41:33', '2021-05-25 08:56:16', '2021-05-25 17:34:11'),
	(108, '2021-05-25', '08:57:34', '12:38:51', '13:18:47', '17:30:08', 1, 1, '07:52:38', '2021-05-25 08:57:34', '2021-05-25 17:30:08'),
	(109, '2021-05-25', '08:58:03', '13:06:45', '14:07:40', '18:30:54', 8, 1, '08:31:56', '2021-05-25 08:58:03', '2021-05-25 18:30:54'),
	(110, '2021-05-25', '09:00:52', '12:04:43', '12:47:22', '17:42:54', 4, 1, '07:59:23', '2021-05-25 09:00:52', '2021-05-25 17:42:54'),
	(111, '2021-05-25', '09:02:24', '13:06:13', '14:04:10', '18:30:43', 3, 1, '08:30:22', '2021-05-25 09:02:24', '2021-05-25 18:30:43'),
	(112, '2021-05-26', '08:53:56', '13:05:51', '14:02:17', '18:21:04', 2, 1, '08:30:42', '2021-05-26 08:53:56', '2021-05-26 18:21:04'),
	(113, '2021-05-26', '08:55:51', '13:24:11', '14:25:51', '19:07:51', 8, 1, '09:10:20', '2021-05-26 08:55:51', '2021-05-26 19:07:51'),
	(114, '2021-05-26', '08:56:58', '12:28:20', '13:18:48', '17:33:07', 1, 1, '07:45:41', '2021-05-26 08:56:58', '2021-05-26 17:33:07'),
	(115, '2021-05-26', '08:58:23', '13:24:23', '14:26:47', '19:07:35', 3, 1, '09:06:48', '2021-05-26 08:58:23', '2021-05-26 19:07:35'),
	(116, '2021-05-26', '09:00:38', '13:06:05', '14:07:01', '18:21:17', 7, 1, '08:19:43', '2021-05-26 09:00:38', '2021-05-26 18:21:17'),
	(117, '2021-05-26', '09:02:28', NULL, NULL, NULL, 5, 1, NULL, '2021-05-26 09:02:28', '2021-05-26 09:02:28'),
	(118, '2021-05-26', '09:02:43', '12:43:35', '13:42:11', '17:42:43', 4, 1, '07:41:24', '2021-05-26 09:02:43', '2021-05-26 17:42:43'),
	(119, '2021-05-27', '08:47:28', '13:13:41', '14:08:50', '17:42:15', 5, 1, '07:59:38', '2021-05-27 08:47:28', '2021-05-27 17:42:15'),
	(120, '2021-05-27', '08:55:05', '14:19:57', '15:22:03', '17:50:32', 2, 1, '07:53:21', '2021-05-27 08:55:05', '2021-05-27 17:50:32'),
	(121, '2021-05-27', '08:58:06', '12:41:17', '13:39:39', '17:30:44', 1, 1, '07:34:16', '2021-05-27 08:58:06', '2021-05-27 17:30:44'),
	(122, '2021-05-27', '08:58:45', '14:20:17', '15:20:52', '17:54:45', 7, 1, '07:55:25', '2021-05-27 08:58:45', '2021-05-27 17:54:45'),
	(123, '2021-05-27', '08:59:00', '14:20:34', '15:20:08', '17:55:35', 8, 1, '07:57:01', '2021-05-27 08:59:00', '2021-05-27 17:55:35'),
	(124, '2021-05-27', '09:07:04', '14:20:02', '15:20:18', '17:55:23', 3, 1, '07:48:03', '2021-05-27 09:07:04', '2021-05-27 17:55:23'),
	(125, '2021-05-28', '08:53:09', '13:16:11', '14:13:40', '17:34:10', 5, 1, '07:43:32', '2021-05-28 08:53:09', '2021-05-28 17:34:10'),
	(126, '2021-05-28', '08:53:22', '12:43:19', '13:47:11', '19:50:39', 8, 1, '09:53:25', '2021-05-28 08:53:22', '2021-05-28 19:50:39'),
	(127, '2021-05-28', '08:53:34', '13:40:16', NULL, NULL, 2, 1, '04:46:42', '2021-05-28 08:53:34', '2021-05-28 13:40:16'),
	(128, '2021-05-28', '08:59:38', '13:41:11', '14:42:14', '19:50:24', 7, 1, '09:49:43', '2021-05-28 08:59:38', '2021-05-28 19:50:24'),
	(129, '2021-05-28', '09:00:27', '12:28:12', '13:23:17', '17:31:21', 1, 1, '07:35:49', '2021-05-28 09:00:27', '2021-05-28 17:31:21'),
	(130, '2021-05-28', '09:01:14', '12:42:48', '13:50:42', '19:50:55', 3, 1, '09:41:47', '2021-05-28 09:01:14', '2021-05-28 19:50:55'),
	(131, '2021-05-28', '09:04:25', '12:11:09', '13:15:21', '17:34:02', 4, 1, '07:25:25', '2021-05-28 09:04:25', '2021-05-28 17:34:02'),
	(132, '2021-05-29', '08:57:45', '13:07:00', '13:07:09', '13:08:01', 5, 1, '04:10:07', '2021-05-29 08:57:45', '2021-05-29 13:08:01'),
	(133, '2021-05-31', '08:56:02', '13:14:06', '14:08:39', '17:59:40', 5, 1, '08:09:05', '2021-05-31 08:56:02', '2021-05-31 17:59:40'),
	(134, '2021-05-31', '08:56:33', '12:46:24', '13:38:35', '17:35:10', 1, 1, '07:46:26', '2021-05-31 08:56:33', '2021-05-31 17:35:10'),
	(135, '2021-05-31', '08:56:51', '13:31:24', '14:30:47', '18:01:13', 8, 1, '08:04:59', '2021-05-31 08:56:51', '2021-05-31 18:01:13'),
	(136, '2021-05-31', '08:58:36', '13:33:10', '14:29:13', '17:53:35', 7, 1, '07:58:56', '2021-05-31 08:58:36', '2021-05-31 17:53:35'),
	(137, '2021-05-31', '08:58:53', '13:32:47', '14:32:39', '17:54:05', 2, 1, '07:55:20', '2021-05-31 08:58:53', '2021-05-31 17:54:05'),
	(138, '2021-05-31', '09:00:25', '13:31:07', '14:30:59', '18:01:00', 3, 1, '08:00:43', '2021-05-31 09:00:25', '2021-05-31 18:01:00'),
	(139, '2021-05-31', '09:37:53', '12:07:57', '13:09:39', '17:54:19', 4, 1, '07:14:44', '2021-05-31 09:37:53', '2021-05-31 17:54:19'),
	(140, '2021-06-01', '08:52:54', '13:18:00', '14:20:45', '17:39:46', 5, 1, '07:44:07', '2021-06-01 08:52:54', '2021-06-01 17:39:46'),
	(141, '2021-06-01', '08:57:05', '15:19:26', '16:21:57', '19:01:12', 8, 1, '09:01:36', '2021-06-01 08:57:05', '2021-06-01 19:01:12'),
	(142, '2021-06-01', '08:58:17', '12:41:06', '13:40:48', '17:34:27', 1, 1, '07:36:28', '2021-06-01 08:58:17', '2021-06-01 17:34:27'),
	(143, '2021-06-01', '08:58:52', '12:50:17', '13:49:28', '17:44:18', 2, 1, '07:46:15', '2021-06-01 08:58:52', '2021-06-01 17:44:18'),
	(144, '2021-06-01', '09:00:11', '12:15:32', '13:11:08', '17:44:57', 4, 1, '07:49:10', '2021-06-01 09:00:11', '2021-06-01 17:44:57'),
	(145, '2021-06-01', '09:00:38', '12:49:51', '13:48:59', '17:44:32', 7, 1, '07:44:46', '2021-06-01 09:00:38', '2021-06-01 17:44:32'),
	(146, '2021-06-01', '09:04:23', '15:20:58', '16:21:49', '19:00:43', 3, 1, '08:55:29', '2021-06-01 09:04:23', '2021-06-01 19:00:43'),
	(147, '2021-06-02', '08:50:59', '12:06:34', '13:01:10', '17:41:59', 5, 1, '07:56:24', '2021-06-02 08:50:59', '2021-06-02 17:41:59'),
	(148, '2021-06-02', '08:57:16', '12:44:09', '13:44:22', '17:34:10', 1, 1, '07:36:41', '2021-06-02 08:57:16', '2021-06-02 17:34:10'),
	(149, '2021-06-02', '08:58:07', '13:09:41', '14:21:15', '17:35:29', 4, 1, '07:30:34', '2021-06-02 08:58:07', '2021-06-02 14:21:15'),
	(150, '2021-06-02', '08:58:37', '12:50:44', '13:49:01', '18:06:17', 2, 1, '08:09:23', '2021-06-02 08:58:37', '2021-06-02 18:06:17'),
	(151, '2021-06-02', '08:58:54', '14:19:50', '15:16:20', '17:59:30', 8, 1, '08:04:06', '2021-06-02 08:58:54', '2021-06-02 17:59:30'),
	(152, '2021-06-02', '09:00:40', '12:50:29', '13:51:04', '18:06:31', 7, 1, '08:05:16', '2021-06-02 09:00:40', '2021-06-02 18:06:31'),
	(153, '2021-06-02', '09:07:56', '14:19:36', '15:16:16', '17:59:17', 3, 1, '07:54:41', '2021-06-02 09:07:56', '2021-06-02 17:59:17'),
	(154, '2021-06-03', '08:50:16', '13:17:10', '14:17:36', '17:34:05', 5, 1, '07:43:23', '2021-06-03 08:50:16', '2021-06-03 17:34:05'),
	(155, '2021-06-03', '08:58:17', '13:17:24', '14:13:16', '19:10:55', 2, 1, '09:16:46', '2021-06-03 08:58:17', '2021-06-03 19:10:55'),
	(156, '2021-06-03', '08:58:22', '13:10:07', '14:10:43', '17:31:06', 1, 1, '07:32:08', '2021-06-03 08:58:22', '2021-06-03 17:31:06'),
	(157, '2021-06-03', '08:59:21', '13:18:01', '14:22:01', '19:12:31', 8, 1, '09:09:10', '2021-06-03 08:59:21', '2021-06-03 19:12:31'),
	(158, '2021-06-03', '09:02:36', '13:15:48', '14:14:37', '19:12:06', 7, 1, '09:10:41', '2021-06-03 09:02:36', '2021-06-03 19:12:06'),
	(159, '2021-06-03', '09:04:23', '12:12:24', '13:11:23', '17:44:18', 4, 1, '07:40:56', '2021-06-03 09:04:23', '2021-06-03 17:44:18'),
	(160, '2021-06-03', '09:00:00', '13:20:32', '14:13:01', '19:12:50', 3, 1, '09:20:21', '2021-06-03 13:20:21', '2021-06-03 19:12:50'),
	(161, '2021-06-04', '09:00:14', '12:53:43', '13:57:36', '17:34:48', 2, 1, '07:30:41', '2021-06-04 09:00:14', '2021-06-04 17:34:48'),
	(162, '2021-06-04', '09:00:23', '13:21:07', '14:07:08', '17:36:09', 8, 1, '07:49:45', '2021-06-04 09:00:23', '2021-06-04 17:36:09'),
	(163, '2021-06-04', '09:00:29', '12:52:56', '13:55:34', '17:35:14', 7, 1, '07:32:07', '2021-06-04 09:00:29', '2021-06-04 17:35:14'),
	(164, '2021-06-04', '09:00:31', '12:58:17', '13:58:17', '17:32:04', 1, 1, '07:31:33', '2021-06-04 09:00:31', '2021-06-04 17:32:04'),
	(165, '2021-06-04', '09:00:38', '13:14:32', '14:08:04', '17:35:44', 5, 1, '07:41:34', '2021-06-04 09:00:38', '2021-06-04 17:35:44'),
	(166, '2021-06-04', '09:01:07', '12:11:58', '13:08:48', '17:19:44', 4, 1, '07:21:47', '2021-06-04 09:01:07', '2021-06-04 17:19:44'),
	(167, '2021-06-04', '09:06:02', '13:20:14', '14:08:52', '17:37:44', 3, 1, '07:43:04', '2021-06-04 09:06:02', '2021-06-04 17:37:44'),
	(168, '2021-06-05', '09:05:04', '12:54:16', '12:57:53', '13:00:38', 5, 1, '03:51:57', '2021-06-05 09:05:04', '2021-06-05 13:00:38'),
	(169, '2021-06-07', '08:52:45', '13:15:57', '14:14:32', '18:01:18', 5, 1, '08:09:58', '2021-06-07 08:52:45', '2021-06-07 18:01:18'),
	(170, '2021-06-07', '08:57:33', '12:52:30', '13:55:52', '18:07:00', 8, 1, '08:06:05', '2021-06-07 08:57:33', '2021-06-07 18:07:00'),
	(171, '2021-06-07', '08:58:52', '12:50:44', '13:52:02', '18:07:24', 2, 1, '08:07:14', '2021-06-07 08:58:52', '2021-06-07 18:07:24'),
	(172, '2021-06-07', '08:59:40', '12:43:40', '13:47:27', '17:45:03', 1, 1, '07:44:00', '2021-06-07 08:59:40', '2021-06-07 13:47:27'),
	(173, '2021-06-07', '09:00:21', '12:52:06', '13:52:06', '18:12:40', 7, 1, '08:00:00', '2021-06-07 09:00:21', '2021-06-07 18:12:40'),
	(174, '2021-06-07', '09:05:42', '12:06:39', '13:12:11', '18:13:09', 4, 1, '08:01:55', '2021-06-07 09:05:42', '2021-06-07 18:13:09'),
	(175, '2021-06-07', '13:10:19', '18:07:47', '18:07:59', '18:08:14', 3, 1, '04:57:43', '2021-06-07 13:10:19', '2021-06-07 18:08:14'),
	(176, '2021-06-08', '08:51:35', '13:21:22', '14:17:56', '17:35:00', 5, 1, '07:30:00', '2021-06-08 08:51:35', '2021-06-08 14:17:56'),
	(177, '2021-06-08', '08:55:56', '13:14:05', '14:17:05', '17:46:00', 2, 1, '07:47:04', '2021-06-08 08:55:56', '2021-06-08 17:46:00'),
	(178, '2021-06-08', '08:57:38', '12:51:26', '13:59:46', '17:35:05', 1, 1, '07:29:07', '2021-06-08 08:57:38', '2021-06-08 17:35:05'),
	(179, '2021-06-08', '08:59:56', '13:13:17', '14:10:07', '17:47:30', 7, 1, '07:47:23', '2021-06-08 08:59:56', '2021-06-08 17:47:30'),
	(180, '2021-06-08', '09:01:42', '12:08:36', '13:14:07', '17:44:43', 4, 1, '07:37:42', '2021-06-08 09:01:42', '2021-06-08 17:44:43'),
	(181, '2021-06-08', '09:04:51', '12:13:40', '13:25:54', '18:59:16', 3, 1, '08:42:11', '2021-06-08 09:04:51', '2021-06-08 18:59:16'),
	(182, '2021-06-08', '09:05:24', '12:16:28', '13:23:09', '18:57:55', 8, 1, '08:45:50', '2021-06-08 09:05:24', '2021-06-08 18:57:55'),
	(183, '2021-06-09', '08:50:39', '13:26:11', '14:22:07', '17:33:16', 5, 1, '07:46:41', '2021-06-09 08:50:39', '2021-06-09 17:33:16'),
	(184, '2021-06-09', '08:58:52', '13:13:24', '14:08:57', '17:37:03', 2, 1, '07:42:38', '2021-06-09 08:58:52', '2021-06-09 17:37:03'),
	(185, '2021-06-09', '08:59:22', '13:12:06', '13:57:24', '17:36:40', 7, 1, '07:52:00', '2021-06-09 08:59:22', '2021-06-09 17:36:40'),
	(186, '2021-06-09', '09:00:25', '13:08:16', '14:04:20', '17:33:15', 1, 1, '07:36:46', '2021-06-09 09:00:25', '2021-06-09 17:33:15'),
	(187, '2021-06-09', '09:03:19', '12:43:22', '13:44:04', '17:42:35', 3, 1, '07:38:34', '2021-06-09 09:03:19', '2021-06-09 17:42:35'),
	(188, '2021-06-09', '09:03:22', '12:43:54', '13:44:29', '17:43:07', 8, 1, '07:39:10', '2021-06-09 09:03:22', '2021-06-09 17:43:07'),
	(189, '2021-06-09', '09:09:20', '12:16:27', '13:17:06', '17:32:26', 4, 1, '07:22:27', '2021-06-09 09:09:20', '2021-06-09 17:32:26'),
	(190, '2021-06-10', '08:56:28', '12:59:39', '13:53:59', '17:41:45', 5, 1, '07:50:57', '2021-06-10 08:56:28', '2021-06-10 17:41:45'),
	(191, '2021-06-10', '09:01:27', '13:40:21', '14:37:32', '17:37:16', 7, 1, '07:38:38', '2021-06-10 09:01:27', '2021-06-10 17:37:16'),
	(192, '2021-06-10', '09:02:15', '12:23:38', '13:15:29', '17:34:32', 1, 1, '07:40:26', '2021-06-10 09:02:15', '2021-06-10 17:34:32'),
	(193, '2021-06-10', '09:02:39', '12:11:51', '12:57:32', '17:36:00', 4, 1, '07:39:12', '2021-06-10 09:02:39', '2021-06-10 12:57:32'),
	(194, '2021-06-10', '09:05:57', '12:27:47', '13:31:08', '17:46:33', 8, 1, '07:37:15', '2021-06-10 09:05:57', '2021-06-10 17:46:33'),
	(195, '2021-06-10', '09:06:37', '12:27:32', '13:30:55', '17:46:47', 3, 1, '07:36:47', '2021-06-10 09:06:37', '2021-06-10 17:46:47'),
	(196, '2021-06-10', '09:07:11', '13:40:00', '14:40:16', '17:37:31', 2, 1, '07:30:04', '2021-06-10 09:07:11', '2021-06-10 17:37:31'),
	(197, '2021-06-11', '08:58:41', '14:20:46', '15:27:23', '17:35:32', 2, 1, '07:30:14', '2021-06-11 09:00:41', '2021-06-11 17:35:32'),
	(198, '2021-06-11', '08:55:47', '13:22:30', '14:19:12', '17:35:18', 5, 1, '07:42:49', '2021-06-11 09:00:47', '2021-06-11 17:35:18'),
	(199, '2021-06-11', '08:55:55', '13:22:56', '14:17:42', '17:36:44', 1, 1, '07:46:03', '2021-06-11 09:00:55', '2021-06-11 17:36:44'),
	(200, '2021-06-11', '08:58:03', '14:20:02', '15:15:58', '17:33:29', 7, 1, '07:39:30', '2021-06-11 09:01:03', '2021-06-11 17:33:29'),
	(201, '2021-06-11', '09:03:42', '13:56:38', '14:49:55', '17:34:02', 8, 1, '07:37:03', '2021-06-11 09:03:42', '2021-06-11 17:34:02'),
	(202, '2021-06-11', '09:03:53', '13:56:25', '14:50:04', '17:34:25', 3, 1, '07:36:53', '2021-06-11 09:03:53', '2021-06-11 17:34:25'),
	(203, '2021-06-11', '09:04:00', '12:15:07', '13:19:14', '17:31:00', 4, 1, '07:22:53', '2021-06-11 09:04:00', '2021-06-11 17:31:00'),
	(204, '2021-06-12', '08:52:12', '13:03:31', '13:03:56', '13:04:03', 5, 1, '04:11:26', '2021-06-12 08:52:12', '2021-06-12 13:04:03'),
	(205, '2021-06-14', '08:57:37', '13:48:02', '13:48:12', '17:39:42', 5, 1, '08:41:55', '2021-06-14 08:57:37', '2021-06-14 17:39:42'),
	(206, '2021-06-14', '09:01:43', '13:11:59', '14:11:40', '17:34:50', 1, 1, '07:33:26', '2021-06-14 09:01:43', '2021-06-14 17:34:50'),
	(207, '2021-06-14', '09:02:00', '12:06:40', '13:02:42', '17:34:36', 7, 1, '07:36:34', '2021-06-14 09:02:00', '2021-06-14 17:34:36'),
	(208, '2021-06-14', '09:02:31', '12:11:07', '13:09:11', '17:44:22', 4, 1, '07:43:47', '2021-06-14 09:02:31', '2021-06-14 17:44:22'),
	(209, '2021-06-14', '09:03:22', '12:06:17', '13:08:40', '17:34:25', 2, 1, '07:28:40', '2021-06-14 09:03:22', '2021-06-14 17:34:25'),
	(210, '2021-06-14', '09:03:48', '12:06:24', '13:10:50', '17:39:07', 3, 1, '07:30:53', '2021-06-14 09:03:48', '2021-06-14 17:39:07'),
	(211, '2021-06-14', '09:04:00', '12:06:33', '13:10:28', '17:34:59', 8, 1, '07:27:04', '2021-06-14 09:04:00', '2021-06-14 17:34:59'),
	(212, '2021-06-15', '08:50:55', '13:41:03', '14:39:09', '17:32:25', 5, 1, '07:43:24', '2021-06-15 08:50:55', '2021-06-15 17:32:25'),
	(213, '2021-06-15', '08:55:48', '13:15:11', '14:08:13', '17:33:24', 7, 1, '07:44:34', '2021-06-15 08:55:48', '2021-06-15 17:33:24'),
	(214, '2021-06-15', '08:56:08', '13:16:10', '14:17:46', '17:33:03', 2, 1, '07:35:19', '2021-06-15 08:56:08', '2021-06-15 17:33:03'),
	(215, '2021-06-15', '08:57:17', '13:15:29', '14:15:48', '17:30:50', 1, 1, '07:33:14', '2021-06-15 08:57:17', '2021-06-15 17:30:50'),
	(216, '2021-06-15', '09:04:20', '12:39:18', '13:40:53', '17:32:49', 4, 1, '07:26:54', '2021-06-15 09:04:20', '2021-06-15 17:32:49'),
	(217, '2021-06-15', '09:04:43', '13:15:52', '14:15:54', '17:35:16', 8, 1, '07:35:09', '2021-06-15 09:04:43', '2021-06-15 14:15:54'),
	(218, '2021-06-15', '09:05:05', '13:15:41', '14:15:59', '17:37:37', 3, 1, '07:40:36', '2021-06-15 09:05:05', '2021-06-15 14:15:59'),
	(219, '2021-06-16', '08:47:35', '13:17:49', '14:18:21', '17:34:30', 5, 1, '07:46:23', '2021-06-16 08:47:35', '2021-06-16 17:34:30'),
	(220, '2021-06-16', '08:55:40', '13:13:26', '14:11:48', '17:34:10', 1, 1, '07:40:08', '2021-06-16 08:55:40', '2021-06-16 17:34:10'),
	(221, '2021-06-16', '08:56:28', '13:58:46', '15:02:03', '18:27:02', 7, 1, '08:27:17', '2021-06-16 08:56:28', '2021-06-16 18:27:02'),
	(222, '2021-06-16', '08:59:11', '13:58:04', '14:58:33', '18:26:48', 2, 1, '08:27:08', '2021-06-16 08:59:11', '2021-06-16 18:26:48'),
	(223, '2021-06-16', '09:02:39', '13:39:50', '14:41:37', '17:49:52', 3, 1, '07:45:26', '2021-06-16 09:02:39', '2021-06-16 17:49:52'),
	(224, '2021-06-16', '09:03:31', '13:40:06', '14:40:15', '17:49:35', 8, 1, '07:45:55', '2021-06-16 09:03:31', '2021-06-16 17:49:35'),
	(225, '2021-06-16', '09:07:19', '12:09:02', '13:14:16', '17:32:29', 4, 1, '07:19:56', '2021-06-16 09:07:19', '2021-06-16 17:32:29'),
	(226, '2021-06-17', '08:53:03', '13:20:22', '14:18:46', '17:31:41', 5, 1, '07:40:14', '2021-06-17 08:53:03', '2021-06-17 17:31:41'),
	(227, '2021-06-17', '09:00:20', '12:35:00', '13:27:46', '17:32:50', 7, 1, '07:39:44', '2021-06-17 09:00:20', '2021-06-17 17:32:50'),
	(228, '2021-06-17', '09:00:35', '12:34:36', '13:36:36', '17:32:26', 2, 1, '07:29:51', '2021-06-17 09:00:35', '2021-06-17 17:32:26'),
	(229, '2021-06-17', '09:01:08', '12:35:00', '13:35:42', '17:31:31', 1, 1, '07:29:41', '2021-06-17 09:01:08', '2021-06-17 17:31:31'),
	(230, '2021-06-17', '09:04:03', '12:14:26', '13:11:31', '17:31:18', 4, 1, '07:30:10', '2021-06-17 09:04:03', '2021-06-17 17:31:18'),
	(231, '2021-06-17', '09:04:54', '13:49:06', '14:40:51', '17:31:54', 3, 1, '07:35:15', '2021-06-17 09:04:54', '2021-06-17 17:31:54'),
	(232, '2021-06-17', '09:05:03', '13:48:49', '14:40:40', '17:33:03', 8, 1, '07:36:09', '2021-06-17 09:05:03', '2021-06-17 17:33:03'),
	(233, '2021-06-18', '08:51:32', '13:15:37', '14:16:34', '17:33:06', 5, 1, '07:40:37', '2021-06-18 08:51:32', '2021-06-18 17:33:06'),
	(234, '2021-06-18', '08:58:07', '12:44:29', '13:45:04', '17:32:52', 1, 1, '07:34:10', '2021-06-18 08:58:07', '2021-06-18 17:32:52'),
	(235, '2021-06-18', '08:58:24', '12:41:25', '13:41:10', '19:39:01', 7, 1, '09:40:52', '2021-06-18 08:58:24', '2021-06-18 19:39:01'),
	(236, '2021-06-18', '08:58:38', '12:40:56', '13:33:17', '19:38:47', 2, 1, '09:47:48', '2021-06-18 08:58:38', '2021-06-18 19:38:47'),
	(237, '2021-06-18', '09:07:41', '12:03:51', '13:09:39', '17:32:24', 4, 1, '07:18:55', '2021-06-18 09:07:41', '2021-06-18 17:32:24'),
	(238, '2021-06-18', '09:08:47', '12:46:36', '13:45:13', '19:40:32', 3, 1, '09:33:08', '2021-06-18 09:08:47', '2021-06-18 19:40:32'),
	(239, '2021-06-18', '09:09:02', '12:46:12', '13:45:20', '19:40:19', 8, 1, '09:32:09', '2021-06-18 09:09:02', '2021-06-18 19:40:19'),
	(240, '2021-06-19', '08:53:37', '13:02:40', '13:02:47', '13:02:55', 5, 1, '04:09:11', '2021-06-19 08:53:37', '2021-06-19 13:02:55'),
	(241, '2021-06-21', '08:54:02', '13:19:39', '14:14:14', '17:42:11', 5, 1, '07:53:34', '2021-06-21 08:54:02', '2021-06-21 17:42:11'),
	(242, '2021-06-21', '09:00:42', '12:10:18', '13:10:18', '17:35:25', 1, 1, '07:39:36', '2021-06-21 09:00:42', '2021-06-21 12:10:18'),
	(243, '2021-06-21', '09:00:57', '13:43:15', '14:48:11', '17:37:13', 7, 1, '07:31:20', '2021-06-21 09:00:57', '2021-06-21 17:37:13'),
	(244, '2021-06-21', '09:01:16', '13:43:03', '14:18:13', '18:20:37', 8, 1, '08:44:11', '2021-06-21 09:01:16', '2021-06-21 18:20:37'),
	(245, '2021-06-21', '09:01:37', '13:43:38', '14:47:43', '17:37:31', 2, 1, '07:31:49', '2021-06-21 09:01:37', '2021-06-21 17:37:31'),
	(246, '2021-06-21', '09:04:55', '12:05:25', '13:06:45', '17:40:08', 4, 1, '07:33:53', '2021-06-21 09:04:55', '2021-06-21 17:40:08'),
	(247, '2021-06-21', '09:07:44', '13:45:05', '13:45:11', '18:20:26', 3, 1, '09:12:36', '2021-06-21 09:07:44', '2021-06-21 18:20:26'),
	(248, '2021-06-22', '08:56:01', '13:17:27', '14:18:52', '17:30:54', 5, 1, '07:33:28', '2021-06-22 08:56:01', '2021-06-22 17:30:54'),
	(249, '2021-06-22', '08:57:54', '12:50:30', '13:48:35', '17:30:04', 7, 1, '07:34:05', '2021-06-22 08:57:54', '2021-06-22 17:30:04'),
	(250, '2021-06-22', '08:58:11', '12:45:29', '13:51:59', '17:32:25', 8, 1, '07:27:44', '2021-06-22 08:58:11', '2021-06-22 17:32:25'),
	(251, '2021-06-22', '08:58:31', '12:11:27', '13:14:38', '17:31:50', 1, 1, '07:30:08', '2021-06-22 08:58:31', '2021-06-22 17:31:50'),
	(252, '2021-06-22', '08:58:44', '12:51:30', '13:51:00', '17:30:23', 2, 1, '07:32:09', '2021-06-22 08:58:44', '2021-06-22 17:30:23'),
	(253, '2021-06-22', '09:07:36', '12:10:44', '13:15:10', '17:30:36', 4, 1, '07:18:34', '2021-06-22 09:07:36', '2021-06-22 17:30:36'),
	(254, '2021-06-22', '09:00:00', '12:10:44', '13:10:00', '17:41:12', 3, 1, '07:41:42', '2021-06-22 17:31:37', '2021-06-22 17:31:37'),
	(255, '2021-06-23', '08:56:45', '11:59:46', '12:55:32', NULL, 5, 1, '03:03:01', '2021-06-23 08:56:45', '2021-06-23 12:55:32'),
	(256, '2021-06-23', '09:01:50', '13:01:43', '14:01:26', '17:41:29', 2, 1, '07:39:56', '2021-06-23 09:01:50', '2021-06-23 17:41:29'),
	(257, '2021-06-23', '09:01:58', '12:11:31', '13:10:57', '17:40:23', 1, 1, '07:38:59', '2021-06-23 09:01:58', '2021-06-23 17:40:23'),
	(258, '2021-06-23', '09:02:08', '13:01:31', '13:58:30', '17:41:07', 7, 1, '07:42:00', '2021-06-23 09:02:08', '2021-06-23 17:41:07'),
	(259, '2021-06-23', '09:02:14', '13:00:14', '13:48:02', '17:49:39', 8, 1, '07:59:37', '2021-06-23 09:02:14', '2021-06-23 17:49:39'),
	(260, '2021-06-23', '09:05:22', '13:03:59', '13:04:09', '13:04:18', 4, 1, '03:58:46', '2021-06-23 09:05:22', '2021-06-23 13:04:18'),
	(261, '2021-06-23', '09:00:00', '17:52:30', '17:52:37', '17:52:49', 3, 1, '08:52:42', '2021-06-23 09:42:19', '2021-06-23 17:52:49'),
	(262, '2021-06-24', '08:56:19', '13:16:57', '14:19:29', NULL, 7, 1, '04:20:38', '2021-06-24 08:56:19', '2021-06-24 14:19:29'),
	(263, '2021-06-24', '09:00:45', '12:07:41', '13:00:59', '17:30:23', 1, 1, '07:36:20', '2021-06-24 09:00:45', '2021-06-24 17:30:23'),
	(264, '2021-06-24', '09:01:14', '13:16:47', '14:19:19', '17:33:13', 2, 1, '07:29:27', '2021-06-24 09:01:14', '2021-06-24 17:33:13'),
	(265, '2021-06-24', '09:01:36', '13:15:44', '14:19:41', '17:36:24', 8, 1, '07:30:51', '2021-06-24 09:01:36', '2021-06-24 17:36:24'),
	(266, '2021-06-24', '09:05:24', '12:13:29', '13:17:20', '17:32:40', 4, 1, '07:23:25', '2021-06-24 09:05:24', '2021-06-24 17:32:40'),
	(267, '2021-06-24', '09:16:09', '13:26:14', '14:26:23', '17:37:04', 5, 1, '07:20:46', '2021-06-24 09:16:09', '2021-06-24 17:37:04'),
	(268, '2021-06-24', '17:34:31', '17:34:40', '17:34:48', '17:34:56', 3, 1, '00:00:17', '2021-06-24 17:34:31', '2021-06-24 17:34:56'),
	(269, '2021-06-25', '09:00:33', '12:10:52', '13:00:00', NULL, 1, 1, '03:10:19', '2021-06-25 09:00:33', '2021-06-25 13:19:11'),
	(270, '2021-06-25', '09:00:34', '13:01:15', '14:59:15', NULL, 5, 1, '04:00:41', '2021-06-25 09:00:34', '2021-06-25 14:59:15'),
	(271, '2021-06-25', '09:00:35', '14:11:56', '15:13:22', '18:39:26', 7, 1, '08:37:25', '2021-06-25 09:00:35', '2021-06-25 18:39:26'),
	(272, '2021-06-25', '09:00:54', '14:11:27', '15:13:44', '18:38:02', 2, 1, '08:34:51', '2021-06-25 09:00:54', '2021-06-25 18:38:02'),
	(273, '2021-06-25', '09:05:11', '14:08:20', '14:08:26', '17:37:22', 3, 1, '08:32:05', '2021-06-25 09:05:11', '2021-06-25 17:37:22'),
	(274, '2021-06-25', '09:05:24', '13:07:21', '14:07:12', '17:37:40', 8, 1, '07:32:25', '2021-06-25 09:05:24', '2021-06-25 17:37:40'),
	(275, '2021-06-25', '09:06:31', '12:07:16', '13:01:06', '17:32:41', 4, 1, '07:32:20', '2021-06-25 09:06:31', '2021-06-25 17:32:41'),
	(276, '2021-06-26', '08:59:18', '12:34:45', '12:34:55', NULL, 5, 1, '03:35:27', '2021-06-26 08:59:18', '2021-06-26 12:34:55'),
	(277, '2021-06-28', '08:56:34', '13:35:36', '14:42:30', '17:33:09', 5, 1, '07:29:41', '2021-06-28 08:56:34', '2021-06-28 17:33:09'),
	(278, '2021-06-28', '08:56:55', '12:56:37', '13:57:42', '17:33:08', 2, 1, '07:35:08', '2021-06-28 08:56:55', '2021-06-28 17:33:08'),
	(279, '2021-06-28', '08:58:15', '12:42:50', '13:43:03', '17:31:10', 1, 1, '07:32:42', '2021-06-28 08:58:15', '2021-06-28 17:31:10'),
	(280, '2021-06-28', '09:00:18', '12:56:08', '13:59:28', '17:33:49', 7, 1, '07:30:11', '2021-06-28 09:00:18', '2021-06-28 17:33:49'),
	(281, '2021-06-28', '09:03:08', '12:22:04', '13:29:00', '17:45:16', 8, 1, '07:35:12', '2021-06-28 09:03:08', '2021-06-28 17:45:16'),
	(282, '2021-06-28', '09:07:43', '12:14:42', '13:23:41', '17:30:32', 4, 1, '07:13:50', '2021-06-28 09:07:43', '2021-06-28 17:30:32'),
	(283, '2021-06-28', '11:00:09', '12:22:15', '13:30:12', '17:45:00', 3, 1, '05:36:54', '2021-06-28 11:00:09', '2021-06-28 17:45:00'),
	(284, '2021-06-29', '08:55:27', '13:17:11', '14:13:15', NULL, 5, 1, '04:21:44', '2021-06-29 08:55:27', '2021-06-29 14:13:15'),
	(285, '2021-06-29', '08:57:56', '12:18:47', '13:22:18', NULL, 1, 1, '03:20:51', '2021-06-29 08:57:56', '2021-06-29 13:22:18'),
	(286, '2021-06-29', '08:59:20', '12:09:40', '13:15:01', NULL, 3, 1, '03:10:20', '2021-06-29 08:59:20', '2021-06-29 13:15:01'),
	(287, '2021-06-29', '08:59:31', '12:09:55', '13:15:23', NULL, 8, 1, '03:10:24', '2021-06-29 08:59:31', '2021-06-29 13:15:23'),
	(288, '2021-06-29', '08:59:50', '13:43:40', '14:38:34', NULL, 2, 1, '04:43:50', '2021-06-29 08:59:50', '2021-06-29 14:38:34'),
	(289, '2021-06-29', '09:00:24', '13:43:25', '14:46:11', NULL, 7, 1, '04:43:01', '2021-06-29 09:00:24', '2021-06-29 14:46:11'),
	(290, '2021-06-29', '09:04:22', '13:09:42', '13:10:02', NULL, 4, 1, '04:05:20', '2021-06-29 09:04:22', '2021-06-29 13:10:02');
/*!40000 ALTER TABLE `rrhasistencias` ENABLE KEYS */;

-- Volcando estructura para tabla appquantika.rrhcargafamiliars
CREATE TABLE IF NOT EXISTS `rrhcargafamiliars` (
  `id` bigint(20) unsigned NOT NULL AUTO_INCREMENT,
  `nombre` varchar(200) COLLATE utf8mb4_unicode_ci NOT NULL,
  `parentezco` varchar(200) COLLATE utf8mb4_unicode_ci NOT NULL,
  `fechanacimiento` date NOT NULL,
  `rrhempleado_id` bigint(20) unsigned NOT NULL,
  `estado` tinyint(1) NOT NULL DEFAULT 1,
  `created_at` timestamp NULL DEFAULT NULL,
  `updated_at` timestamp NULL DEFAULT NULL,
  PRIMARY KEY (`id`),
  KEY `rrhcargafamiliars_rrhempleado_id_foreign` (`rrhempleado_id`),
  CONSTRAINT `rrhcargafamiliars_rrhempleado_id_foreign` FOREIGN KEY (`rrhempleado_id`) REFERENCES `rrhempleados` (`id`) ON DELETE CASCADE
) ENGINE=InnoDB DEFAULT CHARSET=utf8mb4 COLLATE=utf8mb4_unicode_ci;

-- Volcando datos para la tabla appquantika.rrhcargafamiliars: ~0 rows (aproximadamente)
/*!40000 ALTER TABLE `rrhcargafamiliars` DISABLE KEYS */;
/*!40000 ALTER TABLE `rrhcargafamiliars` ENABLE KEYS */;

-- Volcando estructura para tabla appquantika.rrhcargos
CREATE TABLE IF NOT EXISTS `rrhcargos` (
  `id` bigint(20) unsigned NOT NULL AUTO_INCREMENT,
  `nombre` varchar(50) COLLATE utf8mb4_unicode_ci NOT NULL,
  `estado` tinyint(1) NOT NULL DEFAULT 1,
  `created_at` timestamp NULL DEFAULT NULL,
  `updated_at` timestamp NULL DEFAULT NULL,
  PRIMARY KEY (`id`)
) ENGINE=InnoDB AUTO_INCREMENT=8 DEFAULT CHARSET=utf8mb4 COLLATE=utf8mb4_unicode_ci;

-- Volcando datos para la tabla appquantika.rrhcargos: ~7 rows (aproximadamente)
/*!40000 ALTER TABLE `rrhcargos` DISABLE KEYS */;
INSERT INTO `rrhcargos` (`id`, `nombre`, `estado`, `created_at`, `updated_at`) VALUES
	(1, 'Programador', 1, '2021-04-28 11:41:17', '2021-04-28 11:41:17'),
	(2, 'Redes', 1, '2021-04-28 11:41:37', '2021-04-28 11:43:42'),
	(3, 'Contador', 1, '2021-04-28 11:42:05', '2021-04-28 11:42:05'),
	(4, 'Atención al Cliente', 1, '2021-05-10 14:46:41', '2021-05-10 14:46:41'),
	(5, 'Técnico', 1, '2021-05-10 15:12:47', '2021-05-10 15:12:47'),
	(6, 'Chofer', 1, '2021-05-10 15:13:06', '2021-05-10 15:13:06'),
	(7, 'Asistente Técnico', 1, '2021-05-10 15:13:21', '2021-05-10 15:13:21');
/*!40000 ALTER TABLE `rrhcargos` ENABLE KEYS */;

-- Volcando estructura para tabla appquantika.rrhcontratos
CREATE TABLE IF NOT EXISTS `rrhcontratos` (
  `id` bigint(20) unsigned NOT NULL AUTO_INCREMENT,
  `descripcion` varchar(200) COLLATE utf8mb4_unicode_ci NOT NULL,
  `rrhempleado_id` bigint(20) unsigned NOT NULL,
  `rrhtipocontrato_id` bigint(20) unsigned NOT NULL,
  `archivo` varchar(255) COLLATE utf8mb4_unicode_ci DEFAULT NULL,
  `sueldo` double(8,2) NOT NULL,
  `estado` tinyint(1) NOT NULL DEFAULT 1,
  `created_at` timestamp NULL DEFAULT NULL,
  `updated_at` timestamp NULL DEFAULT NULL,
  PRIMARY KEY (`id`),
  KEY `rrhcontratos_rrhempleado_id_foreign` (`rrhempleado_id`),
  KEY `rrhcontratos_rrhtipocontrato_id_foreign` (`rrhtipocontrato_id`),
  CONSTRAINT `rrhcontratos_rrhempleado_id_foreign` FOREIGN KEY (`rrhempleado_id`) REFERENCES `rrhempleados` (`id`) ON DELETE CASCADE,
  CONSTRAINT `rrhcontratos_rrhtipocontrato_id_foreign` FOREIGN KEY (`rrhtipocontrato_id`) REFERENCES `rrhtipocontratos` (`id`) ON DELETE CASCADE
) ENGINE=InnoDB DEFAULT CHARSET=utf8mb4 COLLATE=utf8mb4_unicode_ci;

-- Volcando datos para la tabla appquantika.rrhcontratos: ~0 rows (aproximadamente)
/*!40000 ALTER TABLE `rrhcontratos` DISABLE KEYS */;
/*!40000 ALTER TABLE `rrhcontratos` ENABLE KEYS */;

-- Volcando estructura para tabla appquantika.rrhempleados
CREATE TABLE IF NOT EXISTS `rrhempleados` (
  `id` bigint(20) unsigned NOT NULL AUTO_INCREMENT,
  `nombre` varchar(50) COLLATE utf8mb4_unicode_ci NOT NULL,
  `apellido` varchar(50) COLLATE utf8mb4_unicode_ci NOT NULL,
  `cedula` varchar(10) COLLATE utf8mb4_unicode_ci NOT NULL,
  `fechanacimiento` date NOT NULL,
  `direccion` varchar(80) COLLATE utf8mb4_unicode_ci NOT NULL,
  `cdaorecinto` varchar(80) COLLATE utf8mb4_unicode_ci NOT NULL,
  `contacto` varchar(10) COLLATE utf8mb4_unicode_ci NOT NULL,
  `contacto1` varchar(10) COLLATE utf8mb4_unicode_ci DEFAULT NULL,
  `email` varchar(60) COLLATE utf8mb4_unicode_ci NOT NULL,
  `licencia` varchar(60) COLLATE utf8mb4_unicode_ci DEFAULT NULL,
  `fechaingreso` date NOT NULL,
  `sueldo` double(8,2) NOT NULL,
  `canton_id` bigint(20) unsigned NOT NULL,
  `rrharea_id` bigint(20) unsigned NOT NULL,
  `rrhcargo_id` bigint(20) unsigned NOT NULL,
  `rrhprofesion_id` bigint(20) unsigned NOT NULL,
  `sexo` tinyint(1) NOT NULL DEFAULT 1,
  `estado` tinyint(1) NOT NULL DEFAULT 1,
  `eliminar` tinyint(1) NOT NULL DEFAULT 1,
  `ffoto` varchar(255) COLLATE utf8mb4_unicode_ci DEFAULT NULL,
  `created_at` timestamp NULL DEFAULT NULL,
  `updated_at` timestamp NULL DEFAULT NULL,
  PRIMARY KEY (`id`),
  UNIQUE KEY `rrhempleados_cedula_unique` (`cedula`),
  KEY `rrhempleados_canton_id_foreign` (`canton_id`),
  KEY `rrhempleados_rrharea_id_foreign` (`rrharea_id`),
  KEY `rrhempleados_rrhcargo_id_foreign` (`rrhcargo_id`),
  KEY `rrhempleados_rrhprofesion_id_foreign` (`rrhprofesion_id`),
  CONSTRAINT `rrhempleados_canton_id_foreign` FOREIGN KEY (`canton_id`) REFERENCES `cantons` (`id`) ON DELETE CASCADE,
  CONSTRAINT `rrhempleados_rrharea_id_foreign` FOREIGN KEY (`rrharea_id`) REFERENCES `rrhareas` (`id`) ON DELETE CASCADE,
  CONSTRAINT `rrhempleados_rrhcargo_id_foreign` FOREIGN KEY (`rrhcargo_id`) REFERENCES `rrhcargos` (`id`) ON DELETE CASCADE,
  CONSTRAINT `rrhempleados_rrhprofesion_id_foreign` FOREIGN KEY (`rrhprofesion_id`) REFERENCES `rrhprofesions` (`id`) ON DELETE CASCADE
) ENGINE=InnoDB AUTO_INCREMENT=9 DEFAULT CHARSET=utf8mb4 COLLATE=utf8mb4_unicode_ci;

-- Volcando datos para la tabla appquantika.rrhempleados: ~7 rows (aproximadamente)
/*!40000 ALTER TABLE `rrhempleados` DISABLE KEYS */;
INSERT INTO `rrhempleados` (`id`, `nombre`, `apellido`, `cedula`, `fechanacimiento`, `direccion`, `cdaorecinto`, `contacto`, `contacto1`, `email`, `licencia`, `fechaingreso`, `sueldo`, `canton_id`, `rrharea_id`, `rrhcargo_id`, `rrhprofesion_id`, `sexo`, `estado`, `eliminar`, `ffoto`, `created_at`, `updated_at`) VALUES
	(1, 'ANGELO MARCOS', 'AVILES VALENZUELA', '0927990242', '1995-05-02', 'MILAGRO PEDRO CARBO Y CHIMBORAZO', 'Milagro Urbano', '0989142751', '0989214299', 'aavilesv@unemi.edu.ec', 'A+', '2021-04-01', 400.00, 2, 1, 1, 2, 1, 1, 1, '/storage/empleado/B0AvFaz6GONvZ5L555N9IFLrL4wP6AeBkwFzLuU5.jpg', '2021-04-28 12:11:43', '2021-04-28 12:11:43'),
	(2, 'CARLOS EDUARDO', 'BARRERA VINUEZA', '0955440326', '2000-04-28', 'CALLE AMAZONAS Y GENERAL CORDOVA', 'CDLA SAN ELIAS', '0961196166', NULL, 'eb026058@gmail.com', 'B', '2021-04-01', 400.00, 1, 3, 6, 5, 1, 1, 1, '/storage/empleado/LvcqsYf76jl7tT8vnevYitsbr9UWG6o6ImW8wpZz.jpg', '2021-05-10 15:20:28', '2021-05-10 15:20:29'),
	(3, 'JOHNNY SAMUEL', 'CEDEÑO RIOS', '0928067263', '2000-12-12', 'AV 9 DE OCTUBRE Y OSWALDO BACUY', 'CDLA XAVIER MARCOS', '0999912611', NULL, 'cedenojohnny15@gmail.com', NULL, '2021-01-02', 400.00, 1, 3, 5, 5, 1, 1, 1, '/storage/empleado/5B1wx5CQ51OFEzqWF7kJW7c4t8XqNkkYSzydhhim.jpg', '2021-05-10 15:24:55', '2021-05-10 15:24:55'),
	(4, 'EVELYN ANABELLE', 'ORTIZ LEON', '0919069948', '1993-02-09', 'AV GUAYAQUIL Y 24 DE MAYO', 'CDLA SANTA MARGARITA', '0960636911', NULL, 'evaortizl21@gmail.com', 'B', '2021-05-12', 400.00, 1, 2, 4, 3, 0, 1, 1, '/storage/empleado/9w7VO5CQHD9CZ0IRlBGtzEt77Tn7sw5d5VS2eNJw.jpg', '2021-05-10 15:26:03', '2021-05-10 15:35:51'),
	(5, 'KERLY DENNISSE', 'MENDEZ VALENCIA', '0921634291', '1995-09-26', 'CALLE TERCERA (IVAN DIAZ)', 'CDLA XAVIER MARCOS', '0990751117', '0042720554', 'kerlydennissemv@outlook.com', NULL, '2021-04-01', 400.00, 1, 2, 4, 4, 0, 1, 1, '/storage/empleado/rc3YHeXTSANGCbdlVfDwEMHjeFql0mOOVj20ucqs.jpg', '2021-05-10 15:29:14', '2021-05-10 15:29:14'),
	(7, 'VICTOR EDUARDO', 'MOLINA SIMANCA', '6105418112', '1993-06-07', 'CALLE JOSE FERRIN', 'CDLA XAVIER MARCOS', '0980676080', NULL, 'victoreduardotecnology@gmail.com', NULL, '2021-01-02', 400.00, 1, 3, 5, 5, 1, 1, 1, '/storage/empleado/jStMGcDiu4ZJPWxNoT8bFcLmpYTThM6nMD4TVDQ6.jpg', '2021-05-10 15:34:30', '2021-05-10 15:34:30'),
	(8, 'EFRAIN DAVID', 'GUAMAN YUPA', '0955606801', '1999-02-03', 'ABRAHAM BEDRAN Y OSWALDO BACUY', 'CDLA XAVIER MARCOS', '0981502326', NULL, 'davidguaman01@gmail.com', NULL, '2021-05-10', 300.00, 1, 3, 7, 5, 1, 1, 1, '/storage/empleado/Elaq8iypcoUgQPR1wpYnyT5xxiikAo01jpyYxcJX.jpg', '2021-05-13 11:23:09', '2021-05-13 11:23:10');
/*!40000 ALTER TABLE `rrhempleados` ENABLE KEYS */;

-- Volcando estructura para tabla appquantika.rrhprofesions
CREATE TABLE IF NOT EXISTS `rrhprofesions` (
  `id` bigint(20) unsigned NOT NULL AUTO_INCREMENT,
  `descripcion` varchar(60) COLLATE utf8mb4_unicode_ci NOT NULL,
  `estado` tinyint(1) NOT NULL DEFAULT 1,
  `created_at` timestamp NULL DEFAULT NULL,
  `updated_at` timestamp NULL DEFAULT NULL,
  PRIMARY KEY (`id`)
) ENGINE=InnoDB AUTO_INCREMENT=6 DEFAULT CHARSET=utf8mb4 COLLATE=utf8mb4_unicode_ci;

-- Volcando datos para la tabla appquantika.rrhprofesions: ~5 rows (aproximadamente)
/*!40000 ALTER TABLE `rrhprofesions` DISABLE KEYS */;
INSERT INTO `rrhprofesions` (`id`, `descripcion`, `estado`, `created_at`, `updated_at`) VALUES
	(1, 'Ingeniero en Redes', 1, '2021-04-28 11:44:51', '2021-04-28 11:44:51'),
	(2, 'Ingeniero En sistemas Computacionales', 1, '2021-04-28 11:45:10', '2021-04-28 11:45:10'),
	(3, 'Ingeniera en contaduría publica y auditoria', 1, '2021-04-28 11:46:14', '2021-04-28 11:46:14'),
	(4, 'Ingeniería en Marketing', 1, '2021-04-28 11:46:42', '2021-04-28 11:46:42'),
	(5, 'TRABAJADOR EN GENERAL', 1, '2021-05-10 15:11:41', '2021-05-10 15:11:41');
/*!40000 ALTER TABLE `rrhprofesions` ENABLE KEYS */;

-- Volcando estructura para tabla appquantika.rrhtipocontratos
CREATE TABLE IF NOT EXISTS `rrhtipocontratos` (
  `id` bigint(20) unsigned NOT NULL AUTO_INCREMENT,
  `descripcion` varchar(200) COLLATE utf8mb4_unicode_ci NOT NULL,
  `created_at` timestamp NULL DEFAULT NULL,
  `updated_at` timestamp NULL DEFAULT NULL,
  PRIMARY KEY (`id`)
) ENGINE=InnoDB DEFAULT CHARSET=utf8mb4 COLLATE=utf8mb4_unicode_ci;

-- Volcando datos para la tabla appquantika.rrhtipocontratos: ~0 rows (aproximadamente)
/*!40000 ALTER TABLE `rrhtipocontratos` DISABLE KEYS */;
/*!40000 ALTER TABLE `rrhtipocontratos` ENABLE KEYS */;

-- Volcando estructura para tabla appquantika.salidas
CREATE TABLE IF NOT EXISTS `salidas` (
  `id` bigint(20) unsigned NOT NULL AUTO_INCREMENT,
  `factura` varchar(50) COLLATE utf8mb4_unicode_ci DEFAULT '00000',
  `fecha` date DEFAULT current_timestamp(),
  `accion` text COLLATE utf8mb4_unicode_ci DEFAULT '',
  `cantidad` bigint(20) DEFAULT 0,
  `codigo` varchar(50) COLLATE utf8mb4_unicode_ci DEFAULT '0000000000',
  `codig` varchar(6) COLLATE utf8mb4_unicode_ci DEFAULT '000000',
  `cliente` varchar(80) COLLATE utf8mb4_unicode_ci DEFAULT 'Aún sin dato',
  `articulo` varchar(80) COLLATE utf8mb4_unicode_ci DEFAULT 'Aún sin dato',
  `created_at` timestamp NULL DEFAULT NULL,
  `updated_at` timestamp NULL DEFAULT NULL,
  PRIMARY KEY (`id`)
) ENGINE=InnoDB DEFAULT CHARSET=utf8mb4 COLLATE=utf8mb4_unicode_ci;

-- Volcando datos para la tabla appquantika.salidas: ~0 rows (aproximadamente)
/*!40000 ALTER TABLE `salidas` DISABLE KEYS */;
/*!40000 ALTER TABLE `salidas` ENABLE KEYS */;

-- Volcando estructura para tabla appquantika.soportefibras
CREATE TABLE IF NOT EXISTS `soportefibras` (
  `id` bigint(20) unsigned NOT NULL AUTO_INCREMENT,
  `conu` tinyint(1) DEFAULT NULL,
  `crouter` tinyint(1) DEFAULT NULL,
  `ccambiowiffi` tinyint(1) DEFAULT NULL,
  `arouter` tinyint(1) DEFAULT NULL,
  `idbm` varchar(255) COLLATE utf8mb4_unicode_ci DEFAULT NULL,
  `iupc` varchar(255) COLLATE utf8mb4_unicode_ci DEFAULT NULL,
  `iapc` varchar(255) COLLATE utf8mb4_unicode_ci DEFAULT NULL,
  `iodb` varchar(255) COLLATE utf8mb4_unicode_ci DEFAULT NULL,
  `iconectores` tinyint(1) DEFAULT NULL,
  `irouter` tinyint(1) DEFAULT NULL,
  `icablered` tinyint(1) DEFAULT NULL,
  `inconectores` varchar(255) COLLATE utf8mb4_unicode_ci DEFAULT NULL,
  `inmarcadelrouter` varchar(255) COLLATE utf8mb4_unicode_ci DEFAULT NULL,
  `ionunueva` varchar(255) COLLATE utf8mb4_unicode_ci DEFAULT NULL,
  `imetroscable` varchar(255) COLLATE utf8mb4_unicode_ci DEFAULT NULL,
  `ionuanterior` varchar(255) COLLATE utf8mb4_unicode_ci DEFAULT NULL,
  `icablefibra` tinyint(1) DEFAULT NULL,
  `novedad_id` bigint(20) unsigned NOT NULL,
  `nombre` varchar(200) COLLATE utf8mb4_unicode_ci DEFAULT 'Sin Dato',
  `fecha` date DEFAULT NULL,
  `usuario` varchar(255) COLLATE utf8mb4_unicode_ci DEFAULT NULL,
  `nombreresponsable` varchar(200) COLLATE utf8mb4_unicode_ci DEFAULT 'Sin Dato',
  `parentescoresponsable` varchar(200) COLLATE utf8mb4_unicode_ci DEFAULT 'Sin Dato',
  `horallegada` time DEFAULT NULL,
  `horasalida` time DEFAULT NULL,
  `observaciones` text COLLATE utf8mb4_unicode_ci DEFAULT NULL,
  `created_at` timestamp NULL DEFAULT NULL,
  `updated_at` timestamp NULL DEFAULT NULL,
  PRIMARY KEY (`id`),
  KEY `soportefibras_novedad_id_foreign` (`novedad_id`),
  CONSTRAINT `soportefibras_novedad_id_foreign` FOREIGN KEY (`novedad_id`) REFERENCES `novedads` (`id`) ON DELETE CASCADE
) ENGINE=InnoDB AUTO_INCREMENT=2 DEFAULT CHARSET=utf8mb4 COLLATE=utf8mb4_unicode_ci;

-- Volcando datos para la tabla appquantika.soportefibras: ~0 rows (aproximadamente)
/*!40000 ALTER TABLE `soportefibras` DISABLE KEYS */;
INSERT INTO `soportefibras` (`id`, `conu`, `crouter`, `ccambiowiffi`, `arouter`, `idbm`, `iupc`, `iapc`, `iodb`, `iconectores`, `irouter`, `icablered`, `inconectores`, `inmarcadelrouter`, `ionunueva`, `imetroscable`, `ionuanterior`, `icablefibra`, `novedad_id`, `nombre`, `fecha`, `usuario`, `nombreresponsable`, `parentescoresponsable`, `horallegada`, `horasalida`, `observaciones`, `created_at`, `updated_at`) VALUES
	(1, NULL, NULL, NULL, NULL, 'werwer', NULL, NULL, NULL, NULL, NULL, NULL, NULL, NULL, NULL, 'erwerer', NULL, NULL, 3, 'Sin Dato', '2021-07-14', 'werwerwe', 'werwer', 'werwerwe', '11:04:00', '11:04:00', 'werwerweer', '2021-07-14 11:04:39', '2021-07-14 11:04:39');
/*!40000 ALTER TABLE `soportefibras` ENABLE KEYS */;

-- Volcando estructura para tabla appquantika.soporteradios
CREATE TABLE IF NOT EXISTS `soporteradios` (
  `id` bigint(20) unsigned NOT NULL AUTO_INCREMENT,
  `cantena` tinyint(1) DEFAULT NULL,
  `crouter` tinyint(1) DEFAULT NULL,
  `ccambiowiffi` tinyint(1) DEFAULT NULL,
  `cfrecuencias` tinyint(1) DEFAULT NULL,
  `cap` varchar(100) COLLATE utf8mb4_unicode_ci DEFAULT NULL,
  `cip` varchar(100) COLLATE utf8mb4_unicode_ci DEFAULT NULL,
  `cred` varchar(100) COLLATE utf8mb4_unicode_ci DEFAULT NULL,
  `aanterior` tinyint(1) DEFAULT NULL,
  `arouter` tinyint(1) DEFAULT NULL,
  `accq` varchar(255) COLLATE utf8mb4_unicode_ci DEFAULT NULL,
  `aseñal` varchar(255) COLLATE utf8mb4_unicode_ci DEFAULT NULL,
  `iconectores` tinyint(1) DEFAULT NULL,
  `irouter` tinyint(1) DEFAULT NULL,
  `ipoe` tinyint(1) DEFAULT NULL,
  `inconectores` varchar(255) COLLATE utf8mb4_unicode_ci DEFAULT NULL,
  `imarcadelrouter` varchar(255) COLLATE utf8mb4_unicode_ci DEFAULT NULL,
  `iantenaanterior` varchar(255) COLLATE utf8mb4_unicode_ci DEFAULT NULL,
  `iantenanueva` varchar(255) COLLATE utf8mb4_unicode_ci DEFAULT NULL,
  `imetroscable` varchar(255) COLLATE utf8mb4_unicode_ci DEFAULT NULL,
  `itubogalvanizado` tinyint(1) DEFAULT NULL,
  `icable` tinyint(1) DEFAULT NULL,
  `iadicionocaña` tinyint(1) DEFAULT NULL,
  `ituboaluminio` tinyint(1) DEFAULT NULL,
  `novedad_id` bigint(20) unsigned NOT NULL,
  `fecha` date DEFAULT NULL,
  `usuario` varchar(255) COLLATE utf8mb4_unicode_ci DEFAULT NULL,
  `horallegada` time DEFAULT NULL,
  `horasalida` time DEFAULT NULL,
  `observaciones` text COLLATE utf8mb4_unicode_ci DEFAULT NULL,
  `nombre` varchar(200) COLLATE utf8mb4_unicode_ci DEFAULT 'Sin Dato',
  `nombreresponsable` varchar(200) COLLATE utf8mb4_unicode_ci DEFAULT 'Sin Dato',
  `parentescoresponsable` varchar(200) COLLATE utf8mb4_unicode_ci DEFAULT 'Sin Dato',
  `created_at` timestamp NULL DEFAULT NULL,
  `updated_at` timestamp NULL DEFAULT NULL,
  PRIMARY KEY (`id`),
  KEY `soporteradios_novedad_id_foreign` (`novedad_id`),
  CONSTRAINT `soporteradios_novedad_id_foreign` FOREIGN KEY (`novedad_id`) REFERENCES `novedads` (`id`) ON DELETE CASCADE
) ENGINE=InnoDB AUTO_INCREMENT=5 DEFAULT CHARSET=utf8mb4 COLLATE=utf8mb4_unicode_ci;

-- Volcando datos para la tabla appquantika.soporteradios: ~2 rows (aproximadamente)
/*!40000 ALTER TABLE `soporteradios` DISABLE KEYS */;
INSERT INTO `soporteradios` (`id`, `cantena`, `crouter`, `ccambiowiffi`, `cfrecuencias`, `cap`, `cip`, `cred`, `aanterior`, `arouter`, `accq`, `aseñal`, `iconectores`, `irouter`, `ipoe`, `inconectores`, `imarcadelrouter`, `iantenaanterior`, `iantenanueva`, `imetroscable`, `itubogalvanizado`, `icable`, `iadicionocaña`, `ituboaluminio`, `novedad_id`, `fecha`, `usuario`, `horallegada`, `horasalida`, `observaciones`, `nombre`, `nombreresponsable`, `parentescoresponsable`, `created_at`, `updated_at`) VALUES
	(1, NULL, NULL, NULL, NULL, '234234', '23423', '234234', NULL, NULL, NULL, NULL, 1, 1, NULL, NULL, NULL, NULL, NULL, NULL, NULL, NULL, NULL, NULL, 2, '2021-07-08', '234234', '17:35:00', '17:35:00', '234234234', 'Sin Dato', 'Sin Dato', 'Sin Dato', '2021-07-08 17:35:41', '2021-07-08 17:35:41'),
	(2, NULL, NULL, NULL, NULL, '234234', '23423', '234234', NULL, NULL, NULL, NULL, 1, 1, NULL, NULL, NULL, NULL, NULL, NULL, NULL, NULL, NULL, NULL, 2, '2021-07-08', '234234', '17:35:00', '17:35:00', '234234234', 'Sin Dato', 'Sin Dato', 'Sin Dato', '2021-07-08 17:35:42', '2021-07-08 17:35:42'),
	(3, NULL, NULL, NULL, NULL, '234234', '23423', '234234', NULL, NULL, NULL, NULL, 1, 1, NULL, NULL, NULL, NULL, NULL, NULL, NULL, NULL, NULL, NULL, 2, '2021-07-08', '234234', '17:35:00', '17:35:00', '234234234', 'Sin Dato', 'Sin Dato', 'Sin Dato', '2021-07-08 17:35:42', '2021-07-08 17:35:42'),
	(4, NULL, NULL, NULL, NULL, NULL, '34234ds', NULL, NULL, NULL, NULL, NULL, NULL, NULL, NULL, NULL, NULL, NULL, NULL, 'sdfsdfsdwrwerwwwwwwwwwww', NULL, NULL, NULL, NULL, 4, '2021-07-14', '3e43243', '10:30:00', '10:30:00', NULL, 'Sin Dato', 'eerewereeeeeeeee', 'Sin Dato', '2021-07-14 10:34:59', '2021-07-14 10:34:59');
/*!40000 ALTER TABLE `soporteradios` ENABLE KEYS */;

-- Volcando estructura para tabla appquantika.users
CREATE TABLE IF NOT EXISTS `users` (
  `id` bigint(20) unsigned NOT NULL AUTO_INCREMENT,
  `image` varchar(255) COLLATE utf8mb4_unicode_ci DEFAULT NULL,
  `nombre` varchar(255) COLLATE utf8mb4_unicode_ci NOT NULL,
  `apellido` varchar(255) COLLATE utf8mb4_unicode_ci NOT NULL,
  `email` varchar(255) COLLATE utf8mb4_unicode_ci NOT NULL,
  `cedula` varchar(255) COLLATE utf8mb4_unicode_ci NOT NULL,
  `direccion` varchar(255) COLLATE utf8mb4_unicode_ci NOT NULL,
  `telefono` varchar(255) COLLATE utf8mb4_unicode_ci NOT NULL,
  `nacimiento` date NOT NULL,
  `email_verified_at` timestamp NULL DEFAULT NULL,
  `password` varchar(255) COLLATE utf8mb4_unicode_ci NOT NULL,
  `remember_token` varchar(100) COLLATE utf8mb4_unicode_ci DEFAULT NULL,
  `created_at` timestamp NULL DEFAULT NULL,
  `updated_at` timestamp NULL DEFAULT NULL,
  PRIMARY KEY (`id`),
  UNIQUE KEY `users_email_unique` (`email`),
  UNIQUE KEY `users_cedula_unique` (`cedula`)
) ENGINE=InnoDB AUTO_INCREMENT=8 DEFAULT CHARSET=utf8mb4 COLLATE=utf8mb4_unicode_ci;

-- Volcando datos para la tabla appquantika.users: ~7 rows (aproximadamente)
/*!40000 ALTER TABLE `users` DISABLE KEYS */;
INSERT INTO `users` (`id`, `image`, `nombre`, `apellido`, `email`, `cedula`, `direccion`, `telefono`, `nacimiento`, `email_verified_at`, `password`, `remember_token`, `created_at`, `updated_at`) VALUES
	(1, '/storage/usuario/reSCabc5MRgn7C5wAlm5J8G2JTOQTjIJ9vi23faJ.jpg', 'ANGELO MARCOS', 'AVILES VALENZUELA', 'aavilesv@unemi.edu.ec', '0927990242', 'MILAGRO PEDRO CARBO Y CHIMBORAZO', '09891427551', '1995-05-02', '2021-06-25 11:10:53', '$2y$10$lVkAkKq6VJFBdiOyUzfvPuShkto7ntzlcT0Y3.h9mX/tAEXAPgIoy', 'TCdzcI7wYx', '2021-06-25 11:10:53', '2021-06-25 11:10:53'),
	(2, '/storage/usuario/kB87IIKvMZOeF3heejrZZjWu5khBeOCbQomJ7Do0.jpg', 'CARLOS EDUARDO', 'BARRERA VINUEZA', 'eb026058@gmail.com', '0955440326', 'CDLA SAN ELIAS CALLE AMAZONAS Y GENERAL CORDOVA', '0961196166', '2000-04-28', '2021-06-25 11:10:54', '$2y$10$zrHuTig9exrdcpkpYV41weDZQPsT3rgSeHlUJLR.CSCpniZ15B5mm', 'UdoRSwhnQr', '2021-06-25 11:10:54', '2021-06-25 11:10:54'),
	(3, '/storage/usuario/kmZAjD8O9JG28Zi3hXrueW3xCPJE1pVUCDra6wA9.jpg', 'JOHNNY SAMUEL', 'CEDEÑO RIOS', 'cedenojohnny15@gmail.com', '0928067263', 'CDLA XAVIER MARCOS AV 9 DE OCTUBRE Y OSWALDO BACUY', '0999912611', '2000-12-12', '2021-06-25 11:10:54', '$2y$10$1t8q/..IfJDS28FXglh5/eLimsztGfgsWD2e7/pLOAU0TG9sjRpy2', 'lyGGmAlDqa', '2021-06-25 11:10:54', '2021-06-25 11:10:54'),
	(4, '/storage/usuario/pvH82JlpBTJT3VAh05JXFqbshsx5PWwkPbbnhIcj.jpg', 'KERLY DENNISSE', 'MÉNDEZ VALENCIA', 'kerlydennissemv@outlook.com', '0921634291', 'CDLA XAVIER MARCOS 3ERA CALLE IVAN DIAZ', '0990751117', '1995-09-26', '2021-06-25 11:10:54', '$2y$10$FGseGXNEzqrKvrN5088jxuKtQ.zqZZVy4NslG8LtrGjyrpJzqIUjm', '2Bb0dX56q3', '2021-06-25 11:10:54', '2021-06-25 11:10:54'),
	(5, '/storage/usuario/QMvIzPwgtEQt8lu3Yit1RCnihp3UztULDs9R7phL.jpg', 'VICTOR EDUARDO', 'MOLINA SIMANCA', 'victoreduardotecnology@gmail.com', '6105418112', 'CDLA XAVIER MARCOS CALLE JOSE FERRIN', '0980676080', '1993-07-07', '2021-06-25 11:10:54', '$2y$10$GzMqnj0VTKA85V8W57UpKORL5TwsN1Pw1xddazPHnlgbIwmWli/0u', 'PAOS4ONg2H', '2021-06-25 11:10:54', '2021-06-25 11:10:54'),
	(6, '/storage/usuario/u63lqiEX08HRoqUUABNsFTMOZzMWD0BD2F1UBAhE.jpg', 'EVELYN ANABELLE', 'ORTIZ LEON', 'evaortizl21@gmail.com', '0919069948', 'CDLA SANTA MARGARITA AV GUAYAQUIL Y 24 DE MAYO', '0960636911', '1993-02-09', '2021-06-25 11:10:54', '$2y$10$UvwX6iyJztUYeeQUsvJTQe30sWhdRuGvjbIAjOS24pOTIJC64Gh96', 'vEY6WToic3', '2021-06-25 11:10:54', '2021-06-25 11:10:54'),
	(7, '/storage/usuario/0ITyy1IW9eBHA6TXqpMcBqgxNtcUwKR93CrK4XYg.jpg', 'LUIS CRISTOBAL', 'ROSALES CEVALLOS', 'luisaxel2021@outlook.com', '0928416973', 'CDLA JAIME ROLDOS CALLE NICOLAS BARRERA Y CARMEN BARRERA', '0962096997', '1990-09-20', '2021-06-25 11:10:54', '$2y$10$4vokjCn5WdbwZYbci4ka0OMmURNOZu5GBsSRTkuRmfgYCW6ZmMLDq', 'riRer8X0nZ', '2021-06-25 11:10:54', '2021-06-25 11:10:54');
/*!40000 ALTER TABLE `users` ENABLE KEYS */;

/*!40101 SET SQL_MODE=IFNULL(@OLD_SQL_MODE, '') */;
/*!40014 SET FOREIGN_KEY_CHECKS=IFNULL(@OLD_FOREIGN_KEY_CHECKS, 1) */;
/*!40101 SET CHARACTER_SET_CLIENT=@OLD_CHARACTER_SET_CLIENT */;
/*!40111 SET SQL_NOTES=IFNULL(@OLD_SQL_NOTES, 1) */;
